table,row_id,action,reason
transactions,T0000186,quarantined,customer C800303 has no master record
transactions,T0000312,quarantined,customer C800247 has no master record
transactions,T0000515,quarantined,customer C800330 has no master record
transactions,T0000576,quarantined,customer C800436 has no master record
transactions,T0000577,quarantined,customer C800436 has no master record
transactions,T0000578,quarantined,customer C800436 has no master record
transactions,T0000827,quarantined,customer C800149 has no master record
transactions,T0000828,quarantined,customer C800149 has no master record
transactions,T0001183,quarantined,customer C800269 has no master record
transactions,T0001184,quarantined,customer C800269 has no master record
transactions,T0001185,quarantined,customer C800269 has no master record
transactions,T0001186,quarantined,customer C800269 has no master record
transactions,T0001464,quarantined,customer C800056 has no master record
transactions,T0001465,quarantined,customer C800056 has no master record
transactions,T0001466,quarantined,customer C800056 has no master record
transactions,T0001548,quarantined,customer C800312 has no master record
transactions,T0001549,quarantined,customer C800312 has no master record
transactions,T0001550,quarantined,customer C800312 has no master record
transactions,T0001551,quarantined,customer C800312 has no master record
transactions,T0002117,quarantined,customer C800292 has no master record
transactions,T0002206,quarantined,customer C800230 has no master record
transactions,T0002393,quarantined,customer C800138 has no master record
transactions,T0002394,quarantined,customer C800138 has no master record
transactions,T0002395,quarantined,customer C800138 has no master record
transactions,T0002396,quarantined,customer C800138 has no master record
transactions,T0002521,quarantined,customer C800207 has no master record
transactions,T0002522,quarantined,customer C800207 has no master record
transactions,T0002523,quarantined,customer C800207 has no master record
transactions,T0002562,quarantined,customer C800062 has no master record
transactions,T0002563,quarantined,customer C800062 has no master record
transactions,T0002564,quarantined,customer C800062 has no master record
transactions,T0003010,quarantined,customer C800365 has no master record
transactions,T0003011,quarantined,customer C800365 has no master record
transactions,T0003012,quarantined,customer C800365 has no master record
transactions,T0003071,quarantined,customer C800014 has no master record
transactions,T0003095,quarantined,customer C800358 has no master record
transactions,T0003096,quarantined,customer C800358 has no master record
transactions,T0003097,quarantined,customer C800358 has no master record
transactions,T0003098,quarantined,customer C800358 has no master record
transactions,T0003556,quarantined,customer C800118 has no master record
transactions,T0003557,quarantined,customer C800118 has no master record
transactions,T0003560,quarantined,customer C800019 has no master record
transactions,T0003561,quarantined,customer C800019 has no master record
transactions,T0003597,quarantined,customer C800016 has no master record
transactions,T0003912,quarantined,customer C800020 has no master record
transactions,T0003913,quarantined,customer C800020 has no master record
transactions,T0003914,quarantined,customer C800020 has no master record
transactions,T0003915,quarantined,customer C800020 has no master record
transactions,T0003916,quarantined,customer C800020 has no master record
transactions,T0003917,quarantined,customer C800020 has no master record
transactions,T0004014,quarantined,customer C800195 has no master record
transactions,T0004110,quarantined,customer C800209 has no master record
transactions,T0004111,quarantined,customer C800209 has no master record
transactions,T0004112,quarantined,customer C800209 has no master record
transactions,T0004114,quarantined,customer C800077 has no master record
transactions,T0004384,quarantined,customer C800071 has no master record
transactions,T0004385,quarantined,customer C800071 has no master record
transactions,T0005239,quarantined,customer C800446 has no master record
transactions,T0005240,quarantined,customer C800446 has no master record
transactions,T0005241,quarantined,customer C800446 has no master record
transactions,T0005242,quarantined,customer C800446 has no master record
transactions,T0005970,quarantined,customer C800438 has no master record
transactions,T0006170,quarantined,customer C800068 has no master record
transactions,T0006171,quarantined,customer C800068 has no master record
transactions,T0006344,quarantined,customer C800088 has no master record
transactions,T0006368,quarantined,customer C800309 has no master record
transactions,T0006369,quarantined,customer C800309 has no master record
transactions,T0006558,quarantined,customer C800103 has no master record
transactions,T0006559,quarantined,customer C800103 has no master record
transactions,T0006575,quarantined,customer C800427 has no master record
transactions,T0006761,quarantined,customer C800237 has no master record
transactions,T0006762,quarantined,customer C800237 has no master record
transactions,T0006763,quarantined,customer C800237 has no master record
transactions,T0006924,quarantined,customer C800137 has no master record
transactions,T0006925,quarantined,customer C800137 has no master record
transactions,T0007155,quarantined,customer C800376 has no master record
transactions,T0007257,quarantined,customer C800443 has no master record
transactions,T0007951,quarantined,customer C800222 has no master record
transactions,T0007952,quarantined,customer C800222 has no master record
transactions,T0007953,quarantined,customer C800222 has no master record
transactions,T0007980,quarantined,customer C800183 has no master record
transactions,T0007981,quarantined,customer C800183 has no master record
transactions,T0008019,quarantined,customer C800063 has no master record
transactions,T0008020,quarantined,customer C800063 has no master record
transactions,T0008021,quarantined,customer C800063 has no master record
transactions,T0008576,quarantined,customer C800120 has no master record
transactions,T0008577,quarantined,customer C800120 has no master record
transactions,T0008616,quarantined,customer C800277 has no master record
transactions,T0008619,quarantined,customer C800342 has no master record
transactions,T0008660,quarantined,customer C800036 has no master record
transactions,T0008839,quarantined,customer C800134 has no master record
transactions,T0008840,quarantined,customer C800134 has no master record
transactions,T0008841,quarantined,customer C800134 has no master record
transactions,T0008842,quarantined,customer C800134 has no master record
transactions,T0009245,quarantined,customer C800390 has no master record
transactions,T0009246,quarantined,customer C800390 has no master record
transactions,T0009247,quarantined,customer C800390 has no master record
transactions,T0009248,quarantined,customer C800390 has no master record
transactions,T0009249,quarantined,customer C800390 has no master record
transactions,T0009250,quarantined,customer C800390 has no master record
transactions,T0009396,quarantined,customer C800188 has no master record
transactions,T0009585,quarantined,customer C800115 has no master record
transactions,T0009586,quarantined,customer C800115 has no master record
transactions,T0009677,quarantined,customer C800136 has no master record
transactions,T0009678,quarantined,customer C800136 has no master record
transactions,T0009679,quarantined,customer C800136 has no master record
transactions,T0009695,quarantined,customer C800219 has no master record
transactions,T0009696,quarantined,customer C800219 has no master record
transactions,T0009697,quarantined,customer C800219 has no master record
transactions,T0009698,quarantined,customer C800219 has no master record
transactions,T0009699,quarantined,customer C800219 has no master record
transactions,T0009777,quarantined,customer C800147 has no master record
transactions,T0009904,quarantined,customer C800180 has no master record
transactions,T0009905,quarantined,customer C800180 has no master record
transactions,T0009906,quarantined,customer C800180 has no master record
transactions,T0010159,quarantined,customer C800226 has no master record
transactions,T0010160,quarantined,customer C800226 has no master record
transactions,T0010666,quarantined,customer C800450 has no master record
transactions,T0010667,quarantined,customer C800450 has no master record
transactions,T0010684,quarantined,customer C800082 has no master record
transactions,T0011310,quarantined,customer C800065 has no master record
transactions,T0011512,quarantined,customer C800324 has no master record
transactions,T0011513,quarantined,customer C800324 has no master record
transactions,T0012491,quarantined,customer C800258 has no master record
transactions,T0012492,quarantined,customer C800258 has no master record
transactions,T0012510,quarantined,customer C800396 has no master record
transactions,T0012511,quarantined,customer C800396 has no master record
transactions,T0012924,quarantined,customer C800398 has no master record
transactions,T0012925,quarantined,customer C800398 has no master record
transactions,T0012926,quarantined,customer C800398 has no master record
transactions,T0012927,quarantined,customer C800398 has no master record
transactions,T0012990,quarantined,customer C800379 has no master record
transactions,T0012991,quarantined,customer C800379 has no master record
transactions,T0012992,quarantined,customer C800379 has no master record
transactions,T0013630,quarantined,customer C800224 has no master record
transactions,T0013631,quarantined,customer C800224 has no master record
transactions,T0013917,quarantined,customer C800435 has no master record
transactions,T0013918,quarantined,customer C800435 has no master record
transactions,T0013919,quarantined,customer C800435 has no master record
transactions,T0014145,quarantined,customer C800487 has no master record
transactions,T0014146,quarantined,customer C800487 has no master record
transactions,T0014147,quarantined,customer C800487 has no master record
transactions,T0014375,quarantined,customer C800011 has no master record
transactions,T0014376,quarantined,customer C800011 has no master record
transactions,T0014377,quarantined,customer C800011 has no master record
transactions,T0014378,quarantined,customer C800011 has no master record
transactions,T0014543,quarantined,customer C800253 has no master record
transactions,T0014623,quarantined,customer C800148 has no master record
transactions,T0014764,quarantined,customer C800485 has no master record
transactions,T0014765,quarantined,customer C800485 has no master record
transactions,T0014766,quarantined,customer C800485 has no master record
transactions,T0014817,quarantined,customer C800227 has no master record
transactions,T0015049,quarantined,customer C800176 has no master record
transactions,T0015097,quarantined,customer C800246 has no master record
transactions,T0015098,quarantined,customer C800246 has no master record
transactions,T0015099,quarantined,customer C800246 has no master record
transactions,T0015100,quarantined,customer C800246 has no master record
transactions,T0015101,quarantined,customer C800246 has no master record
transactions,T0015386,quarantined,customer C800026 has no master record
transactions,T0015387,quarantined,customer C800026 has no master record
transactions,T0015537,quarantined,customer C800033 has no master record
transactions,T0015538,quarantined,customer C800033 has no master record
transactions,T0015539,quarantined,customer C800033 has no master record
transactions,T0015540,quarantined,customer C800033 has no master record
transactions,T0015541,quarantined,customer C800033 has no master record
transactions,T0016009,quarantined,customer C800282 has no master record
transactions,T0016481,quarantined,customer C800214 has no master record
transactions,T0016541,quarantined,customer C800371 has no master record
transactions,T0016748,quarantined,customer C800331 has no master record
transactions,T0016749,quarantined,customer C800331 has no master record
transactions,T0016750,quarantined,customer C800331 has no master record
transactions,T0016751,quarantined,customer C800331 has no master record
transactions,T0016752,quarantined,customer C800331 has no master record
transactions,T0017192,quarantined,customer C800286 has no master record
transactions,T0017193,quarantined,customer C800286 has no master record
transactions,T0017194,quarantined,customer C800286 has no master record
transactions,T0017466,quarantined,customer C800281 has no master record
transactions,T0017481,quarantined,customer C800039 has no master record
transactions,T0017482,quarantined,customer C800039 has no master record
transactions,T0017483,quarantined,customer C800039 has no master record
transactions,T0017484,quarantined,customer C800039 has no master record
transactions,T0017485,quarantined,customer C800039 has no master record
transactions,T0018329,quarantined,customer C800191 has no master record
transactions,T0018330,quarantined,customer C800191 has no master record
transactions,T0018406,quarantined,customer C800307 has no master record
transactions,T0018477,quarantined,customer C800260 has no master record
transactions,T0018772,quarantined,customer C800158 has no master record
transactions,T0018885,quarantined,customer C800491 has no master record
transactions,T0018886,quarantined,customer C800491 has no master record
transactions,T0018887,quarantined,customer C800491 has no master record
transactions,T0019022,quarantined,customer C800228 has no master record
transactions,T0019023,quarantined,customer C800228 has no master record
transactions,T0019175,quarantined,customer C800476 has no master record
transactions,T0019176,quarantined,customer C800476 has no master record
transactions,T0019213,quarantined,customer C800406 has no master record
transactions,T0019413,quarantined,customer C800250 has no master record
transactions,T0019598,quarantined,customer C800239 has no master record
transactions,T0019599,quarantined,customer C800239 has no master record
transactions,T0019653,quarantined,customer C800009 has no master record
transactions,T0019654,quarantined,customer C800009 has no master record
transactions,T0019655,quarantined,customer C800009 has no master record
transactions,T0019656,quarantined,customer C800009 has no master record
transactions,T0019657,quarantined,customer C800009 has no master record
transactions,T0019658,quarantined,customer C800009 has no master record
transactions,T0019664,quarantined,customer C800181 has no master record
transactions,T0019861,quarantined,customer C800447 has no master record
transactions,T0019978,quarantined,customer C800393 has no master record
transactions,T0020661,quarantined,customer C800473 has no master record
transactions,T0020890,quarantined,customer C800388 has no master record
transactions,T0021208,quarantined,customer C800075 has no master record
transactions,T0021209,quarantined,customer C800075 has no master record
transactions,T0021337,quarantined,customer C800044 has no master record
transactions,T0021338,quarantined,customer C800044 has no master record
transactions,T0021339,quarantined,customer C800044 has no master record
transactions,T0021340,quarantined,customer C800044 has no master record
transactions,T0021425,quarantined,customer C800197 has no master record
transactions,T0021426,quarantined,customer C800197 has no master record
transactions,T0021488,quarantined,customer C800381 has no master record
transactions,T0021489,quarantined,customer C800381 has no master record
transactions,T0021500,quarantined,customer C800156 has no master record
transactions,T0021682,quarantined,customer C800463 has no master record
transactions,T0021683,quarantined,customer C800463 has no master record
transactions,T0021684,quarantined,customer C800463 has no master record
transactions,T0021871,quarantined,customer C800266 has no master record
transactions,T0021872,quarantined,customer C800266 has no master record
transactions,T0022076,quarantined,customer C800189 has no master record
transactions,T0022423,quarantined,customer C800297 has no master record
transactions,T0022479,quarantined,customer C800129 has no master record
transactions,T0022919,quarantined,customer C800046 has no master record
transactions,T0022920,quarantined,customer C800046 has no master record
transactions,T0023059,quarantined,customer C800166 has no master record
transactions,T0023060,quarantined,customer C800166 has no master record
transactions,T0023061,quarantined,customer C800372 has no master record
transactions,T0023062,quarantined,customer C800372 has no master record
transactions,T0023063,quarantined,customer C800372 has no master record
transactions,T0023064,quarantined,customer C800372 has no master record
transactions,T0023227,quarantined,customer C800119 has no master record
transactions,T0023228,quarantined,customer C800119 has no master record
transactions,T0023320,quarantined,customer C800229 has no master record
transactions,T0023321,quarantined,customer C800229 has no master record
transactions,T0023322,quarantined,customer C800229 has no master record
transactions,T0023348,quarantined,customer C800133 has no master record
transactions,T0023737,quarantined,customer C800305 has no master record
transactions,T0023738,quarantined,customer C800305 has no master record
transactions,T0023739,quarantined,customer C800305 has no master record
transactions,T0023740,quarantined,customer C800305 has no master record
transactions,T0023876,quarantined,customer C800042 has no master record
transactions,T0023877,quarantined,customer C800042 has no master record
transactions,T0024220,quarantined,customer C800155 has no master record
transactions,T0024456,quarantined,customer C800337 has no master record
transactions,T0024473,quarantined,customer C800051 has no master record
transactions,T0024831,quarantined,customer C800304 has no master record
transactions,T0025099,quarantined,customer C800049 has no master record
transactions,T0025100,quarantined,customer C800049 has no master record
transactions,T0025101,quarantined,customer C800049 has no master record
transactions,T0025102,quarantined,customer C800049 has no master record
transactions,T0025217,quarantined,customer C800030 has no master record
transactions,T0025689,quarantined,customer C800428 has no master record
transactions,T0025690,quarantined,customer C800428 has no master record
transactions,T0025817,quarantined,customer C800116 has no master record
transactions,T0025866,quarantined,customer C800126 has no master record
transactions,T0025867,quarantined,customer C800126 has no master record
transactions,T0026185,quarantined,customer C800080 has no master record
transactions,T0026186,quarantined,customer C800080 has no master record
transactions,T0026187,quarantined,customer C800080 has no master record
transactions,T0026188,quarantined,customer C800080 has no master record
transactions,T0026189,quarantined,customer C800080 has no master record
transactions,T0026190,quarantined,customer C800080 has no master record
transactions,T0026442,quarantined,customer C800338 has no master record
transactions,T0026443,quarantined,customer C800338 has no master record
transactions,T0026700,quarantined,customer C800359 has no master record
transactions,T0026701,quarantined,customer C800359 has no master record
transactions,T0027149,quarantined,customer C800368 has no master record
transactions,T0027150,quarantined,customer C800368 has no master record
transactions,T0027151,quarantined,customer C800368 has no master record
transactions,T0027331,quarantined,customer C800355 has no master record
transactions,T0027332,quarantined,customer C800355 has no master record
transactions,T0027333,quarantined,customer C800355 has no master record
transactions,T0027587,quarantined,customer C800218 has no master record
transactions,T0027588,quarantined,customer C800218 has no master record
transactions,T0027637,quarantined,customer C800448 has no master record
transactions,T0027728,quarantined,customer C800008 has no master record
transactions,T0027729,quarantined,customer C800008 has no master record
transactions,T0027730,quarantined,customer C800008 has no master record
transactions,T0027752,quarantined,customer C800449 has no master record
transactions,T0027873,quarantined,customer C800499 has no master record
transactions,T0027874,quarantined,customer C800499 has no master record
transactions,T0028299,quarantined,customer C800482 has no master record
transactions,T0028358,quarantined,customer C800422 has no master record
transactions,T0028507,quarantined,customer C800419 has no master record
transactions,T0028508,quarantined,customer C800419 has no master record
transactions,T0028509,quarantined,customer C800419 has no master record
transactions,T0028510,quarantined,customer C800419 has no master record
transactions,T0028748,quarantined,customer C800402 has no master record
transactions,T0028749,quarantined,customer C800402 has no master record
transactions,T0028750,quarantined,customer C800402 has no master record
transactions,T0029069,quarantined,customer C800212 has no master record
transactions,T0029070,quarantined,customer C800212 has no master record
transactions,T0029071,quarantined,customer C800212 has no master record
transactions,T0029192,quarantined,customer C800153 has no master record
transactions,T0029693,quarantined,customer C800200 has no master record
transactions,T0029694,quarantined,customer C800200 has no master record
transactions,T0029695,quarantined,customer C800200 has no master record
transactions,T0029856,quarantined,customer C800004 has no master record
transactions,T0029857,quarantined,customer C800004 has no master record
transactions,T0029880,quarantined,customer C800370 has no master record
transactions,T0030236,quarantined,customer C800284 has no master record
transactions,T0030436,quarantined,customer C800125 has no master record
transactions,T0030705,quarantined,customer C800288 has no master record
transactions,T0030729,quarantined,customer C800404 has no master record
transactions,T0030730,quarantined,customer C800404 has no master record
transactions,T0030731,quarantined,customer C800404 has no master record
transactions,T0030831,quarantined,customer C800003 has no master record
transactions,T0030832,quarantined,customer C800003 has no master record
transactions,T0031041,quarantined,customer C800146 has no master record
transactions,T0031042,quarantined,customer C800146 has no master record
transactions,T0031043,quarantined,customer C800146 has no master record
transactions,T0031044,quarantined,customer C800146 has no master record
transactions,T0031126,quarantined,customer C800182 has no master record
transactions,T0031206,quarantined,customer C800466 has no master record
transactions,T0031207,quarantined,customer C800466 has no master record
transactions,T0031208,quarantined,customer C800466 has no master record
transactions,T0031209,quarantined,customer C800466 has no master record
transactions,T0031687,quarantined,customer C800367 has no master record
transactions,T0031688,quarantined,customer C800367 has no master record
transactions,T0031689,quarantined,customer C800367 has no master record
transactions,T0031932,quarantined,customer C800336 has no master record
transactions,T0032180,quarantined,customer C800356 has no master record
transactions,T0032181,quarantined,customer C800356 has no master record
transactions,T0032182,quarantined,customer C800356 has no master record
transactions,T0032194,quarantined,customer C800132 has no master record
transactions,T0032280,quarantined,customer C800470 has no master record
transactions,T0032281,quarantined,customer C800470 has no master record
transactions,T0032282,quarantined,customer C800470 has no master record
transactions,T0032392,quarantined,customer C800240 has no master record
transactions,T0032432,quarantined,customer C800032 has no master record
transactions,T0032433,quarantined,customer C800032 has no master record
transactions,T0032434,quarantined,customer C800032 has no master record
transactions,T0032521,quarantined,customer C800471 has no master record
transactions,T0032522,quarantined,customer C800471 has no master record
transactions,T0032523,quarantined,customer C800471 has no master record
transactions,T0032772,quarantined,customer C800112 has no master record
transactions,T0032848,quarantined,customer C800256 has no master record
transactions,T0032849,quarantined,customer C800256 has no master record
transactions,T0032850,quarantined,customer C800256 has no master record
transactions,T0032851,quarantined,customer C800256 has no master record
transactions,T0032852,quarantined,customer C800256 has no master record
transactions,T0032853,quarantined,customer C800256 has no master record
transactions,T0033269,quarantined,customer C800458 has no master record
transactions,T0033270,quarantined,customer C800458 has no master record
transactions,T0033792,quarantined,customer C800140 has no master record
transactions,T0033899,quarantined,customer C800210 has no master record
transactions,T0034358,quarantined,customer C800165 has no master record
transactions,T0034869,quarantined,customer C800187 has no master record
transactions,T0034870,quarantined,customer C800187 has no master record
transactions,T0035082,quarantined,customer C800095 has no master record
transactions,T0035687,quarantined,customer C800346 has no master record
transactions,T0035688,quarantined,customer C800346 has no master record
transactions,T0035689,quarantined,customer C800346 has no master record
transactions,T0035712,quarantined,customer C800160 has no master record
transactions,T0035977,quarantined,customer C800178 has no master record
transactions,T0036233,quarantined,customer C800497 has no master record
transactions,T0036258,quarantined,customer C800361 has no master record
transactions,T0036765,quarantined,customer C800362 has no master record
transactions,T0036766,quarantined,customer C800362 has no master record
transactions,T0036767,quarantined,customer C800362 has no master record
transactions,T0036768,quarantined,customer C800362 has no master record
transactions,T0036769,quarantined,customer C800362 has no master record
transactions,T0036828,quarantined,customer C800245 has no master record
transactions,T0037052,quarantined,customer C800374 has no master record
transactions,T0037053,quarantined,customer C800374 has no master record
transactions,T0037054,quarantined,customer C800374 has no master record
transactions,T0037182,quarantined,customer C800400 has no master record
transactions,T0037183,quarantined,customer C800400 has no master record
transactions,T0037184,quarantined,customer C800400 has no master record
transactions,T0037185,quarantined,customer C800400 has no master record
transactions,T0037584,quarantined,customer C800024 has no master record
transactions,T0037585,quarantined,customer C800024 has no master record
transactions,T0037668,quarantined,customer C800332 has no master record
transactions,T0037669,quarantined,customer C800332 has no master record
transactions,T0038254,quarantined,customer C800459 has no master record
transactions,T0038255,quarantined,customer C800459 has no master record
transactions,T0038502,quarantined,customer C800238 has no master record
transactions,T0038671,quarantined,customer C800034 has no master record
transactions,T0038800,quarantined,customer C800017 has no master record
transactions,T0038801,quarantined,customer C800017 has no master record
transactions,T0038802,quarantined,customer C800017 has no master record
transactions,T0039465,quarantined,customer C800111 has no master record
transactions,T0039466,quarantined,customer C800111 has no master record
transactions,T0039467,quarantined,customer C800111 has no master record
transactions,T0039493,quarantined,customer C800079 has no master record
transactions,T0039494,quarantined,customer C800079 has no master record
transactions,T0039495,quarantined,customer C800079 has no master record
transactions,T0039995,quarantined,customer C800241 has no master record
transactions,T0040236,quarantined,customer C800010 has no master record
transactions,T0040368,quarantined,customer C800263 has no master record
transactions,T0040369,quarantined,customer C800263 has no master record
transactions,T0040371,quarantined,customer C800311 has no master record
transactions,T0040372,quarantined,customer C800311 has no master record
transactions,T0040586,quarantined,customer C800434 has no master record
transactions,T0040587,quarantined,customer C800434 has no master record
transactions,T0040608,quarantined,customer C800333 has no master record
transactions,T0040767,quarantined,customer C800141 has no master record
transactions,T0040815,quarantined,customer C800477 has no master record
transactions,T0041930,quarantined,customer C800086 has no master record
transactions,T0041931,quarantined,customer C800086 has no master record
transactions,T0041932,quarantined,customer C800086 has no master record
transactions,T0041933,quarantined,customer C800086 has no master record
transactions,T0041934,quarantined,customer C800086 has no master record
transactions,T0041991,quarantined,customer C800027 has no master record
transactions,T0042015,quarantined,customer C800462 has no master record
transactions,T0042094,quarantined,customer C800343 has no master record
transactions,T0042095,quarantined,customer C800343 has no master record
transactions,T0042096,quarantined,customer C800343 has no master record
transactions,T0042259,quarantined,customer C800074 has no master record
transactions,T0042413,quarantined,customer C800201 has no master record
transactions,T0042414,quarantined,customer C800201 has no master record
transactions,T0042971,quarantined,customer C800290 has no master record
transactions,T0042972,quarantined,customer C800290 has no master record
transactions,T0042973,quarantined,customer C800290 has no master record
transactions,T0042974,quarantined,customer C800290 has no master record
transactions,T0044002,quarantined,customer C800243 has no master record
transactions,T0044003,quarantined,customer C800243 has no master record
transactions,T0044235,quarantined,customer C800163 has no master record
transactions,T0044236,quarantined,customer C800163 has no master record
transactions,T0044237,quarantined,customer C800163 has no master record
transactions,T0044399,quarantined,customer C800472 has no master record
transactions,T0044400,quarantined,customer C800472 has no master record
transactions,T0044401,quarantined,customer C800472 has no master record
transactions,T0044596,quarantined,customer C800041 has no master record
transactions,T0044837,quarantined,customer C800326 has no master record
transactions,T0044930,quarantined,customer C800287 has no master record
transactions,T0044931,quarantined,customer C800287 has no master record
transactions,T0044932,quarantined,customer C800254 has no master record
transactions,T0045036,quarantined,customer C800072 has no master record
transactions,T0045037,quarantined,customer C800072 has no master record
transactions,T0045185,quarantined,customer C800384 has no master record
transactions,T0045186,quarantined,customer C800384 has no master record
transactions,T0045419,quarantined,customer C800273 has no master record
transactions,T0045420,quarantined,customer C800273 has no master record
transactions,T0045421,quarantined,customer C800273 has no master record
transactions,T0045422,quarantined,customer C800110 has no master record
transactions,T0045423,quarantined,customer C800110 has no master record
transactions,T0045424,quarantined,customer C800110 has no master record
transactions,T0045425,quarantined,customer C800110 has no master record
transactions,T0045426,quarantined,customer C800110 has no master record
transactions,T0045427,quarantined,customer C800110 has no master record
transactions,T0045915,quarantined,customer C800392 has no master record
transactions,T0045916,quarantined,customer C800392 has no master record
transactions,T0045997,quarantined,customer C800203 has no master record
transactions,T0046384,quarantined,customer C800329 has no master record
transactions,T0046535,quarantined,customer C800018 has no master record
transactions,T0046536,quarantined,customer C800018 has no master record
transactions,T0046537,quarantined,customer C800018 has no master record
transactions,T0046538,quarantined,customer C800018 has no master record
transactions,T0046539,quarantined,customer C800018 has no master record
transactions,T0046641,quarantined,customer C800268 has no master record
transactions,T0046642,quarantined,customer C800268 has no master record
transactions,T0046975,quarantined,customer C800296 has no master record
transactions,T0046976,quarantined,customer C800296 has no master record
transactions,T0047043,quarantined,customer C800383 has no master record
transactions,T0047044,quarantined,customer C800383 has no master record
transactions,T0047045,quarantined,customer C800383 has no master record
transactions,T0047366,quarantined,customer C800386 has no master record
transactions,T0047928,quarantined,customer C800152 has no master record
transactions,T0047929,quarantined,customer C800152 has no master record
transactions,T0047930,quarantined,customer C800152 has no master record
transactions,T0047931,quarantined,customer C800152 has no master record
transactions,T0048088,quarantined,customer C800131 has no master record
transactions,T0048442,quarantined,customer C800186 has no master record
transactions,T0048522,quarantined,customer C800066 has no master record
transactions,T0048905,quarantined,customer C800490 has no master record
transactions,T0048906,quarantined,customer C800490 has no master record
transactions,T0048954,quarantined,customer C800021 has no master record
transactions,T0048955,quarantined,customer C800021 has no master record
transactions,T0049153,quarantined,customer C800278 has no master record
transactions,T0049220,quarantined,customer C800177 has no master record
transactions,T0049221,quarantined,customer C800177 has no master record
transactions,T0049837,quarantined,customer C800083 has no master record
transactions,T0050028,quarantined,customer C800313 has no master record
transactions,T0050029,quarantined,customer C800313 has no master record
transactions,T0050030,quarantined,customer C800313 has no master record
transactions,T0050031,quarantined,customer C800313 has no master record
transactions,T0050033,quarantined,customer C800323 has no master record
transactions,T0050034,quarantined,customer C800323 has no master record
transactions,T0050035,quarantined,customer C800323 has no master record
transactions,T0050097,quarantined,customer C800415 has no master record
transactions,T0050255,quarantined,customer C800293 has no master record
transactions,T0050905,quarantined,customer C800302 has no master record
transactions,T0050972,quarantined,customer C800340 has no master record
transactions,T0051042,quarantined,customer C800234 has no master record
transactions,T0051149,quarantined,customer C800196 has no master record
transactions,T0051150,quarantined,customer C800196 has no master record
transactions,T0051151,quarantined,customer C800196 has no master record
transactions,T0051152,quarantined,customer C800196 has no master record
transactions,T0051153,quarantined,customer C800196 has no master record
transactions,T0051361,quarantined,customer C800235 has no master record
transactions,T0051362,quarantined,customer C800235 has no master record
transactions,T0051700,quarantined,customer C800169 has no master record
transactions,T0051701,quarantined,customer C800169 has no master record
transactions,T0052473,quarantined,customer C800486 has no master record
transactions,T0052474,quarantined,customer C800486 has no master record
transactions,T0053055,quarantined,customer C800061 has no master record
transactions,T0053056,quarantined,customer C800061 has no master record
transactions,T0053166,quarantined,customer C800225 has no master record
transactions,T0054209,quarantined,customer C800069 has no master record
transactions,T0054210,quarantined,customer C800069 has no master record
transactions,T0054274,quarantined,customer C800279 has no master record
transactions,T0054506,quarantined,customer C800198 has no master record
transactions,T0054518,quarantined,customer C800053 has no master record
transactions,T0054519,quarantined,customer C800053 has no master record
transactions,T0054728,quarantined,customer C800035 has no master record
transactions,T0054729,quarantined,customer C800035 has no master record
transactions,T0054838,quarantined,customer C800289 has no master record
transactions,T0054850,quarantined,customer C800425 has no master record
transactions,T0054851,quarantined,customer C800425 has no master record
transactions,T0054852,quarantined,customer C800425 has no master record
transactions,T0055147,quarantined,customer C800439 has no master record
transactions,T0055148,quarantined,customer C800439 has no master record
transactions,T0055149,quarantined,customer C800439 has no master record
transactions,T0055150,quarantined,customer C800439 has no master record
transactions,T0055208,quarantined,customer C800070 has no master record
transactions,T0055209,quarantined,customer C800070 has no master record
transactions,T0055210,quarantined,customer C800070 has no master record
transactions,T0055211,quarantined,customer C800070 has no master record
transactions,T0055224,quarantined,customer C800208 has no master record
transactions,T0055458,quarantined,customer C800444 has no master record
transactions,T0055459,quarantined,customer C800444 has no master record
transactions,T0055460,quarantined,customer C800444 has no master record
transactions,T0055529,quarantined,customer C800408 has no master record
transactions,T0055530,quarantined,customer C800408 has no master record
transactions,T0055614,quarantined,customer C800172 has no master record
transactions,T0055615,quarantined,customer C800172 has no master record
transactions,T0055616,quarantined,customer C800172 has no master record
transactions,T0055630,quarantined,customer C800122 has no master record
transactions,T0055631,quarantined,customer C800122 has no master record
transactions,T0055632,quarantined,customer C800122 has no master record
transactions,T0055644,quarantined,customer C800217 has no master record
transactions,T0055645,quarantined,customer C800217 has no master record
transactions,T0055646,quarantined,customer C800217 has no master record
transactions,T0055957,quarantined,customer C800407 has no master record
transactions,T0055958,quarantined,customer C800407 has no master record
transactions,T0055959,quarantined,customer C800407 has no master record
transactions,T0055960,quarantined,customer C800407 has no master record
transactions,T0055993,quarantined,customer C800484 has no master record
transactions,T0056355,quarantined,customer C800202 has no master record
transactions,T0056356,quarantined,customer C800202 has no master record
transactions,T0056357,quarantined,customer C800202 has no master record
transactions,T0056375,quarantined,customer C800399 has no master record
transactions,T0056376,quarantined,customer C800399 has no master record
transactions,T0056377,quarantined,customer C800399 has no master record
transactions,T0056709,quarantined,customer C800453 has no master record
transactions,T0056710,quarantined,customer C800453 has no master record
transactions,T0056711,quarantined,customer C800453 has no master record
transactions,T0057132,quarantined,customer C800006 has no master record
transactions,T0057133,quarantined,customer C800006 has no master record
transactions,T0057302,quarantined,customer C800085 has no master record
transactions,T0057413,quarantined,customer C800211 has no master record
transactions,T0057519,quarantined,customer C800067 has no master record
transactions,T0057520,quarantined,customer C800067 has no master record
transactions,T0057521,quarantined,customer C800067 has no master record
transactions,T0057529,quarantined,customer C800276 has no master record
transactions,T0057530,quarantined,customer C800276 has no master record
transactions,T0057531,quarantined,customer C800276 has no master record
transactions,T0057532,quarantined,customer C800276 has no master record
transactions,T0057533,quarantined,customer C800276 has no master record
transactions,T0057969,quarantined,customer C800092 has no master record
transactions,T0057970,quarantined,customer C800092 has no master record
transactions,T0057971,quarantined,customer C800092 has no master record
transactions,T0057972,quarantined,customer C800092 has no master record
transactions,T0057973,quarantined,customer C800092 has no master record
transactions,T0057974,quarantined,customer C800092 has no master record
transactions,T0058497,quarantined,customer C800252 has no master record
transactions,T0058498,quarantined,customer C800252 has no master record
transactions,T0058499,quarantined,customer C800252 has no master record
transactions,T0058617,quarantined,customer C800123 has no master record
transactions,T0058618,quarantined,customer C800123 has no master record
transactions,T0058871,quarantined,customer C800350 has no master record
transactions,T0058923,quarantined,customer C800199 has no master record
transactions,T0058924,quarantined,customer C800199 has no master record
transactions,T0058925,quarantined,customer C800199 has no master record
transactions,T0059099,quarantined,customer C800274 has no master record
transactions,T0059100,quarantined,customer C800274 has no master record
transactions,T0059101,quarantined,customer C800274 has no master record
transactions,T0059102,quarantined,customer C800274 has no master record
transactions,T0059155,quarantined,customer C800429 has no master record
transactions,T0059156,quarantined,customer C800429 has no master record
transactions,T0059161,quarantined,customer C800179 has no master record
transactions,T0059162,quarantined,customer C800179 has no master record
transactions,T0059163,quarantined,customer C800179 has no master record
transactions,T0059164,quarantined,customer C800179 has no master record
transactions,T0059298,quarantined,customer C800105 has no master record
transactions,T0059299,quarantined,customer C800105 has no master record
transactions,T0059447,quarantined,customer C800193 has no master record
transactions,T0059448,quarantined,customer C800193 has no master record
transactions,T0059449,quarantined,customer C800193 has no master record
transactions,T0060117,quarantined,customer C800385 has no master record
transactions,T0060118,quarantined,customer C800385 has no master record
transactions,T0060540,quarantined,customer C800257 has no master record
transactions,T0060695,quarantined,customer C800081 has no master record
transactions,T0060696,quarantined,customer C800457 has no master record
transactions,T0060697,quarantined,customer C800457 has no master record
transactions,T0060741,quarantined,customer C800373 has no master record
transactions,T0060742,quarantined,customer C800373 has no master record
transactions,T0060743,quarantined,customer C800373 has no master record
transactions,T0060842,quarantined,customer C800216 has no master record
transactions,T0060890,quarantined,customer C800445 has no master record
transactions,T0060941,quarantined,customer C800005 has no master record
transactions,T0060942,quarantined,customer C800005 has no master record
transactions,T0061245,quarantined,customer C800283 has no master record
transactions,T0061271,quarantined,customer C800409 has no master record
transactions,T0061782,quarantined,customer C800242 has no master record
transactions,T0061848,quarantined,customer C800106 has no master record
transactions,T0062154,quarantined,customer C800048 has no master record
transactions,T0062155,quarantined,customer C800048 has no master record
transactions,T0062156,quarantined,customer C800048 has no master record
transactions,T0062306,quarantined,customer C800426 has no master record
transactions,T0062307,quarantined,customer C800426 has no master record
transactions,T0062429,quarantined,customer C800087 has no master record
transactions,T0062430,quarantined,customer C800087 has no master record
transactions,T0062590,quarantined,customer C800465 has no master record
transactions,T0062591,quarantined,customer C800465 has no master record
transactions,T0063310,quarantined,customer C800321 has no master record
transactions,T0063311,quarantined,customer C800321 has no master record
transactions,T0063312,quarantined,customer C800321 has no master record
transactions,T0063313,quarantined,customer C800321 has no master record
transactions,T0063314,quarantined,customer C800321 has no master record
transactions,T0063358,quarantined,customer C800295 has no master record
transactions,T0063359,quarantined,customer C800295 has no master record
transactions,T0063865,quarantined,customer C800267 has no master record
transactions,T0064127,quarantined,customer C800167 has no master record
transactions,T0064157,quarantined,customer C800412 has no master record
transactions,T0064158,quarantined,customer C800412 has no master record
transactions,T0064159,quarantined,customer C800412 has no master record
transactions,T0064160,quarantined,customer C800412 has no master record
transactions,T0064346,quarantined,customer C800405 has no master record
transactions,T0064405,quarantined,customer C800047 has no master record
transactions,T0064406,quarantined,customer C800047 has no master record
transactions,T0064407,quarantined,customer C800047 has no master record
transactions,T0064408,quarantined,customer C800047 has no master record
transactions,T0064551,quarantined,customer C800232 has no master record
transactions,T0064552,quarantined,customer C800232 has no master record
transactions,T0064553,quarantined,customer C800232 has no master record
transactions,T0065089,quarantined,customer C800474 has no master record
transactions,T0065134,quarantined,customer C800124 has no master record
transactions,T0065135,quarantined,customer C800124 has no master record
transactions,T0065136,quarantined,customer C800124 has no master record
transactions,T0065137,quarantined,customer C800124 has no master record
transactions,T0065261,quarantined,customer C800215 has no master record
transactions,T0065503,quarantined,customer C800025 has no master record
transactions,T0065504,quarantined,customer C800025 has no master record
transactions,T0065505,quarantined,customer C800025 has no master record
transactions,T0065506,quarantined,customer C800025 has no master record
transactions,T0065836,quarantined,customer C800318 has no master record
transactions,T0065947,quarantined,customer C800107 has no master record
transactions,T0066024,quarantined,customer C800299 has no master record
transactions,T0066101,quarantined,customer C800135 has no master record
transactions,T0066380,quarantined,customer C800028 has no master record
transactions,T0066381,quarantined,customer C800028 has no master record
transactions,T0066417,quarantined,customer C800264 has no master record
transactions,T0066432,quarantined,customer C800249 has no master record
transactions,T0066786,quarantined,customer C800375 has no master record
transactions,T0066787,quarantined,customer C800375 has no master record
transactions,T0066788,quarantined,customer C800375 has no master record
transactions,T0066789,quarantined,customer C800375 has no master record
transactions,T0066790,quarantined,customer C800375 has no master record
transactions,T0066791,quarantined,customer C800375 has no master record
transactions,T0066898,quarantined,customer C800043 has no master record
transactions,T0066899,quarantined,customer C800043 has no master record
transactions,T0067126,quarantined,customer C800194 has no master record
transactions,T0067127,quarantined,customer C800194 has no master record
transactions,T0067128,quarantined,customer C800194 has no master record
transactions,T0067129,quarantined,customer C800194 has no master record
transactions,T0067146,quarantined,customer C800496 has no master record
transactions,T0067147,quarantined,customer C800496 has no master record
transactions,T0067521,quarantined,customer C800353 has no master record
transactions,T0067522,quarantined,customer C800353 has no master record
transactions,T0067523,quarantined,customer C800353 has no master record
transactions,T0067583,quarantined,customer C800366 has no master record
transactions,T0067584,quarantined,customer C800366 has no master record
transactions,T0067588,quarantined,customer C800418 has no master record
transactions,T0067589,quarantined,customer C800418 has no master record
transactions,T0067705,quarantined,customer C800231 has no master record
transactions,T0067706,quarantined,customer C800231 has no master record
transactions,T0067707,quarantined,customer C800231 has no master record
transactions,T0067708,quarantined,customer C800231 has no master record
transactions,T0067709,quarantined,customer C800231 has no master record
transactions,T0067990,quarantined,customer C800410 has no master record
transactions,T0067991,quarantined,customer C800410 has no master record
transactions,T0067992,quarantined,customer C800410 has no master record
transactions,T0067993,quarantined,customer C800410 has no master record
transactions,T0067994,quarantined,customer C800410 has no master record
transactions,T0067995,quarantined,customer C800410 has no master record
transactions,T0068887,quarantined,customer C800127 has no master record
transactions,T0068888,quarantined,customer C800127 has no master record
transactions,T0068889,quarantined,customer C800127 has no master record
transactions,T0068890,quarantined,customer C800127 has no master record
transactions,T0069182,quarantined,customer C800184 has no master record
transactions,T0069183,quarantined,customer C800184 has no master record
transactions,T0069184,quarantined,customer C800184 has no master record
transactions,T0069185,quarantined,customer C800184 has no master record
transactions,T0069489,quarantined,customer C800064 has no master record
transactions,T0069589,quarantined,customer C800114 has no master record
transactions,T0069724,quarantined,customer C800280 has no master record
transactions,T0069725,quarantined,customer C800280 has no master record
transactions,T0069975,quarantined,customer C800469 has no master record
transactions,T0070142,quarantined,customer C800174 has no master record
transactions,T0070143,quarantined,customer C800174 has no master record
transactions,T0070147,quarantined,customer C800475 has no master record
transactions,T0070195,quarantined,customer C800468 has no master record
transactions,T0070196,quarantined,customer C800468 has no master record
transactions,T0070197,quarantined,customer C800468 has no master record
transactions,T0070198,quarantined,customer C800468 has no master record
transactions,T0070199,quarantined,customer C800468 has no master record
transactions,T0070200,quarantined,customer C800468 has no master record
transactions,T0070696,quarantined,customer C800437 has no master record
transactions,T0070697,quarantined,customer C800437 has no master record
transactions,T0070698,quarantined,customer C800437 has no master record
transactions,T0070738,quarantined,customer C800015 has no master record
transactions,T0070739,quarantined,customer C800015 has no master record
transactions,T0070740,quarantined,customer C800015 has no master record
transactions,T0070741,quarantined,customer C800015 has no master record
transactions,T0070784,quarantined,customer C800272 has no master record
transactions,T0071170,quarantined,customer C800161 has no master record
transactions,T0071171,quarantined,customer C800161 has no master record
transactions,T0071172,quarantined,customer C800161 has no master record
transactions,T0071551,quarantined,customer C800351 has no master record
transactions,T0071552,quarantined,customer C800351 has no master record
transactions,T0071731,quarantined,customer C800076 has no master record
transactions,T0071847,quarantined,customer C800262 has no master record
transactions,T0071848,quarantined,customer C800262 has no master record
transactions,T0072437,quarantined,customer C800483 has no master record
transactions,T0072438,quarantined,customer C800483 has no master record
transactions,T0072439,quarantined,customer C800483 has no master record
transactions,T0073319,quarantined,customer C800391 has no master record
transactions,T0073320,quarantined,customer C800391 has no master record
transactions,T0073321,quarantined,customer C800391 has no master record
transactions,T0073322,quarantined,customer C800391 has no master record
transactions,T0073368,quarantined,customer C800401 has no master record
transactions,T0073483,quarantined,customer C800498 has no master record
transactions,T0073497,quarantined,customer C800164 has no master record
transactions,T0073498,quarantined,customer C800164 has no master record
transactions,T0073616,quarantined,customer C800055 has no master record
transactions,T0073617,quarantined,customer C800055 has no master record
transactions,T0073618,quarantined,customer C800055 has no master record
transactions,T0073619,quarantined,customer C800055 has no master record
transactions,T0073620,quarantined,customer C800055 has no master record
transactions,T0073621,quarantined,customer C800055 has no master record
transactions,T0073670,quarantined,customer C800251 has no master record
transactions,T0073671,quarantined,customer C800251 has no master record
transactions,T0073672,quarantined,customer C800251 has no master record
transactions,T0073677,quarantined,customer C800142 has no master record
transactions,T0074065,quarantined,customer C800488 has no master record
transactions,T0074392,quarantined,customer C800397 has no master record
transactions,T0074976,quarantined,customer C800431 has no master record
transactions,T0075135,quarantined,customer C800489 has no master record
transactions,T0075163,quarantined,customer C800052 has no master record
transactions,T0075164,quarantined,customer C800052 has no master record
transactions,T0075165,quarantined,customer C800052 has no master record
transactions,T0075166,quarantined,customer C800052 has no master record
transactions,T0075308,quarantined,customer C800414 has no master record
transactions,T0075309,quarantined,customer C800414 has no master record
transactions,T0075376,quarantined,customer C800478 has no master record
transactions,T0075466,quarantined,customer C800275 has no master record
transactions,T0075469,quarantined,customer C800054 has no master record
transactions,T0075470,quarantined,customer C800054 has no master record
transactions,T0076187,quarantined,customer C800325 has no master record
transactions,T0076188,quarantined,customer C800325 has no master record
transactions,T0076928,quarantined,customer C800096 has no master record
transactions,T0076929,quarantined,customer C800096 has no master record
transactions,T0076966,quarantined,customer C800100 has no master record
transactions,T0077128,quarantined,customer C800315 has no master record
transactions,T0077129,quarantined,customer C800315 has no master record
transactions,T0077894,quarantined,customer C800261 has no master record
transactions,T0078154,quarantined,customer C800001 has no master record
transactions,T0078155,quarantined,customer C800001 has no master record
transactions,T0078270,quarantined,customer C800022 has no master record
transactions,T0078875,quarantined,customer C800387 has no master record
transactions,T0078876,quarantined,customer C800387 has no master record
transactions,T0078877,quarantined,customer C800387 has no master record
transactions,T0079128,quarantined,customer C800130 has no master record
transactions,T0079218,quarantined,customer C800012 has no master record
transactions,T0079219,quarantined,customer C800012 has no master record
transactions,T0079220,quarantined,customer C800012 has no master record
transactions,T0079294,quarantined,customer C800244 has no master record
transactions,T0079295,quarantined,customer C800244 has no master record
transactions,T0079296,quarantined,customer C800244 has no master record
transactions,T0079297,quarantined,customer C800244 has no master record
transactions,T0079298,quarantined,customer C800244 has no master record
transactions,T0079299,quarantined,customer C800244 has no master record
transactions,T0079303,quarantined,customer C800192 has no master record
transactions,T0079422,quarantined,customer C800171 has no master record
transactions,T0079423,quarantined,customer C800171 has no master record
transactions,T0079559,quarantined,customer C800423 has no master record
transactions,T0079560,quarantined,customer C800423 has no master record
transactions,T0079680,quarantined,customer C800206 has no master record
transactions,T0079681,quarantined,customer C800206 has no master record
transactions,T0079823,quarantined,customer C800031 has no master record
transactions,T0080031,quarantined,customer C800150 has no master record
transactions,T0080032,quarantined,customer C800150 has no master record
transactions,T0080033,quarantined,customer C800150 has no master record
transactions,T0080034,quarantined,customer C800150 has no master record
transactions,T0080035,quarantined,customer C800150 has no master record
transactions,T0080036,quarantined,customer C800150 has no master record
transactions,T0080141,quarantined,customer C800348 has no master record
transactions,T0080185,quarantined,customer C800452 has no master record
transactions,T0080186,quarantined,customer C800452 has no master record
transactions,T0081193,quarantined,customer C800040 has no master record
transactions,T0081468,quarantined,customer C800411 has no master record
transactions,T0081469,quarantined,customer C800411 has no master record
transactions,T0081470,quarantined,customer C800411 has no master record
transactions,T0081852,quarantined,customer C800102 has no master record
transactions,T0081853,quarantined,customer C800102 has no master record
transactions,T0081854,quarantined,customer C800102 has no master record
transactions,T0081889,quarantined,customer C800073 has no master record
transactions,T0081984,quarantined,customer C800421 has no master record
transactions,T0082005,quarantined,customer C800104 has no master record
transactions,T0082019,quarantined,customer C800341 has no master record
transactions,T0082297,quarantined,customer C800344 has no master record
transactions,T0082298,quarantined,customer C800344 has no master record
transactions,T0082534,quarantined,customer C800089 has no master record
transactions,T0082535,quarantined,customer C800089 has no master record
transactions,T0082536,quarantined,customer C800089 has no master record
transactions,T0082753,quarantined,customer C800300 has no master record
transactions,T0082881,quarantined,customer C800308 has no master record
transactions,T0082882,quarantined,customer C800308 has no master record
transactions,T0083011,quarantined,customer C800270 has no master record
transactions,T0083012,quarantined,customer C800270 has no master record
transactions,T0083013,quarantined,customer C800270 has no master record
transactions,T0083014,quarantined,customer C800270 has no master record
transactions,T0083015,quarantined,customer C800270 has no master record
transactions,T0083016,quarantined,customer C800270 has no master record
transactions,T0083214,quarantined,customer C800461 has no master record
transactions,T0083393,quarantined,customer C800382 has no master record
transactions,T0083662,quarantined,customer C800285 has no master record
transactions,T0083663,quarantined,customer C800285 has no master record
transactions,T0083669,quarantined,customer C800394 has no master record
transactions,T0083670,quarantined,customer C800394 has no master record
transactions,T0083846,quarantined,customer C800023 has no master record
transactions,T0084059,quarantined,customer C800143 has no master record
transactions,T0084060,quarantined,customer C800143 has no master record
transactions,T0084061,quarantined,customer C800143 has no master record
transactions,T0084062,quarantined,customer C800143 has no master record
transactions,T0084063,quarantined,customer C800143 has no master record
transactions,T0084064,quarantined,customer C800143 has no master record
transactions,T0084101,quarantined,customer C800364 has no master record
transactions,T0084310,quarantined,customer C800190 has no master record
transactions,T0084311,quarantined,customer C800190 has no master record
transactions,T0084312,quarantined,customer C800190 has no master record
transactions,T0084313,quarantined,customer C800190 has no master record
transactions,T0084546,quarantined,customer C800113 has no master record
transactions,T0084547,quarantined,customer C800113 has no master record
transactions,T0084571,quarantined,customer C800057 has no master record
transactions,T0084572,quarantined,customer C800057 has no master record
transactions,T0084573,quarantined,customer C800057 has no master record
transactions,T0084701,quarantined,customer C800154 has no master record
transactions,T0084702,quarantined,customer C800154 has no master record
transactions,T0084703,quarantined,customer C800154 has no master record
transactions,T0085383,quarantined,customer C800352 has no master record
transactions,T0085703,quarantined,customer C800345 has no master record
transactions,T0085761,quarantined,customer C800204 has no master record
transactions,T0085978,quarantined,customer C800145 has no master record
transactions,T0085979,quarantined,customer C800145 has no master record
transactions,T0086596,quarantined,customer C800271 has no master record
transactions,T0086597,quarantined,customer C800271 has no master record
transactions,T0086598,quarantined,customer C800271 has no master record
transactions,T0086599,quarantined,customer C800271 has no master record
transactions,T0086888,quarantined,customer C800170 has no master record
transactions,T0086889,quarantined,customer C800170 has no master record
transactions,T0086890,quarantined,customer C800170 has no master record
transactions,T0086891,quarantined,customer C800170 has no master record
transactions,T0086892,quarantined,customer C800170 has no master record
transactions,T0086893,quarantined,customer C800170 has no master record
transactions,T0087289,quarantined,customer C800259 has no master record
transactions,T0087290,quarantined,customer C800481 has no master record
transactions,T0087298,quarantined,customer C800424 has no master record
transactions,T0087299,quarantined,customer C800424 has no master record
transactions,T0087398,quarantined,customer C800097 has no master record
transactions,T0087476,quarantined,customer C800109 has no master record
transactions,T0087614,quarantined,customer C800493 has no master record
transactions,T0087615,quarantined,customer C800493 has no master record
transactions,T0087633,quarantined,customer C800320 has no master record
transactions,T0087634,quarantined,customer C800320 has no master record
transactions,T0087691,quarantined,customer C800221 has no master record
transactions,T0087715,quarantined,customer C800319 has no master record
transactions,T0088140,quarantined,customer C800223 has no master record
transactions,T0088141,quarantined,customer C800223 has no master record
transactions,T0088142,quarantined,customer C800223 has no master record
transactions,T0088624,quarantined,customer C800128 has no master record
transactions,T0088648,quarantined,customer C800417 has no master record
transactions,T0088766,quarantined,customer C800432 has no master record
transactions,T0088767,quarantined,customer C800432 has no master record
transactions,T0089276,quarantined,customer C800377 has no master record
transactions,T0089277,quarantined,customer C800377 has no master record
transactions,T0089278,quarantined,customer C800377 has no master record
transactions,T0089279,quarantined,customer C800377 has no master record
transactions,T0089280,quarantined,customer C800377 has no master record
transactions,T0089411,quarantined,customer C800492 has no master record
transactions,T0089493,quarantined,customer C800389 has no master record
transactions,T0089494,quarantined,customer C800389 has no master record
transactions,T0089495,quarantined,customer C800389 has no master record
transactions,T0089496,quarantined,customer C800389 has no master record
transactions,T0089497,quarantined,customer C800389 has no master record
transactions,T0089498,quarantined,customer C800389 has no master record
transactions,T0089934,quarantined,customer C800037 has no master record
transactions,T0089935,quarantined,customer C800037 has no master record
transactions,T0089936,quarantined,customer C800037 has no master record
transactions,T0089996,quarantined,customer C800467 has no master record
transactions,T0089997,quarantined,customer C800467 has no master record
transactions,T0090018,quarantined,customer C800060 has no master record
transactions,T0090255,quarantined,customer C800495 has no master record
transactions,T0090256,quarantined,customer C800495 has no master record
transactions,T0090257,quarantined,customer C800495 has no master record
transactions,T0090258,quarantined,customer C800495 has no master record
transactions,T0090259,quarantined,customer C800495 has no master record
transactions,T0090328,quarantined,customer C800310 has no master record
transactions,T0090417,quarantined,customer C800151 has no master record
transactions,T0090493,quarantined,customer C800451 has no master record
transactions,T0090494,quarantined,customer C800451 has no master record
transactions,T0090722,quarantined,customer C800098 has no master record
transactions,T0090723,quarantined,customer C800098 has no master record
transactions,T0090817,quarantined,customer C800441 has no master record
transactions,T0090818,quarantined,customer C800441 has no master record
transactions,T0090819,quarantined,customer C800441 has no master record
transactions,T0090820,quarantined,customer C800441 has no master record
transactions,T0090821,quarantined,customer C800441 has no master record
transactions,T0090993,quarantined,customer C800000 has no master record
transactions,T0090994,quarantined,customer C800000 has no master record
transactions,T0090995,quarantined,customer C800000 has no master record
transactions,T0091031,quarantined,customer C800314 has no master record
transactions,T0091066,quarantined,customer C800093 has no master record
transactions,T0091067,quarantined,customer C800093 has no master record
transactions,T0091158,quarantined,customer C800078 has no master record
transactions,T0091159,quarantined,customer C800078 has no master record
transactions,T0091252,quarantined,customer C800168 has no master record
transactions,T0091625,quarantined,customer C800294 has no master record
transactions,T0091756,quarantined,customer C800159 has no master record
transactions,T0091757,quarantined,customer C800159 has no master record
transactions,T0091933,quarantined,customer C800298 has no master record
transactions,T0091934,quarantined,customer C800298 has no master record
transactions,T0092174,quarantined,customer C800157 has no master record
transactions,T0092220,quarantined,customer C800121 has no master record
transactions,T0092221,quarantined,customer C800121 has no master record
transactions,T0092222,quarantined,customer C800121 has no master record
transactions,T0092231,quarantined,customer C800480 has no master record
transactions,T0092741,quarantined,customer C800327 has no master record
transactions,T0092763,quarantined,customer C800045 has no master record
transactions,T0092764,quarantined,customer C800045 has no master record
transactions,T0092765,quarantined,customer C800045 has no master record
transactions,T0092766,quarantined,customer C800045 has no master record
transactions,T0092967,quarantined,customer C800403 has no master record
transactions,T0093263,quarantined,customer C800058 has no master record
transactions,T0094104,quarantined,customer C800233 has no master record
transactions,T0094264,quarantined,customer C800002 has no master record
transactions,T0094265,quarantined,customer C800002 has no master record
transactions,T0094472,quarantined,customer C800378 has no master record
transactions,T0094581,quarantined,customer C800395 has no master record
transactions,T0094582,quarantined,customer C800395 has no master record
transactions,T0094583,quarantined,customer C800395 has no master record
transactions,T0094584,quarantined,customer C800395 has no master record
transactions,T0094764,quarantined,customer C800347 has no master record
transactions,T0094965,quarantined,customer C800091 has no master record
transactions,T0094966,quarantined,customer C800091 has no master record
transactions,T0095110,quarantined,customer C800205 has no master record
transactions,T0095177,quarantined,customer C800328 has no master record
transactions,T0095178,quarantined,customer C800328 has no master record
transactions,T0095179,quarantined,customer C800328 has no master record
transactions,T0095601,quarantined,customer C800357 has no master record
transactions,T0095602,quarantined,customer C800357 has no master record
transactions,T0095751,quarantined,customer C800494 has no master record
transactions,T0095752,quarantined,customer C800494 has no master record
transactions,T0095813,quarantined,customer C800173 has no master record
transactions,T0095814,quarantined,customer C800173 has no master record
transactions,T0095815,quarantined,customer C800173 has no master record
transactions,T0095816,quarantined,customer C800173 has no master record
transactions,T0095876,quarantined,customer C800059 has no master record
transactions,T0095877,quarantined,customer C800059 has no master record
transactions,T0096421,quarantined,customer C800454 has no master record
transactions,T0096422,quarantined,customer C800454 has no master record
transactions,T0096785,quarantined,customer C800363 has no master record
transactions,T0096867,quarantined,customer C800464 has no master record
transactions,T0096978,quarantined,customer C800236 has no master record
transactions,T0096979,quarantined,customer C800236 has no master record
transactions,T0096980,quarantined,customer C800236 has no master record
transactions,T0096993,quarantined,customer C800369 has no master record
transactions,T0097026,quarantined,customer C800013 has no master record
transactions,T0097027,quarantined,customer C800013 has no master record
transactions,T0097028,quarantined,customer C800013 has no master record
transactions,T0097029,quarantined,customer C800013 has no master record
transactions,T0097347,quarantined,customer C800334 has no master record
transactions,T0097727,quarantined,customer C800144 has no master record
transactions,T0097882,quarantined,customer C800306 has no master record
transactions,T0097883,quarantined,customer C800306 has no master record
transactions,T0097884,quarantined,customer C800306 has no master record
transactions,T0097944,quarantined,customer C800139 has no master record
transactions,T0097945,quarantined,customer C800139 has no master record
transactions,T0097969,quarantined,customer C800316 has no master record
transactions,T0097970,quarantined,customer C800316 has no master record
transactions,T0098025,quarantined,customer C800094 has no master record
transactions,T0098630,quarantined,customer C800420 has no master record
transactions,T0098631,quarantined,customer C800420 has no master record
transactions,T0098632,quarantined,customer C800420 has no master record
transactions,T0098633,quarantined,customer C800420 has no master record
transactions,T0098634,quarantined,customer C800420 has no master record
transactions,T0098729,quarantined,customer C800090 has no master record
transactions,T0098730,quarantined,customer C800090 has no master record
transactions,T0099049,quarantined,customer C800117 has no master record
transactions,T0099958,quarantined,customer C800360 has no master record
transactions,T0099959,quarantined,customer C800360 has no master record
transactions,T0100105,quarantined,customer C800479 has no master record
transactions,T0100106,quarantined,customer C800479 has no master record
transactions,T0100112,quarantined,customer C800108 has no master record
transactions,T0100335,quarantined,customer C800349 has no master record
transactions,T0100336,quarantined,customer C800349 has no master record
transactions,T0100499,quarantined,customer C800007 has no master record
transactions,T0100781,quarantined,customer C800430 has no master record
transactions,T0101246,quarantined,customer C800265 has no master record
transactions,T0101247,quarantined,customer C800265 has no master record
transactions,T0101357,quarantined,customer C800255 has no master record
transactions,T0101941,quarantined,customer C800380 has no master record
transactions,T0101942,quarantined,customer C800380 has no master record
transactions,T0102188,quarantined,customer C800050 has no master record
transactions,T0102189,quarantined,customer C800050 has no master record
transactions,T0102303,quarantined,customer C800335 has no master record
transactions,T0102457,quarantined,customer C800339 has no master record
transactions,T0102489,quarantined,customer C800220 has no master record
transactions,T0102696,quarantined,customer C800460 has no master record
transactions,T0103096,quarantined,customer C800175 has no master record
transactions,T0103439,quarantined,customer C800413 has no master record
transactions,T0103440,quarantined,customer C800413 has no master record
transactions,T0103868,quarantined,customer C800416 has no master record
transactions,T0103869,quarantined,customer C800416 has no master record
transactions,T0104005,quarantined,customer C800038 has no master record
transactions,T0104006,quarantined,customer C800038 has no master record
transactions,T0104064,quarantined,customer C800456 has no master record
transactions,T0104065,quarantined,customer C800456 has no master record
transactions,T0104066,quarantined,customer C800456 has no master record
transactions,T0104067,quarantined,customer C800456 has no master record
transactions,T0104500,quarantined,customer C800455 has no master record
transactions,T0104699,quarantined,customer C800442 has no master record
transactions,T0104700,quarantined,customer C800442 has no master record
transactions,T0104928,quarantined,customer C800317 has no master record
transactions,T0104929,quarantined,customer C800317 has no master record
transactions,T0104930,quarantined,customer C800317 has no master record
transactions,T0104931,quarantined,customer C800317 has no master record
transactions,T0104932,quarantined,customer C800317 has no master record
transactions,T0105102,quarantined,customer C800291 has no master record
transactions,T0105443,quarantined,customer C800029 has no master record
transactions,T0105444,quarantined,customer C800029 has no master record
transactions,T0105445,quarantined,customer C800029 has no master record
transactions,T0105519,quarantined,customer C800248 has no master record
transactions,T0105786,quarantined,customer C800162 has no master record
transactions,T0105787,quarantined,customer C800162 has no master record
transactions,T0106170,quarantined,customer C800354 has no master record
transactions,T0106363,quarantined,customer C800213 has no master record
transactions,T0106364,quarantined,customer C800213 has no master record
transactions,T0106365,quarantined,customer C800213 has no master record
transactions,T0106535,quarantined,customer C800084 has no master record
transactions,T0106780,quarantined,customer C800440 has no master record
transactions,T0106874,quarantined,customer C800185 has no master record
transactions,T0107061,quarantined,customer C800433 has no master record
transactions,T0107062,quarantined,customer C800433 has no master record
transactions,T0107190,quarantined,customer C800322 has no master record
transactions,T0107608,quarantined,customer C800301 has no master record
transactions,T0107609,quarantined,customer C800301 has no master record
transactions,T0107610,quarantined,customer C800301 has no master record
transactions,T0107611,quarantined,customer C800301 has no master record
transactions,T0107612,quarantined,customer C800301 has no master record
transactions,T0107613,quarantined,customer C800301 has no master record
transactions,T0107750,quarantined,customer C800099 has no master record
transactions,T0107751,quarantined,customer C800099 has no master record
transactions,T0107787,quarantined,customer C800101 has no master record
transactions,T0107788,quarantined,customer C800101 has no master record
transactions,T0107789,quarantined,customer C800101 has no master record
transactions,T0000036,quarantined,product P92198 not in catalog master
transactions,T0000054,quarantined,product P91231 not in catalog master
transactions,T0000057,quarantined,product P91278 not in catalog master
transactions,T0000120,quarantined,product P90670 not in catalog master
transactions,T0000232,quarantined,product P91452 not in catalog master
transactions,T0000300,quarantined,product P92556 not in catalog master
transactions,T0000325,quarantined,product P91385 not in catalog master
transactions,T0000368,quarantined,product P91119 not in catalog master
transactions,T0000416,quarantined,product P92650 not in catalog master
transactions,T0000521,quarantined,product P90306 not in catalog master
transactions,T0000559,quarantined,product P90614 not in catalog master
transactions,T0000587,quarantined,product P90069 not in catalog master
transactions,T0000601,quarantined,product P92472 not in catalog master
transactions,T0000621,quarantined,product P91498 not in catalog master
transactions,T0000648,quarantined,product P90973 not in catalog master
transactions,T0000701,quarantined,product P92393 not in catalog master
transactions,T0000790,quarantined,product P91232 not in catalog master
transactions,T0000796,quarantined,product P91825 not in catalog master
transactions,T0000803,quarantined,product P91763 not in catalog master
transactions,T0000856,quarantined,product P91535 not in catalog master
transactions,T0000920,quarantined,product P91496 not in catalog master
transactions,T0000933,quarantined,product P90796 not in catalog master
transactions,T0001039,quarantined,product P91126 not in catalog master
transactions,T0001051,quarantined,product P92500 not in catalog master
transactions,T0001206,quarantined,product P91742 not in catalog master
transactions,T0001218,quarantined,product P90659 not in catalog master
transactions,T0001253,quarantined,product P91636 not in catalog master
transactions,T0001347,quarantined,product P92476 not in catalog master
transactions,T0001358,quarantined,product P92301 not in catalog master
transactions,T0001391,quarantined,product P90347 not in catalog master
transactions,T0001408,quarantined,product P90356 not in catalog master
transactions,T0001427,quarantined,product P90027 not in catalog master
transactions,T0001443,quarantined,product P91254 not in catalog master
transactions,T0001462,quarantined,product P91527 not in catalog master
transactions,T0001476,quarantined,product P91521 not in catalog master
transactions,T0001544,quarantined,product P90688 not in catalog master
transactions,T0001565,quarantined,product P91672 not in catalog master
transactions,T0001583,quarantined,product P91019 not in catalog master
transactions,T0001603,quarantined,product P92288 not in catalog master
transactions,T0001694,quarantined,product P91896 not in catalog master
transactions,T0001824,quarantined,product P92519 not in catalog master
transactions,T0001871,quarantined,product P90051 not in catalog master
transactions,T0001876,quarantined,product P91331 not in catalog master
transactions,T0001906,quarantined,product P92672 not in catalog master
transactions,T0001948,quarantined,product P92248 not in catalog master
transactions,T0001975,quarantined,product P91229 not in catalog master
transactions,T0001984,quarantined,product P91974 not in catalog master
transactions,T0001999,quarantined,product P91072 not in catalog master
transactions,T0002028,quarantined,product P91473 not in catalog master
transactions,T0002054,quarantined,product P90477 not in catalog master
transactions,T0002138,quarantined,product P90590 not in catalog master
transactions,T0002161,quarantined,product P92560 not in catalog master
transactions,T0002167,quarantined,product P90735 not in catalog master
transactions,T0002181,quarantined,product P91295 not in catalog master
transactions,T0002200,quarantined,product P90751 not in catalog master
transactions,T0002212,quarantined,product P92422 not in catalog master
transactions,T0002214,quarantined,product P90603 not in catalog master
transactions,T0002252,quarantined,product P90839 not in catalog master
transactions,T0002257,quarantined,product P91082 not in catalog master
transactions,T0002266,quarantined,product P92036 not in catalog master
transactions,T0002448,quarantined,product P90030 not in catalog master
transactions,T0002596,quarantined,product P91509 not in catalog master
transactions,T0002644,quarantined,product P90640 not in catalog master
transactions,T0002729,quarantined,product P90602 not in catalog master
transactions,T0002738,quarantined,product P91427 not in catalog master
transactions,T0002773,quarantined,product P90075 not in catalog master
transactions,T0002785,quarantined,product P91056 not in catalog master
transactions,T0002821,quarantined,product P90157 not in catalog master
transactions,T0002826,quarantined,product P92619 not in catalog master
transactions,T0002864,quarantined,product P91444 not in catalog master
transactions,T0002924,quarantined,product P90853 not in catalog master
transactions,T0002944,quarantined,product P91447 not in catalog master
transactions,T0003091,quarantined,product P92322 not in catalog master
transactions,T0003133,quarantined,product P90116 not in catalog master
transactions,T0003155,quarantined,product P92530 not in catalog master
transactions,T0003256,quarantined,product P91360 not in catalog master
transactions,T0003276,quarantined,product P91841 not in catalog master
transactions,T0003278,quarantined,product P91801 not in catalog master
transactions,T0003281,quarantined,product P91260 not in catalog master
transactions,T0003284,quarantined,product P92192 not in catalog master
transactions,T0003304,quarantined,product P90248 not in catalog master
transactions,T0003329,quarantined,product P91995 not in catalog master
transactions,T0003345,quarantined,product P90278 not in catalog master
transactions,T0003367,quarantined,product P92356 not in catalog master
transactions,T0003434,quarantined,product P90468 not in catalog master
transactions,T0003462,quarantined,product P91530 not in catalog master
transactions,T0003472,quarantined,product P90188 not in catalog master
transactions,T0003593,quarantined,product P91013 not in catalog master
transactions,T0003668,quarantined,product P91960 not in catalog master
transactions,T0003721,quarantined,product P91947 not in catalog master
transactions,T0003733,quarantined,product P90080 not in catalog master
transactions,T0003791,quarantined,product P90043 not in catalog master
transactions,T0003796,quarantined,product P90885 not in catalog master
transactions,T0003799,quarantined,product P90741 not in catalog master
transactions,T0003847,quarantined,product P90319 not in catalog master
transactions,T0003890,quarantined,product P91929 not in catalog master
transactions,T0003929,quarantined,product P92592 not in catalog master
transactions,T0004000,quarantined,product P90511 not in catalog master
transactions,T0004095,quarantined,product P90906 not in catalog master
transactions,T0004136,quarantined,product P91081 not in catalog master
transactions,T0004142,quarantined,product P92130 not in catalog master
transactions,T0004180,quarantined,product P91129 not in catalog master
transactions,T0004186,quarantined,product P90990 not in catalog master
transactions,T0004216,quarantined,product P90138 not in catalog master
transactions,T0004293,quarantined,product P90437 not in catalog master
transactions,T0004391,quarantined,product P91223 not in catalog master
transactions,T0004405,quarantined,product P91735 not in catalog master
transactions,T0004594,quarantined,product P91165 not in catalog master
transactions,T0004687,quarantined,product P90924 not in catalog master
transactions,T0004709,quarantined,product P90161 not in catalog master
transactions,T0004714,quarantined,product P91335 not in catalog master
transactions,T0004826,quarantined,product P91203 not in catalog master
transactions,T0004829,quarantined,product P90328 not in catalog master
transactions,T0004842,quarantined,product P92014 not in catalog master
transactions,T0004852,quarantined,product P91628 not in catalog master
transactions,T0004857,quarantined,product P92688 not in catalog master
transactions,T0004913,quarantined,product P91416 not in catalog master
transactions,T0004942,quarantined,product P90747 not in catalog master
transactions,T0005001,quarantined,product P91453 not in catalog master
transactions,T0005004,quarantined,product P91158 not in catalog master
transactions,T0005005,quarantined,product P90663 not in catalog master
transactions,T0005013,quarantined,product P90824 not in catalog master
transactions,T0005020,quarantined,product P92433 not in catalog master
transactions,T0005103,quarantined,product P90977 not in catalog master
transactions,T0005117,quarantined,product P90732 not in catalog master
transactions,T0005238,quarantined,product P90921 not in catalog master
transactions,T0005299,quarantined,product P90707 not in catalog master
transactions,T0005393,quarantined,product P91251 not in catalog master
transactions,T0005426,quarantined,product P91746 not in catalog master
transactions,T0005472,quarantined,product P90574 not in catalog master
transactions,T0005550,quarantined,product P92231 not in catalog master
transactions,T0005564,quarantined,product P90286 not in catalog master
transactions,T0005579,quarantined,product P91741 not in catalog master
transactions,T0005584,quarantined,product P92373 not in catalog master
transactions,T0005659,quarantined,product P90974 not in catalog master
transactions,T0005697,quarantined,product P90746 not in catalog master
transactions,T0005706,quarantined,product P90448 not in catalog master
transactions,T0005727,quarantined,product P92399 not in catalog master
transactions,T0005779,quarantined,product P90701 not in catalog master
transactions,T0005789,quarantined,product P91720 not in catalog master
transactions,T0005794,quarantined,product P90813 not in catalog master
transactions,T0005795,quarantined,product P90128 not in catalog master
transactions,T0005819,quarantined,product P91088 not in catalog master
transactions,T0005848,quarantined,product P92000 not in catalog master
transactions,T0005880,quarantined,product P91016 not in catalog master
transactions,T0005911,quarantined,product P90544 not in catalog master
transactions,T0005935,quarantined,product P91510 not in catalog master
transactions,T0005995,quarantined,product P91884 not in catalog master
transactions,T0006104,quarantined,product P91291 not in catalog master
transactions,T0006106,quarantined,product P91811 not in catalog master
transactions,T0006130,quarantined,product P90369 not in catalog master
transactions,T0006139,quarantined,product P91394 not in catalog master
transactions,T0006185,quarantined,product P92254 not in catalog master
transactions,T0006230,quarantined,product P90494 not in catalog master
transactions,T0006235,quarantined,product P90948 not in catalog master
transactions,T0006275,quarantined,product P92206 not in catalog master
transactions,T0006289,quarantined,product P90682 not in catalog master
transactions,T0006341,quarantined,product P91788 not in catalog master
transactions,T0006385,quarantined,product P91863 not in catalog master
transactions,T0006460,quarantined,product P90843 not in catalog master
transactions,T0006494,quarantined,product P90117 not in catalog master
transactions,T0006502,quarantined,product P91819 not in catalog master
transactions,T0006551,quarantined,product P90516 not in catalog master
transactions,T0006560,quarantined,product P91224 not in catalog master
transactions,T0006578,quarantined,product P90159 not in catalog master
transactions,T0006657,quarantined,product P91558 not in catalog master
transactions,T0006706,quarantined,product P90830 not in catalog master
transactions,T0006757,quarantined,product P90583 not in catalog master
transactions,T0006854,quarantined,product P91898 not in catalog master
transactions,T0006926,quarantined,product P91073 not in catalog master
transactions,T0007031,quarantined,product P91892 not in catalog master
transactions,T0007064,quarantined,product P90001 not in catalog master
transactions,T0007126,quarantined,product P92258 not in catalog master
transactions,T0007171,quarantined,product P90175 not in catalog master
transactions,T0007199,quarantined,product P92112 not in catalog master
transactions,T0007239,quarantined,product P90844 not in catalog master
transactions,T0007240,quarantined,product P90459 not in catalog master
transactions,T0007364,quarantined,product P91738 not in catalog master
transactions,T0007369,quarantined,product P90939 not in catalog master
transactions,T0007435,quarantined,product P92631 not in catalog master
transactions,T0007511,quarantined,product P90942 not in catalog master
transactions,T0007546,quarantined,product P90545 not in catalog master
transactions,T0007552,quarantined,product P91065 not in catalog master
transactions,T0007603,quarantined,product P90312 not in catalog master
transactions,T0007606,quarantined,product P92344 not in catalog master
transactions,T0007643,quarantined,product P92508 not in catalog master
transactions,T0007686,quarantined,product P90759 not in catalog master
transactions,T0007728,quarantined,product P92463 not in catalog master
transactions,T0007736,quarantined,product P91508 not in catalog master
transactions,T0007741,quarantined,product P90041 not in catalog master
transactions,T0007804,quarantined,product P90441 not in catalog master
transactions,T0007886,quarantined,product P90348 not in catalog master
transactions,T0007897,quarantined,product P91794 not in catalog master
transactions,T0007934,quarantined,product P90633 not in catalog master
transactions,T0008045,quarantined,product P91643 not in catalog master
transactions,T0008046,quarantined,product P90884 not in catalog master
transactions,T0008233,quarantined,product P91303 not in catalog master
transactions,T0008290,quarantined,product P90358 not in catalog master
transactions,T0008323,quarantined,product P90968 not in catalog master
transactions,T0008346,quarantined,product P90417 not in catalog master
transactions,T0008371,quarantined,product P91736 not in catalog master
transactions,T0008393,quarantined,product P90982 not in catalog master
transactions,T0008461,quarantined,product P91708 not in catalog master
transactions,T0008475,quarantined,product P90402 not in catalog master
transactions,T0008509,quarantined,product P90714 not in catalog master
transactions,T0008571,quarantined,product P91733 not in catalog master
transactions,T0008588,quarantined,product P91512 not in catalog master
transactions,T0008606,quarantined,product P92451 not in catalog master
transactions,T0008648,quarantined,product P90252 not in catalog master
transactions,T0008670,quarantined,product P91866 not in catalog master
transactions,T0008798,quarantined,product P90453 not in catalog master
transactions,T0008808,quarantined,product P90589 not in catalog master
transactions,T0008818,quarantined,product P92316 not in catalog master
transactions,T0008829,quarantined,product P90749 not in catalog master
transactions,T0008848,quarantined,product P91730 not in catalog master
transactions,T0008850,quarantined,product P91959 not in catalog master
transactions,T0008890,quarantined,product P90077 not in catalog master
transactions,T0008904,quarantined,product P92379 not in catalog master
transactions,T0008973,quarantined,product P90266 not in catalog master
transactions,T0009049,quarantined,product P91783 not in catalog master
transactions,T0009099,quarantined,product P90108 not in catalog master
transactions,T0009163,quarantined,product P90493 not in catalog master
transactions,T0009205,quarantined,product P92669 not in catalog master
transactions,T0009220,quarantined,product P91487 not in catalog master
transactions,T0009273,quarantined,product P90182 not in catalog master
transactions,T0009342,quarantined,product P91075 not in catalog master
transactions,T0009348,quarantined,product P91799 not in catalog master
transactions,T0009350,quarantined,product P91058 not in catalog master
transactions,T0009360,quarantined,product P90527 not in catalog master
transactions,T0009385,quarantined,product P91406 not in catalog master
transactions,T0009392,quarantined,product P91607 not in catalog master
transactions,T0009413,quarantined,product P90831 not in catalog master
transactions,T0009494,quarantined,product P91372 not in catalog master
transactions,T0009577,quarantined,product P91495 not in catalog master
transactions,T0009601,quarantined,product P92374 not in catalog master
transactions,T0009629,quarantined,product P92275 not in catalog master
transactions,T0009634,quarantined,product P90210 not in catalog master
transactions,T0009664,quarantined,product P91060 not in catalog master
transactions,T0009671,quarantined,product P92264 not in catalog master
transactions,T0009717,quarantined,product P90768 not in catalog master
transactions,T0009734,quarantined,product P90337 not in catalog master
transactions,T0009735,quarantined,product P90538 not in catalog master
transactions,T0009744,quarantined,product P92529 not in catalog master
transactions,T0009793,quarantined,product P90469 not in catalog master
transactions,T0009819,quarantined,product P91938 not in catalog master
transactions,T0009834,quarantined,product P90514 not in catalog master
transactions,T0009889,quarantined,product P92658 not in catalog master
transactions,T0009951,quarantined,product P91211 not in catalog master
transactions,T0009961,quarantined,product P90317 not in catalog master
transactions,T0009971,quarantined,product P91215 not in catalog master
transactions,T0010075,quarantined,product P90812 not in catalog master
transactions,T0010106,quarantined,product P92515 not in catalog master
transactions,T0010108,quarantined,product P90318 not in catalog master
transactions,T0010181,quarantined,product P90036 not in catalog master
transactions,T0010204,quarantined,product P91097 not in catalog master
transactions,T0010277,quarantined,product P90829 not in catalog master
transactions,T0010317,quarantined,product P92501 not in catalog master
transactions,T0010335,quarantined,product P90427 not in catalog master
transactions,T0010386,quarantined,product P90171 not in catalog master
transactions,T0010396,quarantined,product P92649 not in catalog master
transactions,T0010408,quarantined,product P91697 not in catalog master
transactions,T0010473,quarantined,product P90703 not in catalog master
transactions,T0010497,quarantined,product P92389 not in catalog master
transactions,T0010528,quarantined,product P91590 not in catalog master
transactions,T0010536,quarantined,product P90267 not in catalog master
transactions,T0010609,quarantined,product P90243 not in catalog master
transactions,T0010632,quarantined,product P92132 not in catalog master
transactions,T0010707,quarantined,product P90201 not in catalog master
transactions,T0010743,quarantined,product P91525 not in catalog master
transactions,T0010762,quarantined,product P90632 not in catalog master
transactions,T0010782,quarantined,product P92180 not in catalog master
transactions,T0010812,quarantined,product P92325 not in catalog master
transactions,T0010944,quarantined,product P91597 not in catalog master
transactions,T0010953,quarantined,product P91198 not in catalog master
transactions,T0011033,quarantined,product P91280 not in catalog master
transactions,T0011049,quarantined,product P90433 not in catalog master
transactions,T0011057,quarantined,product P91422 not in catalog master
transactions,T0011098,quarantined,product P90227 not in catalog master
transactions,T0011184,quarantined,product P90951 not in catalog master
transactions,T0011223,quarantined,product P92581 not in catalog master
transactions,T0011343,quarantined,product P91957 not in catalog master
transactions,T0011427,quarantined,product P91536 not in catalog master
transactions,T0011445,quarantined,product P91666 not in catalog master
transactions,T0011487,quarantined,product P91188 not in catalog master
transactions,T0011501,quarantined,product P91675 not in catalog master
transactions,T0011553,quarantined,product P91354 not in catalog master
transactions,T0011720,quarantined,product P92174 not in catalog master
transactions,T0011760,quarantined,product P91918 not in catalog master
transactions,T0011878,quarantined,product P92380 not in catalog master
transactions,T0011902,quarantined,product P91793 not in catalog master
transactions,T0011918,quarantined,product P92041 not in catalog master
transactions,T0011989,quarantined,product P90572 not in catalog master
transactions,T0012022,quarantined,product P91541 not in catalog master
transactions,T0012101,quarantined,product P90190 not in catalog master
transactions,T0012143,quarantined,product P90457 not in catalog master
transactions,T0012150,quarantined,product P90351 not in catalog master
transactions,T0012153,quarantined,product P92551 not in catalog master
transactions,T0012162,quarantined,product P92457 not in catalog master
transactions,T0012164,quarantined,product P91222 not in catalog master
transactions,T0012193,quarantined,product P91945 not in catalog master
transactions,T0012233,quarantined,product P92115 not in catalog master
transactions,T0012238,quarantined,product P92666 not in catalog master
transactions,T0012253,quarantined,product P90153 not in catalog master
transactions,T0012278,quarantined,product P91039 not in catalog master
transactions,T0012373,quarantined,product P90530 not in catalog master
transactions,T0012461,quarantined,product P91567 not in catalog master
transactions,T0012463,quarantined,product P92023 not in catalog master
transactions,T0012486,quarantined,product P91265 not in catalog master
transactions,T0012500,quarantined,product P91878 not in catalog master
transactions,T0012546,quarantined,product P92168 not in catalog master
transactions,T0012578,quarantined,product P91531 not in catalog master
transactions,T0012663,quarantined,product P90862 not in catalog master
transactions,T0012723,quarantined,product P92533 not in catalog master
transactions,T0012785,quarantined,product P92307 not in catalog master
transactions,T0012978,quarantined,product P92183 not in catalog master
transactions,T0013007,quarantined,product P90557 not in catalog master
transactions,T0013010,quarantined,product P91921 not in catalog master
transactions,T0013053,quarantined,product P92209 not in catalog master
transactions,T0013060,quarantined,product P90575 not in catalog master
transactions,T0013063,quarantined,product P92505 not in catalog master
transactions,T0013100,quarantined,product P92012 not in catalog master
transactions,T0013133,quarantined,product P91365 not in catalog master
transactions,T0013177,quarantined,product P91053 not in catalog master
transactions,T0013179,quarantined,product P90995 not in catalog master
transactions,T0013187,quarantined,product P91079 not in catalog master
transactions,T0013260,quarantined,product P92175 not in catalog master
transactions,T0013371,quarantined,product P92247 not in catalog master
transactions,T0013373,quarantined,product P91802 not in catalog master
transactions,T0013423,quarantined,product P91931 not in catalog master
transactions,T0013511,quarantined,product P90284 not in catalog master
transactions,T0013546,quarantined,product P91202 not in catalog master
transactions,T0013622,quarantined,product P91435 not in catalog master
transactions,T0013626,quarantined,product P91882 not in catalog master
transactions,T0013726,quarantined,product P90902 not in catalog master
transactions,T0013759,quarantined,product P91553 not in catalog master
transactions,T0013774,quarantined,product P90273 not in catalog master
transactions,T0013802,quarantined,product P90607 not in catalog master
transactions,T0013833,quarantined,product P90941 not in catalog master
transactions,T0013835,quarantined,product P91842 not in catalog master
transactions,T0013852,quarantined,product P91186 not in catalog master
transactions,T0013865,quarantined,product P92498 not in catalog master
transactions,T0013936,quarantined,product P92158 not in catalog master
transactions,T0013941,quarantined,product P91549 not in catalog master
transactions,T0013942,quarantined,product P90748 not in catalog master
transactions,T0013996,quarantined,product P91979 not in catalog master
transactions,T0014000,quarantined,product P90262 not in catalog master
transactions,T0014058,quarantined,product P90324 not in catalog master
transactions,T0014061,quarantined,product P90834 not in catalog master
transactions,T0014089,quarantined,product P90743 not in catalog master
transactions,T0014098,quarantined,product P90400 not in catalog master
transactions,T0014122,quarantined,product P92483 not in catalog master
transactions,T0014124,quarantined,product P90194 not in catalog master
transactions,T0014231,quarantined,product P92653 not in catalog master
transactions,T0014243,quarantined,product P92310 not in catalog master
transactions,T0014272,quarantined,product P91127 not in catalog master
transactions,T0014284,quarantined,product P92648 not in catalog master
transactions,T0014358,quarantined,product P90146 not in catalog master
transactions,T0014371,quarantined,product P90012 not in catalog master
transactions,T0014383,quarantined,product P91795 not in catalog master
transactions,T0014417,quarantined,product P90371 not in catalog master
transactions,T0014425,quarantined,product P92050 not in catalog master
transactions,T0014433,quarantined,product P92627 not in catalog master
transactions,T0014435,quarantined,product P90903 not in catalog master
transactions,T0014482,quarantined,product P90357 not in catalog master
transactions,T0014516,quarantined,product P92557 not in catalog master
transactions,T0014566,quarantined,product P91099 not in catalog master
transactions,T0014592,quarantined,product P91420 not in catalog master
transactions,T0014597,quarantined,product P90745 not in catalog master
transactions,T0014605,quarantined,product P91112 not in catalog master
transactions,T0014628,quarantined,product P90936 not in catalog master
transactions,T0014732,quarantined,product P91286 not in catalog master
transactions,T0014734,quarantined,product P91111 not in catalog master
transactions,T0014806,quarantined,product P90486 not in catalog master
transactions,T0014816,quarantined,product P90258 not in catalog master
transactions,T0014849,quarantined,product P91343 not in catalog master
transactions,T0014868,quarantined,product P90934 not in catalog master
transactions,T0014931,quarantined,product P92151 not in catalog master
transactions,T0014987,quarantined,product P90505 not in catalog master
transactions,T0015021,quarantined,product P91968 not in catalog master
transactions,T0015041,quarantined,product P91299 not in catalog master
transactions,T0015095,quarantined,product P92336 not in catalog master
transactions,T0015111,quarantined,product P90308 not in catalog master
transactions,T0015179,quarantined,product P92232 not in catalog master
transactions,T0015193,quarantined,product P90187 not in catalog master
transactions,T0015205,quarantined,product P90668 not in catalog master
transactions,T0015329,quarantined,product P92599 not in catalog master
transactions,T0015360,quarantined,product P91256 not in catalog master
transactions,T0015502,quarantined,product P90118 not in catalog master
transactions,T0015578,quarantined,product P92006 not in catalog master
transactions,T0015673,quarantined,product P92665 not in catalog master
transactions,T0015681,quarantined,product P91967 not in catalog master
transactions,T0015684,quarantined,product P92043 not in catalog master
transactions,T0015688,quarantined,product P91569 not in catalog master
transactions,T0015731,quarantined,product P92075 not in catalog master
transactions,T0015753,quarantined,product P91490 not in catalog master
transactions,T0016046,quarantined,product P91987 not in catalog master
transactions,T0016057,quarantined,product P90098 not in catalog master
transactions,T0016079,quarantined,product P92083 not in catalog master
transactions,T0016108,quarantined,product P91078 not in catalog master
transactions,T0016117,quarantined,product P90028 not in catalog master
transactions,T0016183,quarantined,product P91220 not in catalog master
transactions,T0016265,quarantined,product P90919 not in catalog master
transactions,T0016356,quarantined,product P90904 not in catalog master
transactions,T0016368,quarantined,product P92212 not in catalog master
transactions,T0016426,quarantined,product P91425 not in catalog master
transactions,T0016459,quarantined,product P90513 not in catalog master
transactions,T0016463,quarantined,product P90783 not in catalog master
transactions,T0016487,quarantined,product P90271 not in catalog master
transactions,T0016513,quarantined,product P91904 not in catalog master
transactions,T0016574,quarantined,product P90555 not in catalog master
transactions,T0016648,quarantined,product P90335 not in catalog master
transactions,T0016682,quarantined,product P90135 not in catalog master
transactions,T0016699,quarantined,product P91261 not in catalog master
transactions,T0016754,quarantined,product P91325 not in catalog master
transactions,T0016766,quarantined,product P90644 not in catalog master
transactions,T0016768,quarantined,product P90167 not in catalog master
transactions,T0016809,quarantined,product P92207 not in catalog master
transactions,T0016814,quarantined,product P91399 not in catalog master
transactions,T0016828,quarantined,product P92637 not in catalog master
transactions,T0016904,quarantined,product P90978 not in catalog master
transactions,T0016932,quarantined,product P91029 not in catalog master
transactions,T0016991,quarantined,product P92287 not in catalog master
transactions,T0017002,quarantined,product P90739 not in catalog master
transactions,T0017030,quarantined,product P92378 not in catalog master
transactions,T0017191,quarantined,product P90034 not in catalog master
transactions,T0017198,quarantined,product P90137 not in catalog master
transactions,T0017337,quarantined,product P90923 not in catalog master
transactions,T0017362,quarantined,product P92408 not in catalog master
transactions,T0017407,quarantined,product P91054 not in catalog master
transactions,T0017447,quarantined,product P92578 not in catalog master
transactions,T0017468,quarantined,product P92584 not in catalog master
transactions,T0017518,quarantined,product P90576 not in catalog master
transactions,T0017519,quarantined,product P91146 not in catalog master
transactions,T0017608,quarantined,product P90757 not in catalog master
transactions,T0017621,quarantined,product P92297 not in catalog master
transactions,T0017635,quarantined,product P92085 not in catalog master
transactions,T0017657,quarantined,product P90125 not in catalog master
transactions,T0017717,quarantined,product P90412 not in catalog master
transactions,T0017718,quarantined,product P92154 not in catalog master
transactions,T0017741,quarantined,product P91413 not in catalog master
transactions,T0017793,quarantined,product P91700 not in catalog master
transactions,T0017830,quarantined,product P91353 not in catalog master
transactions,T0017838,quarantined,product P90265 not in catalog master
transactions,T0017894,quarantined,product P92659 not in catalog master
transactions,T0017908,quarantined,product P92394 not in catalog master
transactions,T0017910,quarantined,product P91272 not in catalog master
transactions,T0017949,quarantined,product P92347 not in catalog master
transactions,T0017957,quarantined,product P92095 not in catalog master
transactions,T0018007,quarantined,product P91410 not in catalog master
transactions,T0018086,quarantined,product P90064 not in catalog master
transactions,T0018127,quarantined,product P90865 not in catalog master
transactions,T0018159,quarantined,product P90192 not in catalog master
transactions,T0018219,quarantined,product P91041 not in catalog master
transactions,T0018233,quarantined,product P92350 not in catalog master
transactions,T0018242,quarantined,product P92674 not in catalog master
transactions,T0018266,quarantined,product P90372 not in catalog master
transactions,T0018307,quarantined,product P91856 not in catalog master
transactions,T0018326,quarantined,product P92035 not in catalog master
transactions,T0018378,quarantined,product P91359 not in catalog master
transactions,T0018390,quarantined,product P91669 not in catalog master
transactions,T0018534,quarantined,product P91159 not in catalog master
transactions,T0018544,quarantined,product P92570 not in catalog master
transactions,T0018572,quarantined,product P92199 not in catalog master
transactions,T0018624,quarantined,product P92144 not in catalog master
transactions,T0018680,quarantined,product P92008 not in catalog master
transactions,T0018696,quarantined,product P91349 not in catalog master
transactions,T0018705,quarantined,product P91212 not in catalog master
transactions,T0018744,quarantined,product P91545 not in catalog master
transactions,T0018749,quarantined,product P92647 not in catalog master
transactions,T0018759,quarantined,product P92139 not in catalog master
transactions,T0018803,quarantined,product P90860 not in catalog master
transactions,T0018805,quarantined,product P90250 not in catalog master
transactions,T0018837,quarantined,product P90605 not in catalog master
transactions,T0018876,quarantined,product P90141 not in catalog master
transactions,T0018964,quarantined,product P91854 not in catalog master
transactions,T0019004,quarantined,product P91100 not in catalog master
transactions,T0019042,quarantined,product P92499 not in catalog master
transactions,T0019060,quarantined,product P90755 not in catalog master
transactions,T0019077,quarantined,product P92523 not in catalog master
transactions,T0019141,quarantined,product P92601 not in catalog master
transactions,T0019173,quarantined,product P90704 not in catalog master
transactions,T0019189,quarantined,product P91827 not in catalog master
transactions,T0019193,quarantined,product P90935 not in catalog master
transactions,T0019199,quarantined,product P91317 not in catalog master
transactions,T0019230,quarantined,product P91654 not in catalog master
transactions,T0019336,quarantined,product P90822 not in catalog master
transactions,T0019396,quarantined,product P91069 not in catalog master
transactions,T0019444,quarantined,product P90104 not in catalog master
transactions,T0019539,quarantined,product P90861 not in catalog master
transactions,T0019540,quarantined,product P91859 not in catalog master
transactions,T0019561,quarantined,product P92576 not in catalog master
transactions,T0019563,quarantined,product P90908 not in catalog master
transactions,T0019634,quarantined,product P90014 not in catalog master
transactions,T0019647,quarantined,product P91132 not in catalog master
transactions,T0019740,quarantined,product P91690 not in catalog master
transactions,T0019784,quarantined,product P92073 not in catalog master
transactions,T0019799,quarantined,product P91758 not in catalog master
transactions,T0019851,quarantined,product P91071 not in catalog master
transactions,T0019855,quarantined,product P90299 not in catalog master
transactions,T0019864,quarantined,product P90232 not in catalog master
transactions,T0019865,quarantined,product P92407 not in catalog master
transactions,T0019975,quarantined,product P92255 not in catalog master
transactions,T0020098,quarantined,product P91723 not in catalog master
transactions,T0020109,quarantined,product P90629 not in catalog master
transactions,T0020119,quarantined,product P90057 not in catalog master
transactions,T0020120,quarantined,product P90480 not in catalog master
transactions,T0020145,quarantined,product P91154 not in catalog master
transactions,T0020151,quarantined,product P91470 not in catalog master
transactions,T0020211,quarantined,product P92082 not in catalog master
transactions,T0020248,quarantined,product P91875 not in catalog master
transactions,T0020249,quarantined,product P90205 not in catalog master
transactions,T0020307,quarantined,product P92005 not in catalog master
transactions,T0020364,quarantined,product P90332 not in catalog master
transactions,T0020378,quarantined,product P92602 not in catalog master
transactions,T0020467,quarantined,product P91865 not in catalog master
transactions,T0020507,quarantined,product P92225 not in catalog master
transactions,T0020547,quarantined,product P90630 not in catalog master
transactions,T0020594,quarantined,product P91020 not in catalog master
transactions,T0020597,quarantined,product P91782 not in catalog master
transactions,T0020608,quarantined,product P92315 not in catalog master
transactions,T0020619,quarantined,product P92524 not in catalog master
transactions,T0020649,quarantined,product P91517 not in catalog master
transactions,T0020708,quarantined,product P91619 not in catalog master
transactions,T0020746,quarantined,product P91529 not in catalog master
transactions,T0020755,quarantined,product P91491 not in catalog master
transactions,T0020785,quarantined,product P92205 not in catalog master
transactions,T0020895,quarantined,product P91002 not in catalog master
transactions,T0020932,quarantined,product P90910 not in catalog master
transactions,T0020942,quarantined,product P92265 not in catalog master
transactions,T0020962,quarantined,product P92641 not in catalog master
transactions,T0021068,quarantined,product P90063 not in catalog master
transactions,T0021074,quarantined,product P90997 not in catalog master
transactions,T0021091,quarantined,product P92361 not in catalog master
transactions,T0021103,quarantined,product P92503 not in catalog master
transactions,T0021157,quarantined,product P90744 not in catalog master
transactions,T0021255,quarantined,product P92136 not in catalog master
transactions,T0021343,quarantined,product P91650 not in catalog master
transactions,T0021354,quarantined,product P91907 not in catalog master
transactions,T0021362,quarantined,product P91885 not in catalog master
transactions,T0021386,quarantined,product P92415 not in catalog master
transactions,T0021584,quarantined,product P90342 not in catalog master
transactions,T0021602,quarantined,product P90200 not in catalog master
transactions,T0021648,quarantined,product P90616 not in catalog master
transactions,T0021715,quarantined,product P90946 not in catalog master
transactions,T0021721,quarantined,product P91141 not in catalog master
transactions,T0021723,quarantined,product P91998 not in catalog master
transactions,T0021745,quarantined,product P91905 not in catalog master
transactions,T0021749,quarantined,product P90268 not in catalog master
transactions,T0021763,quarantined,product P92444 not in catalog master
transactions,T0021777,quarantined,product P92568 not in catalog master
transactions,T0021789,quarantined,product P90395 not in catalog master
transactions,T0021825,quarantined,product P91631 not in catalog master
transactions,T0021833,quarantined,product P90054 not in catalog master
transactions,T0021880,quarantined,product P91074 not in catalog master
transactions,T0021884,quarantined,product P91982 not in catalog master
transactions,T0021895,quarantined,product P90065 not in catalog master
transactions,T0021906,quarantined,product P90956 not in catalog master
transactions,T0021978,quarantined,product P91670 not in catalog master
transactions,T0022034,quarantined,product P91339 not in catalog master
transactions,T0022051,quarantined,product P92182 not in catalog master
transactions,T0022070,quarantined,product P91057 not in catalog master
transactions,T0022074,quarantined,product P92470 not in catalog master
transactions,T0022077,quarantined,product P91602 not in catalog master
transactions,T0022088,quarantined,product P92123 not in catalog master
transactions,T0022181,quarantined,product P91970 not in catalog master
transactions,T0022209,quarantined,product P90068 not in catalog master
transactions,T0022225,quarantined,product P91701 not in catalog master
transactions,T0022240,quarantined,product P92436 not in catalog master
transactions,T0022279,quarantined,product P92311 not in catalog master
transactions,T0022309,quarantined,product P92269 not in catalog master
transactions,T0022354,quarantined,product P91356 not in catalog master
transactions,T0022422,quarantined,product P90019 not in catalog master
transactions,T0022428,quarantined,product P92027 not in catalog master
transactions,T0022451,quarantined,product P92684 not in catalog master
transactions,T0022454,quarantined,product P91940 not in catalog master
transactions,T0022591,quarantined,product P90199 not in catalog master
transactions,T0022691,quarantined,product P91688 not in catalog master
transactions,T0022697,quarantined,product P92639 not in catalog master
transactions,T0022718,quarantined,product P91813 not in catalog master
transactions,T0022843,quarantined,product P90022 not in catalog master
transactions,T0022911,quarantined,product P90880 not in catalog master
transactions,T0022939,quarantined,product P90388 not in catalog master
transactions,T0022983,quarantined,product P91984 not in catalog master
transactions,T0023105,quarantined,product P91713 not in catalog master
transactions,T0023136,quarantined,product P91246 not in catalog master
transactions,T0023213,quarantined,product P91055 not in catalog master
transactions,T0023260,quarantined,product P91678 not in catalog master
transactions,T0023275,quarantined,product P92031 not in catalog master
transactions,T0023331,quarantined,product P91993 not in catalog master
transactions,T0023336,quarantined,product P91037 not in catalog master
transactions,T0023350,quarantined,product P91516 not in catalog master
transactions,T0023444,quarantined,product P92478 not in catalog master
transactions,T0023483,quarantined,product P90705 not in catalog master
transactions,T0023508,quarantined,product P92340 not in catalog master
transactions,T0023539,quarantined,product P90038 not in catalog master
transactions,T0023564,quarantined,product P90431 not in catalog master
transactions,T0023611,quarantined,product P91780 not in catalog master
transactions,T0023623,quarantined,product P91195 not in catalog master
transactions,T0023635,quarantined,product P90599 not in catalog master
transactions,T0023674,quarantined,product P92318 not in catalog master
transactions,T0023687,quarantined,product P90228 not in catalog master
transactions,T0023756,quarantined,product P90263 not in catalog master
transactions,T0023879,quarantined,product P90329 not in catalog master
transactions,T0023903,quarantined,product P91010 not in catalog master
transactions,T0023932,quarantined,product P91555 not in catalog master
transactions,T0023940,quarantined,product P90432 not in catalog master
transactions,T0023997,quarantined,product P90761 not in catalog master
transactions,T0024006,quarantined,product P92024 not in catalog master
transactions,T0024041,quarantined,product P92403 not in catalog master
transactions,T0024082,quarantined,product P92187 not in catalog master
transactions,T0024109,quarantined,product P92445 not in catalog master
transactions,T0024148,quarantined,product P91832 not in catalog master
transactions,T0024156,quarantined,product P90168 not in catalog master
transactions,T0024163,quarantined,product P90680 not in catalog master
transactions,T0024188,quarantined,product P92118 not in catalog master
transactions,T0024198,quarantined,product P90485 not in catalog master
transactions,T0024203,quarantined,product P91501 not in catalog master
transactions,T0024244,quarantined,product P90801 not in catalog master
transactions,T0024276,quarantined,product P92636 not in catalog master
transactions,T0024321,quarantined,product P90710 not in catalog master
transactions,T0024330,quarantined,product P92554 not in catalog master
transactions,T0024446,quarantined,product P90475 not in catalog master
transactions,T0024454,quarantined,product P91849 not in catalog master
transactions,T0024461,quarantined,product P92100 not in catalog master
transactions,T0024462,quarantined,product P91230 not in catalog master
transactions,T0024475,quarantined,product P91340 not in catalog master
transactions,T0024480,quarantined,product P90551 not in catalog master
transactions,T0024484,quarantined,product P90926 not in catalog master
transactions,T0024496,quarantined,product P90893 not in catalog master
transactions,T0024509,quarantined,product P90852 not in catalog master
transactions,T0024514,quarantined,product P90229 not in catalog master
transactions,T0024538,quarantined,product P92070 not in catalog master
transactions,T0024542,quarantined,product P90482 not in catalog master
transactions,T0024572,quarantined,product P90776 not in catalog master
transactions,T0024667,quarantined,product P91692 not in catalog master
transactions,T0024668,quarantined,product P91624 not in catalog master
transactions,T0024722,quarantined,product P91239 not in catalog master
transactions,T0024731,quarantined,product P92260 not in catalog master
transactions,T0024789,quarantined,product P91828 not in catalog master
transactions,T0024845,quarantined,product P90376 not in catalog master
transactions,T0024878,quarantined,product P90430 not in catalog master
transactions,T0024929,quarantined,product P90017 not in catalog master
transactions,T0024970,quarantined,product P91573 not in catalog master
transactions,T0025097,quarantined,product P90836 not in catalog master
transactions,T0025124,quarantined,product P92629 not in catalog master
transactions,T0025177,quarantined,product P91018 not in catalog master
transactions,T0025225,quarantined,product P90294 not in catalog master
transactions,T0025308,quarantined,product P91187 not in catalog master
transactions,T0025320,quarantined,product P92211 not in catalog master
transactions,T0025337,quarantined,product P90113 not in catalog master
transactions,T0025390,quarantined,product P91644 not in catalog master
transactions,T0025427,quarantined,product P91642 not in catalog master
transactions,T0025462,quarantined,product P90362 not in catalog master
transactions,T0025502,quarantined,product P90517 not in catalog master
transactions,T0025515,quarantined,product P91047 not in catalog master
transactions,T0025576,quarantined,product P91431 not in catalog master
transactions,T0025661,quarantined,product P91052 not in catalog master
transactions,T0025747,quarantined,product P92034 not in catalog master
transactions,T0025809,quarantined,product P91044 not in catalog master
transactions,T0025898,quarantined,product P92420 not in catalog master
transactions,T0025920,quarantined,product P92189 not in catalog master
transactions,T0025924,quarantined,product P90767 not in catalog master
transactions,T0026030,quarantined,product P91433 not in catalog master
transactions,T0026040,quarantined,product P90413 not in catalog master
transactions,T0026087,quarantined,product P90088 not in catalog master
transactions,T0026093,quarantined,product P91297 not in catalog master
transactions,T0026145,quarantined,product P90532 not in catalog master
transactions,T0026174,quarantined,product P90166 not in catalog master
transactions,T0026208,quarantined,product P90869 not in catalog master
transactions,T0026216,quarantined,product P90261 not in catalog master
transactions,T0026302,quarantined,product P92512 not in catalog master
transactions,T0026353,quarantined,product P91213 not in catalog master
transactions,T0026516,quarantined,product P92487 not in catalog master
transactions,T0026548,quarantined,product P90079 not in catalog master
transactions,T0026596,quarantined,product P92676 not in catalog master
transactions,T0026655,quarantined,product P92522 not in catalog master
transactions,T0026723,quarantined,product P90993 not in catalog master
transactions,T0026783,quarantined,product P92532 not in catalog master
transactions,T0026859,quarantined,product P92402 not in catalog master
transactions,T0026868,quarantined,product P91033 not in catalog master
transactions,T0026879,quarantined,product P91814 not in catalog master
transactions,T0026916,quarantined,product P91691 not in catalog master
transactions,T0026920,quarantined,product P91467 not in catalog master
transactions,T0026930,quarantined,product P91418 not in catalog master
transactions,T0027031,quarantined,product P90617 not in catalog master
transactions,T0027037,quarantined,product P90570 not in catalog master
transactions,T0027045,quarantined,product P92464 not in catalog master
transactions,T0027120,quarantined,product P92661 not in catalog master
transactions,T0027136,quarantined,product P91407 not in catalog master
transactions,T0027171,quarantined,product P92244 not in catalog master
transactions,T0027274,quarantined,product P90155 not in catalog master
transactions,T0027280,quarantined,product P91451 not in catalog master
transactions,T0027452,quarantined,product P90726 not in catalog master
transactions,T0027499,quarantined,product P91122 not in catalog master
transactions,T0027513,quarantined,product P92044 not in catalog master
transactions,T0027586,quarantined,product P90170 not in catalog master
transactions,T0027594,quarantined,product P90595 not in catalog master
transactions,T0027600,quarantined,product P92352 not in catalog master
transactions,T0027625,quarantined,product P91976 not in catalog master
transactions,T0027626,quarantined,product P91714 not in catalog master
transactions,T0027741,quarantined,product P92184 not in catalog master
transactions,T0027745,quarantined,product P91387 not in catalog master
transactions,T0027821,quarantined,product P92037 not in catalog master
transactions,T0027913,quarantined,product P90206 not in catalog master
transactions,T0027938,quarantined,product P92089 not in catalog master
transactions,T0027945,quarantined,product P90588 not in catalog master
transactions,T0028101,quarantined,product P92259 not in catalog master
transactions,T0028155,quarantined,product P90811 not in catalog master
transactions,T0028277,quarantined,product P90309 not in catalog master
transactions,T0028348,quarantined,product P90338 not in catalog master
transactions,T0028379,quarantined,product P90389 not in catalog master
transactions,T0028398,quarantined,product P91891 not in catalog master
transactions,T0028557,quarantined,product P91500 not in catalog master
transactions,T0028566,quarantined,product P92177 not in catalog master
transactions,T0028606,quarantined,product P91305 not in catalog master
transactions,T0028658,quarantined,product P92518 not in catalog master
transactions,T0028680,quarantined,product P90010 not in catalog master
transactions,T0028695,quarantined,product P91956 not in catalog master
transactions,T0028824,quarantined,product P91312 not in catalog master
transactions,T0028833,quarantined,product P90654 not in catalog master
transactions,T0028855,quarantined,product P90729 not in catalog master
transactions,T0028905,quarantined,product P92633 not in catalog master
transactions,T0028919,quarantined,product P91084 not in catalog master
transactions,T0028924,quarantined,product P91032 not in catalog master
transactions,T0028934,quarantined,product P90240 not in catalog master
transactions,T0028938,quarantined,product P92662 not in catalog master
transactions,T0028988,quarantined,product P91889 not in catalog master
transactions,T0029125,quarantined,product P91488 not in catalog master
transactions,T0029137,quarantined,product P90476 not in catalog master
transactions,T0029143,quarantined,product P92690 not in catalog master
transactions,T0029174,quarantined,product P90114 not in catalog master
transactions,T0029230,quarantined,product P91796 not in catalog master
transactions,T0029278,quarantined,product P91173 not in catalog master
transactions,T0029311,quarantined,product P92535 not in catalog master
transactions,T0029312,quarantined,product P91574 not in catalog master
transactions,T0029345,quarantined,product P90610 not in catalog master
transactions,T0029411,quarantined,product P92461 not in catalog master
transactions,T0029444,quarantined,product P92497 not in catalog master
transactions,T0029475,quarantined,product P90160 not in catalog master
transactions,T0029483,quarantined,product P90913 not in catalog master
transactions,T0029629,quarantined,product P90144 not in catalog master
transactions,T0029631,quarantined,product P90295 not in catalog master
transactions,T0029633,quarantined,product P91499 not in catalog master
transactions,T0029744,quarantined,product P91245 not in catalog master
transactions,T0029792,quarantined,product P92161 not in catalog master
transactions,T0029805,quarantined,product P90698 not in catalog master
transactions,T0029818,quarantined,product P91948 not in catalog master
transactions,T0029894,quarantined,product P90251 not in catalog master
transactions,T0029953,quarantined,product P90500 not in catalog master
transactions,T0029990,quarantined,product P90496 not in catalog master
transactions,T0030012,quarantined,product P90522 not in catalog master
transactions,T0030024,quarantined,product P91870 not in catalog master
transactions,T0030084,quarantined,product P90781 not in catalog master
transactions,T0030110,quarantined,product P92479 not in catalog master
transactions,T0030137,quarantined,product P92179 not in catalog master
transactions,T0030177,quarantined,product P91091 not in catalog master
transactions,T0030200,quarantined,product P91652 not in catalog master
transactions,T0030207,quarantined,product P91150 not in catalog master
transactions,T0030210,quarantined,product P92683 not in catalog master
transactions,T0030217,quarantined,product P91318 not in catalog master
transactions,T0030227,quarantined,product P92300 not in catalog master
transactions,T0030229,quarantined,product P92286 not in catalog master
transactions,T0030415,quarantined,product P90802 not in catalog master
transactions,T0030434,quarantined,product P90176 not in catalog master
transactions,T0030476,quarantined,product P90259 not in catalog master
transactions,T0030510,quarantined,product P92236 not in catalog master
transactions,T0030520,quarantined,product P90970 not in catalog master
transactions,T0030533,quarantined,product P90256 not in catalog master
transactions,T0030573,quarantined,product P91610 not in catalog master
transactions,T0030577,quarantined,product P91210 not in catalog master
transactions,T0030588,quarantined,product P91867 not in catalog master
transactions,T0030628,quarantined,product P92473 not in catalog master
transactions,T0030629,quarantined,product P91612 not in catalog master
transactions,T0030635,quarantined,product P92303 not in catalog master
transactions,T0030642,quarantined,product P90803 not in catalog master
transactions,T0030666,quarantined,product P90758 not in catalog master
transactions,T0030671,quarantined,product P90053 not in catalog master
transactions,T0030672,quarantined,product P92157 not in catalog master
transactions,T0030679,quarantined,product P90969 not in catalog master
transactions,T0030700,quarantined,product P90191 not in catalog master
transactions,T0030743,quarantined,product P92048 not in catalog master
transactions,T0030794,quarantined,product P92190 not in catalog master
transactions,T0030808,quarantined,product P90773 not in catalog master
transactions,T0030809,quarantined,product P90700 not in catalog master
transactions,T0030826,quarantined,product P91637 not in catalog master
transactions,T0030830,quarantined,product P90954 not in catalog master
transactions,T0030848,quarantined,product P91163 not in catalog master
transactions,T0030906,quarantined,product P90467 not in catalog master
transactions,T0031014,quarantined,product P90546 not in catalog master
transactions,T0031074,quarantined,product P92304 not in catalog master
transactions,T0031083,quarantined,product P91800 not in catalog master
transactions,T0031106,quarantined,product P92549 not in catalog master
transactions,T0031128,quarantined,product P92449 not in catalog master
transactions,T0031150,quarantined,product P90394 not in catalog master
transactions,T0031332,quarantined,product P91899 not in catalog master
transactions,T0031348,quarantined,product P92068 not in catalog master
transactions,T0031359,quarantined,product P92411 not in catalog master
transactions,T0031393,quarantined,product P92334 not in catalog master
transactions,T0031426,quarantined,product P91712 not in catalog master
transactions,T0031431,quarantined,product P91611 not in catalog master
transactions,T0031526,quarantined,product P90568 not in catalog master
transactions,T0031538,quarantined,product P91043 not in catalog master
transactions,T0031652,quarantined,product P92589 not in catalog master
transactions,T0031659,quarantined,product P90209 not in catalog master
transactions,T0031720,quarantined,product P91333 not in catalog master
transactions,T0031727,quarantined,product P92270 not in catalog master
transactions,T0031751,quarantined,product P90770 not in catalog master
transactions,T0031753,quarantined,product P91284 not in catalog master
transactions,T0031770,quarantined,product P91193 not in catalog master
transactions,T0031829,quarantined,product P91258 not in catalog master
transactions,T0031846,quarantined,product P91357 not in catalog master
transactions,T0031867,quarantined,product P91839 not in catalog master
transactions,T0031893,quarantined,product P92117 not in catalog master
transactions,T0031930,quarantined,product P91494 not in catalog master
transactions,T0032040,quarantined,product P92292 not in catalog master
transactions,T0032142,quarantined,product P90547 not in catalog master
transactions,T0032209,quarantined,product P90449 not in catalog master
transactions,T0032239,quarantined,product P91638 not in catalog master
transactions,T0032265,quarantined,product P92615 not in catalog master
transactions,T0032298,quarantined,product P92331 not in catalog master
transactions,T0032384,quarantined,product P92434 not in catalog master
transactions,T0032400,quarantined,product P91912 not in catalog master
transactions,T0032604,quarantined,product P91180 not in catalog master
transactions,T0032626,quarantined,product P91252 not in catalog master
transactions,T0032686,quarantined,product P90805 not in catalog master
transactions,T0032687,quarantined,product P91627 not in catalog master
transactions,T0032751,quarantined,product P92155 not in catalog master
transactions,T0032753,quarantined,product P91809 not in catalog master
transactions,T0032885,quarantined,product P92214 not in catalog master
transactions,T0032914,quarantined,product P91845 not in catalog master
transactions,T0032931,quarantined,product P92679 not in catalog master
transactions,T0033031,quarantined,product P92299 not in catalog master
transactions,T0033059,quarantined,product P90411 not in catalog master
transactions,T0033181,quarantined,product P91972 not in catalog master
transactions,T0033202,quarantined,product P90586 not in catalog master
transactions,T0033242,quarantined,product P92007 not in catalog master
transactions,T0033264,quarantined,product P91718 not in catalog master
transactions,T0033291,quarantined,product P91028 not in catalog master
transactions,T0033327,quarantined,product P91309 not in catalog master
transactions,T0033364,quarantined,product P91689 not in catalog master
transactions,T0033420,quarantined,product P91313 not in catalog master
transactions,T0033443,quarantined,product P90508 not in catalog master
transactions,T0033471,quarantined,product P90287 not in catalog master
transactions,T0033546,quarantined,product P91477 not in catalog master
transactions,T0033563,quarantined,product P92413 not in catalog master
transactions,T0033607,quarantined,product P90313 not in catalog master
transactions,T0033613,quarantined,product P91366 not in catalog master
transactions,T0033626,quarantined,product P91108 not in catalog master
transactions,T0033675,quarantined,product P91623 not in catalog master
transactions,T0033695,quarantined,product P92330 not in catalog master
transactions,T0033707,quarantined,product P92114 not in catalog master
transactions,T0033712,quarantined,product P91609 not in catalog master
transactions,T0033717,quarantined,product P92060 not in catalog master
transactions,T0033755,quarantined,product P92427 not in catalog master
transactions,T0033884,quarantined,product P91225 not in catalog master
transactions,T0033914,quarantined,product P90331 not in catalog master
transactions,T0034068,quarantined,product P91368 not in catalog master
transactions,T0034124,quarantined,product P91330 not in catalog master
transactions,T0034170,quarantined,product P91373 not in catalog master
transactions,T0034212,quarantined,product P91808 not in catalog master
transactions,T0034244,quarantined,product P91953 not in catalog master
transactions,T0034306,quarantined,product P91504 not in catalog master
transactions,T0034311,quarantined,product P91282 not in catalog master
transactions,T0034324,quarantined,product P91584 not in catalog master
transactions,T0034330,quarantined,product P90322 not in catalog master
transactions,T0034331,quarantined,product P91927 not in catalog master
transactions,T0034346,quarantined,product P91822 not in catalog master
transactions,T0034377,quarantined,product P92460 not in catalog master
transactions,T0034396,quarantined,product P92613 not in catalog master
transactions,T0034414,quarantined,product P90283 not in catalog master
transactions,T0034541,quarantined,product P90105 not in catalog master
transactions,T0034566,quarantined,product P91613 not in catalog master
transactions,T0034588,quarantined,product P90778 not in catalog master
transactions,T0034609,quarantined,product P91338 not in catalog master
transactions,T0034653,quarantined,product P91847 not in catalog master
transactions,T0034702,quarantined,product P90143 not in catalog master
transactions,T0034711,quarantined,product P91744 not in catalog master
transactions,T0034730,quarantined,product P90006 not in catalog master
transactions,T0034770,quarantined,product P91861 not in catalog master
transactions,T0034775,quarantined,product P90208 not in catalog master
transactions,T0034841,quarantined,product P91383 not in catalog master
transactions,T0034875,quarantined,product P91660 not in catalog master
transactions,T0034876,quarantined,product P90119 not in catalog master
transactions,T0034891,quarantined,product P91233 not in catalog master
transactions,T0034919,quarantined,product P92664 not in catalog master
transactions,T0034949,quarantined,product P92105 not in catalog master
transactions,T0034960,quarantined,product P90539 not in catalog master
transactions,T0034998,quarantined,product P91096 not in catalog master
transactions,T0035017,quarantined,product P91925 not in catalog master
transactions,T0035110,quarantined,product P91873 not in catalog master
transactions,T0035248,quarantined,product P92218 not in catalog master
transactions,T0035265,quarantined,product P91259 not in catalog master
transactions,T0035285,quarantined,product P90873 not in catalog master
transactions,T0035324,quarantined,product P90717 not in catalog master
transactions,T0035414,quarantined,product P91455 not in catalog master
transactions,T0035433,quarantined,product P91731 not in catalog master
transactions,T0035448,quarantined,product P90011 not in catalog master
transactions,T0035496,quarantined,product P91682 not in catalog master
transactions,T0035512,quarantined,product P91946 not in catalog master
transactions,T0035539,quarantined,product P90230 not in catalog master
transactions,T0035568,quarantined,product P92376 not in catalog master
transactions,T0035581,quarantined,product P92441 not in catalog master
transactions,T0035602,quarantined,product P91560 not in catalog master
transactions,T0035620,quarantined,product P91486 not in catalog master
transactions,T0035647,quarantined,product P92354 not in catalog master
transactions,T0035686,quarantined,product P91175 not in catalog master
transactions,T0035700,quarantined,product P92582 not in catalog master
transactions,T0035779,quarantined,product P91216 not in catalog master
transactions,T0035835,quarantined,product P90573 not in catalog master
transactions,T0035867,quarantined,product P90554 not in catalog master
transactions,T0035924,quarantined,product P91818 not in catalog master
transactions,T0035935,quarantined,product P90291 not in catalog master
transactions,T0035941,quarantined,product P92432 not in catalog master
transactions,T0036134,quarantined,product P90999 not in catalog master
transactions,T0036149,quarantined,product P90702 not in catalog master
transactions,T0036210,quarantined,product P91329 not in catalog master
transactions,T0036221,quarantined,product P92102 not in catalog master
transactions,T0036239,quarantined,product P90525 not in catalog master
transactions,T0036242,quarantined,product P90719 not in catalog master
transactions,T0036446,quarantined,product P91594 not in catalog master
transactions,T0036514,quarantined,product P90037 not in catalog master
transactions,T0036518,quarantined,product P92392 not in catalog master
transactions,T0036606,quarantined,product P91276 not in catalog master
transactions,T0036614,quarantined,product P92540 not in catalog master
transactions,T0036623,quarantined,product P91395 not in catalog master
transactions,T0036639,quarantined,product P90032 not in catalog master
transactions,T0036753,quarantined,product P92409 not in catalog master
transactions,T0036796,quarantined,product P90121 not in catalog master
transactions,T0036845,quarantined,product P91106 not in catalog master
transactions,T0036977,quarantined,product P91375 not in catalog master
transactions,T0037034,quarantined,product P92355 not in catalog master
transactions,T0037041,quarantined,product P92319 not in catalog master
transactions,T0037059,quarantined,product P90534 not in catalog master
transactions,T0037103,quarantined,product P91855 not in catalog master
transactions,T0037161,quarantined,product P91480 not in catalog master
transactions,T0037216,quarantined,product P92630 not in catalog master
transactions,T0037230,quarantined,product P90660 not in catalog master
transactions,T0037307,quarantined,product P91095 not in catalog master
transactions,T0037397,quarantined,product P92277 not in catalog master
transactions,T0037474,quarantined,product P90733 not in catalog master
transactions,T0037491,quarantined,product P90886 not in catalog master
transactions,T0037492,quarantined,product P90164 not in catalog master
transactions,T0037506,quarantined,product P90789 not in catalog master
transactions,T0037546,quarantined,product P90817 not in catalog master
transactions,T0037551,quarantined,product P92153 not in catalog master
transactions,T0037556,quarantined,product P91837 not in catalog master
transactions,T0037597,quarantined,product P91352 not in catalog master
transactions,T0037606,quarantined,product P90716 not in catalog master
transactions,T0037664,quarantined,product P92272 not in catalog master
transactions,T0037743,quarantined,product P90325 not in catalog master
transactions,T0037754,quarantined,product P91347 not in catalog master
transactions,T0037755,quarantined,product P91374 not in catalog master
transactions,T0037767,quarantined,product P90314 not in catalog master
transactions,T0037842,quarantined,product P90458 not in catalog master
transactions,T0037862,quarantined,product P90708 not in catalog master
transactions,T0037889,quarantined,product P90897 not in catalog master
transactions,T0037907,quarantined,product P90582 not in catalog master
transactions,T0037979,quarantined,product P91806 not in catalog master
transactions,T0038004,quarantined,product P91773 not in catalog master
transactions,T0038006,quarantined,product P91105 not in catalog master
transactions,T0038045,quarantined,product P91757 not in catalog master
transactions,T0038098,quarantined,product P90303 not in catalog master
transactions,T0038164,quarantined,product P91694 not in catalog master
transactions,T0038170,quarantined,product P90110 not in catalog master
transactions,T0038291,quarantined,product P90361 not in catalog master
transactions,T0038375,quarantined,product P91086 not in catalog master
transactions,T0038381,quarantined,product P90315 not in catalog master
transactions,T0038389,quarantined,product P90985 not in catalog master
transactions,T0038392,quarantined,product P92489 not in catalog master
transactions,T0038513,quarantined,product P91552 not in catalog master
transactions,T0038517,quarantined,product P90804 not in catalog master
transactions,T0038537,quarantined,product P91729 not in catalog master
transactions,T0038603,quarantined,product P90720 not in catalog master
transactions,T0038685,quarantined,product P91681 not in catalog master
transactions,T0038786,quarantined,product P90665 not in catalog master
transactions,T0038799,quarantined,product P90971 not in catalog master
transactions,T0038845,quarantined,product P91639 not in catalog master
transactions,T0038928,quarantined,product P91363 not in catalog master
transactions,T0038955,quarantined,product P92475 not in catalog master
transactions,T0039043,quarantined,product P92262 not in catalog master
transactions,T0039074,quarantined,product P91965 not in catalog master
transactions,T0039090,quarantined,product P92548 not in catalog master
transactions,T0039091,quarantined,product P90742 not in catalog master
transactions,T0039105,quarantined,product P91471 not in catalog master
transactions,T0039180,quarantined,product P91448 not in catalog master
transactions,T0039185,quarantined,product P91285 not in catalog master
transactions,T0039197,quarantined,product P91589 not in catalog master
transactions,T0039271,quarantined,product P91903 not in catalog master
transactions,T0039358,quarantined,product P90279 not in catalog master
transactions,T0039433,quarantined,product P91429 not in catalog master
transactions,T0039470,quarantined,product P90193 not in catalog master
transactions,T0039499,quarantined,product P92222 not in catalog master
transactions,T0039570,quarantined,product P90241 not in catalog master
transactions,T0039652,quarantined,product P92072 not in catalog master
transactions,T0039654,quarantined,product P90962 not in catalog master
transactions,T0039680,quarantined,product P90929 not in catalog master
transactions,T0039686,quarantined,product P90874 not in catalog master
transactions,T0039699,quarantined,product P92447 not in catalog master
transactions,T0039700,quarantined,product P92572 not in catalog master
transactions,T0039798,quarantined,product P91089 not in catalog master
transactions,T0039804,quarantined,product P90375 not in catalog master
transactions,T0039901,quarantined,product P90669 not in catalog master
transactions,T0039903,quarantined,product P90416 not in catalog master
transactions,T0039917,quarantined,product P90398 not in catalog master
transactions,T0039944,quarantined,product P90384 not in catalog master
transactions,T0039945,quarantined,product P91662 not in catalog master
transactions,T0039947,quarantined,product P91812 not in catalog master
transactions,T0040023,quarantined,product P91104 not in catalog master
transactions,T0040124,quarantined,product P90434 not in catalog master
transactions,T0040136,quarantined,product P90196 not in catalog master
transactions,T0040185,quarantined,product P91734 not in catalog master
transactions,T0040314,quarantined,product P92191 not in catalog master
transactions,T0040336,quarantined,product P91564 not in catalog master
transactions,T0040366,quarantined,product P91761 not in catalog master
transactions,T0040383,quarantined,product P90692 not in catalog master
transactions,T0040413,quarantined,product P90478 not in catalog master
transactions,T0040427,quarantined,product P91831 not in catalog master
transactions,T0040467,quarantined,product P91592 not in catalog master
transactions,T0040505,quarantined,product P91853 not in catalog master
transactions,T0040512,quarantined,product P91411 not in catalog master
transactions,T0040578,quarantined,product P91396 not in catalog master
transactions,T0040597,quarantined,product P90487 not in catalog master
transactions,T0040663,quarantined,product P90774 not in catalog master
transactions,T0040685,quarantined,product P90472 not in catalog master
transactions,T0040695,quarantined,product P91557 not in catalog master
transactions,T0040699,quarantined,product P91655 not in catalog master
transactions,T0040748,quarantined,product P91008 not in catalog master
transactions,T0040811,quarantined,product P91167 not in catalog master
transactions,T0040820,quarantined,product P90490 not in catalog master
transactions,T0040848,quarantined,product P90131 not in catalog master
transactions,T0040874,quarantined,product P90101 not in catalog master
transactions,T0040930,quarantined,product P91572 not in catalog master
transactions,T0040933,quarantined,product P92320 not in catalog master
transactions,T0040998,quarantined,product P92028 not in catalog master
transactions,T0041031,quarantined,product P91658 not in catalog master
transactions,T0041037,quarantined,product P92406 not in catalog master
transactions,T0041048,quarantined,product P91362 not in catalog master
transactions,T0041087,quarantined,product P90216 not in catalog master
transactions,T0041178,quarantined,product P91740 not in catalog master
transactions,T0041206,quarantined,product P92600 not in catalog master
transactions,T0041249,quarantined,product P91380 not in catalog master
transactions,T0041252,quarantined,product P91077 not in catalog master
transactions,T0041306,quarantined,product P92324 not in catalog master
transactions,T0041352,quarantined,product P91774 not in catalog master
transactions,T0041414,quarantined,product P91450 not in catalog master
transactions,T0041435,quarantined,product P92563 not in catalog master
transactions,T0041526,quarantined,product P91109 not in catalog master
transactions,T0041582,quarantined,product P91515 not in catalog master
transactions,T0041783,quarantined,product P90076 not in catalog master
transactions,T0041808,quarantined,product P90684 not in catalog master
transactions,T0041813,quarantined,product P91293 not in catalog master
transactions,T0041829,quarantined,product P92101 not in catalog master
transactions,T0041860,quarantined,product P90463 not in catalog master
transactions,T0041962,quarantined,product P90354 not in catalog master
transactions,T0041968,quarantined,product P91941 not in catalog master
transactions,T0042061,quarantined,product P90628 not in catalog master
transactions,T0042101,quarantined,product P92622 not in catalog master
transactions,T0042141,quarantined,product P91268 not in catalog master
transactions,T0042163,quarantined,product P92253 not in catalog master
transactions,T0042189,quarantined,product P92250 not in catalog master
transactions,T0042202,quarantined,product P92575 not in catalog master
transactions,T0042218,quarantined,product P91606 not in catalog master
transactions,T0042226,quarantined,product P91833 not in catalog master
transactions,T0042235,quarantined,product P92298 not in catalog master
transactions,T0042266,quarantined,product P91646 not in catalog master
transactions,T0042335,quarantined,product P90681 not in catalog master
transactions,T0042337,quarantined,product P90762 not in catalog master
transactions,T0042541,quarantined,product P91142 not in catalog master
transactions,T0042657,quarantined,product P90446 not in catalog master
transactions,T0042660,quarantined,product P92267 not in catalog master
transactions,T0042678,quarantined,product P92621 not in catalog master
transactions,T0042718,quarantined,product P92229 not in catalog master
transactions,T0042855,quarantined,product P92362 not in catalog master
transactions,T0042980,quarantined,product P90613 not in catalog master
transactions,T0043007,quarantined,product P92496 not in catalog master
transactions,T0043089,quarantined,product P92671 not in catalog master
transactions,T0043106,quarantined,product P91115 not in catalog master
transactions,T0043118,quarantined,product P92509 not in catalog master
transactions,T0043189,quarantined,product P91787 not in catalog master
transactions,T0043283,quarantined,product P91476 not in catalog master
transactions,T0043318,quarantined,product P90826 not in catalog master
transactions,T0043321,quarantined,product P91807 not in catalog master
transactions,T0043338,quarantined,product P91709 not in catalog master
transactions,T0043407,quarantined,product P92414 not in catalog master
transactions,T0043417,quarantined,product P92553 not in catalog master
transactions,T0043440,quarantined,product P91753 not in catalog master
transactions,T0043466,quarantined,product P91608 not in catalog master
transactions,T0043470,quarantined,product P90003 not in catalog master
transactions,T0043486,quarantined,product P92591 not in catalog master
transactions,T0043494,quarantined,product P90621 not in catalog master
transactions,T0043510,quarantined,product P91090 not in catalog master
transactions,T0043551,quarantined,product P90683 not in catalog master
transactions,T0043577,quarantined,product P90800 not in catalog master
transactions,T0043606,quarantined,product P91155 not in catalog master
transactions,T0043610,quarantined,product P90074 not in catalog master
transactions,T0043701,quarantined,product P91805 not in catalog master
transactions,T0043807,quarantined,product P91506 not in catalog master
transactions,T0043813,quarantined,product P91784 not in catalog master
transactions,T0043824,quarantined,product P91334 not in catalog master
transactions,T0043854,quarantined,product P92435 not in catalog master
transactions,T0043875,quarantined,product P91484 not in catalog master
transactions,T0043932,quarantined,product P90026 not in catalog master
transactions,T0043955,quarantined,product P90835 not in catalog master
transactions,T0043969,quarantined,product P90846 not in catalog master
transactions,T0044020,quarantined,product P90510 not in catalog master
transactions,T0044078,quarantined,product P91975 not in catalog master
transactions,T0044157,quarantined,product P92364 not in catalog master
transactions,T0044228,quarantined,product P91247 not in catalog master
transactions,T0044257,quarantined,product P92559 not in catalog master
transactions,T0044471,quarantined,product P91200 not in catalog master
transactions,T0044478,quarantined,product P92062 not in catalog master
transactions,T0044606,quarantined,product P90753 not in catalog master
transactions,T0044639,quarantined,product P92511 not in catalog master
transactions,T0044704,quarantined,product P90672 not in catalog master
transactions,T0044739,quarantined,product P92076 not in catalog master
transactions,T0044839,quarantined,product P91243 not in catalog master
transactions,T0044863,quarantined,product P90638 not in catalog master
transactions,T0044865,quarantined,product P90577 not in catalog master
transactions,T0044907,quarantined,product P91102 not in catalog master
transactions,T0044921,quarantined,product P92217 not in catalog master
transactions,T0044923,quarantined,product P90673 not in catalog master
transactions,T0044947,quarantined,product P90439 not in catalog master
transactions,T0045023,quarantined,product P91716 not in catalog master
transactions,T0045039,quarantined,product P91316 not in catalog master
transactions,T0045047,quarantined,product P90461 not in catalog master
transactions,T0045098,quarantined,product P92386 not in catalog master
transactions,T0045124,quarantined,product P91364 not in catalog master
transactions,T0045221,quarantined,product P90559 not in catalog master
transactions,T0045249,quarantined,product P92596 not in catalog master
transactions,T0045326,quarantined,product P90231 not in catalog master
transactions,T0045345,quarantined,product P91046 not in catalog master
transactions,T0045354,quarantined,product P90025 not in catalog master
transactions,T0045397,quarantined,product P90454 not in catalog master
transactions,T0045453,quarantined,product P92517 not in catalog master
transactions,T0045468,quarantined,product P91323 not in catalog master
transactions,T0045474,quarantined,product P90450 not in catalog master
transactions,T0045562,quarantined,product P91900 not in catalog master
transactions,T0045609,quarantined,product P91466 not in catalog master
transactions,T0045680,quarantined,product P91629 not in catalog master
transactions,T0045770,quarantined,product P92069 not in catalog master
transactions,T0045772,quarantined,product P90972 not in catalog master
transactions,T0045845,quarantined,product P91404 not in catalog master
transactions,T0045930,quarantined,product P90304 not in catalog master
transactions,T0045936,quarantined,product P91834 not in catalog master
transactions,T0045964,quarantined,product P90421 not in catalog master
transactions,T0045977,quarantined,product P92565 not in catalog master
transactions,T0046002,quarantined,product P90664 not in catalog master
transactions,T0046035,quarantined,product P90823 not in catalog master
transactions,T0046087,quarantined,product P92612 not in catalog master
transactions,T0046142,quarantined,product P92308 not in catalog master
transactions,T0046272,quarantined,product P90029 not in catalog master
transactions,T0046286,quarantined,product P92091 not in catalog master
transactions,T0046326,quarantined,product P92172 not in catalog master
transactions,T0046340,quarantined,product P90676 not in catalog master
transactions,T0046365,quarantined,product P90556 not in catalog master
transactions,T0046388,quarantined,product P92185 not in catalog master
transactions,T0046454,quarantined,product P90383 not in catalog master
transactions,T0046456,quarantined,product P91917 not in catalog master
transactions,T0046487,quarantined,product P92342 not in catalog master
transactions,T0046507,quarantined,product P90565 not in catalog master
transactions,T0046618,quarantined,product P91537 not in catalog master
transactions,T0046623,quarantined,product P90541 not in catalog master
transactions,T0046713,quarantined,product P90797 not in catalog master
transactions,T0046755,quarantined,product P90612 not in catalog master
transactions,T0046800,quarantined,product P90845 not in catalog master
transactions,T0046809,quarantined,product P90871 not in catalog master
transactions,T0046839,quarantined,product P91997 not in catalog master
transactions,T0046844,quarantined,product P91441 not in catalog master
transactions,T0046908,quarantined,product P90015 not in catalog master
transactions,T0046992,quarantined,product P90397 not in catalog master
transactions,T0047086,quarantined,product P91949 not in catalog master
transactions,T0047097,quarantined,product P91143 not in catalog master
transactions,T0047112,quarantined,product P91988 not in catalog master
transactions,T0047149,quarantined,product P91554 not in catalog master
transactions,T0047198,quarantined,product P91255 not in catalog master
transactions,T0047252,quarantined,product P90712 not in catalog master
transactions,T0047270,quarantined,product P92213 not in catalog master
transactions,T0047332,quarantined,product P91659 not in catalog master
transactions,T0047382,quarantined,product P90429 not in catalog master
transactions,T0047415,quarantined,product P90623 not in catalog master
transactions,T0047423,quarantined,product P91144 not in catalog master
transactions,T0047426,quarantined,product P92148 not in catalog master
transactions,T0047461,quarantined,product P90566 not in catalog master
transactions,T0047496,quarantined,product P90414 not in catalog master
transactions,T0047522,quarantined,product P90089 not in catalog master
transactions,T0047538,quarantined,product P90127 not in catalog master
transactions,T0047576,quarantined,product P91651 not in catalog master
transactions,T0047604,quarantined,product P91565 not in catalog master
transactions,T0047747,quarantined,product P91821 not in catalog master
transactions,T0047786,quarantined,product P90292 not in catalog master
transactions,T0047787,quarantined,product P90724 not in catalog master
transactions,T0047832,quarantined,product P90346 not in catalog master
transactions,T0047949,quarantined,product P91656 not in catalog master
transactions,T0048007,quarantined,product P90888 not in catalog master
transactions,T0048048,quarantined,product P90723 not in catalog master
transactions,T0048159,quarantined,product P91581 not in catalog master
transactions,T0048183,quarantined,product P91879 not in catalog master
transactions,T0048287,quarantined,product P92059 not in catalog master
transactions,T0048319,quarantined,product P92492 not in catalog master
transactions,T0048398,quarantined,product P92126 not in catalog master
transactions,T0048404,quarantined,product P92484 not in catalog master
transactions,T0048427,quarantined,product P90782 not in catalog master
transactions,T0048492,quarantined,product P90867 not in catalog master
transactions,T0048558,quarantined,product P91593 not in catalog master
transactions,T0048634,quarantined,product P90856 not in catalog master
transactions,T0048642,quarantined,product P91059 not in catalog master
transactions,T0048645,quarantined,product P91131 not in catalog master
transactions,T0048658,quarantined,product P90920 not in catalog master
transactions,T0048677,quarantined,product P91315 not in catalog master
transactions,T0048712,quarantined,product P91194 not in catalog master
transactions,T0048739,quarantined,product P90771 not in catalog master
transactions,T0048842,quarantined,product P92610 not in catalog master
transactions,T0048843,quarantined,product P90220 not in catalog master
transactions,T0048904,quarantined,product P91136 not in catalog master
transactions,T0048943,quarantined,product P91598 not in catalog master
transactions,T0048982,quarantined,product P90766 not in catalog master
transactions,T0049018,quarantined,product P92611 not in catalog master
transactions,T0049029,quarantined,product P92246 not in catalog master
transactions,T0049030,quarantined,product P90938 not in catalog master
transactions,T0049066,quarantined,product P90648 not in catalog master
transactions,T0049082,quarantined,product P92377 not in catalog master
transactions,T0049089,quarantined,product P90687 not in catalog master
transactions,T0049172,quarantined,product P90380 not in catalog master
transactions,T0049246,quarantined,product P91868 not in catalog master
transactions,T0049259,quarantined,product P91439 not in catalog master
transactions,T0049327,quarantined,product P91664 not in catalog master
transactions,T0049328,quarantined,product P92312 not in catalog master
transactions,T0049368,quarantined,product P90798 not in catalog master
transactions,T0049370,quarantined,product P90866 not in catalog master
transactions,T0049373,quarantined,product P91533 not in catalog master
transactions,T0049424,quarantined,product P92295 not in catalog master
transactions,T0049469,quarantined,product P90592 not in catalog master
transactions,T0049497,quarantined,product P91061 not in catalog master
transactions,T0049654,quarantined,product P92595 not in catalog master
transactions,T0049658,quarantined,product P92093 not in catalog master
transactions,T0049782,quarantined,product P91110 not in catalog master
transactions,T0049831,quarantined,product P90327 not in catalog master
transactions,T0049872,quarantined,product P91823 not in catalog master
transactions,T0050163,quarantined,product P90981 not in catalog master
transactions,T0050195,quarantined,product P92677 not in catalog master
transactions,T0050203,quarantined,product P91030 not in catalog master
transactions,T0050210,quarantined,product P91342 not in catalog master
transactions,T0050278,quarantined,product P91302 not in catalog master
transactions,T0050290,quarantined,product P91117 not in catalog master
transactions,T0050306,quarantined,product P91745 not in catalog master
transactions,T0050370,quarantined,product P90386 not in catalog master
transactions,T0050426,quarantined,product P90218 not in catalog master
transactions,T0050450,quarantined,product P92173 not in catalog master
transactions,T0050564,quarantined,product P90581 not in catalog master
transactions,T0050604,quarantined,product P91632 not in catalog master
transactions,T0050650,quarantined,product P91846 not in catalog master
transactions,T0050657,quarantined,product P92204 not in catalog master
transactions,T0050667,quarantined,product P91915 not in catalog master
transactions,T0050715,quarantined,product P91000 not in catalog master
transactions,T0050868,quarantined,product P92119 not in catalog master
transactions,T0050873,quarantined,product P91546 not in catalog master
transactions,T0050933,quarantined,product P90172 not in catalog master
transactions,T0051044,quarantined,product P92437 not in catalog master
transactions,T0051119,quarantined,product P92278 not in catalog master
transactions,T0051210,quarantined,product P90615 not in catalog master
transactions,T0051216,quarantined,product P91311 not in catalog master
transactions,T0051276,quarantined,product P92431 not in catalog master
transactions,T0051281,quarantined,product P91149 not in catalog master
transactions,T0051310,quarantined,product P91667 not in catalog master
transactions,T0051334,quarantined,product P90272 not in catalog master
transactions,T0051435,quarantined,product P90526 not in catalog master
transactions,T0051456,quarantined,product P92109 not in catalog master
transactions,T0051485,quarantined,product P91699 not in catalog master
transactions,T0051496,quarantined,product P92537 not in catalog master
transactions,T0051509,quarantined,product P91472 not in catalog master
transactions,T0051510,quarantined,product P91287 not in catalog master
transactions,T0051536,quarantined,product P91121 not in catalog master
transactions,T0051589,quarantined,product P90944 not in catalog master
transactions,T0051678,quarantined,product P91367 not in catalog master
transactions,T0051745,quarantined,product P91003 not in catalog master
transactions,T0051798,quarantined,product P92239 not in catalog master
transactions,T0051818,quarantined,product P91197 not in catalog master
transactions,T0051822,quarantined,product P91548 not in catalog master
transactions,T0051834,quarantined,product P91171 not in catalog master
transactions,T0051866,quarantined,product P92638 not in catalog master
transactions,T0051870,quarantined,product P91241 not in catalog master
transactions,T0051919,quarantined,product P91250 not in catalog master
transactions,T0051969,quarantined,product P91116 not in catalog master
transactions,T0052121,quarantined,product P90537 not in catalog master
transactions,T0052179,quarantined,product P92282 not in catalog master
transactions,T0052200,quarantined,product P91183 not in catalog master
transactions,T0052259,quarantined,product P90169 not in catalog master
transactions,T0052302,quarantined,product P90481 not in catalog master
transactions,T0052313,quarantined,product P92039 not in catalog master
transactions,T0052357,quarantined,product P91519 not in catalog master
transactions,T0052372,quarantined,product P92585 not in catalog master
transactions,T0052403,quarantined,product P91123 not in catalog master
transactions,T0052428,quarantined,product P92017 not in catalog master
transactions,T0052481,quarantined,product P90891 not in catalog master
transactions,T0052637,quarantined,product P90147 not in catalog master
transactions,T0052711,quarantined,product P90349 not in catalog master
transactions,T0052716,quarantined,product P91267 not in catalog master
transactions,T0052763,quarantined,product P92485 not in catalog master
transactions,T0052795,quarantined,product P90895 not in catalog master
transactions,T0052806,quarantined,product P90810 not in catalog master
transactions,T0052951,quarantined,product P90277 not in catalog master
transactions,T0052976,quarantined,product P90580 not in catalog master
transactions,T0052982,quarantined,product P91214 not in catalog master
transactions,T0053002,quarantined,product P91182 not in catalog master
transactions,T0053059,quarantined,product P91737 not in catalog master
transactions,T0053069,quarantined,product P91022 not in catalog master
transactions,T0053092,quarantined,product P92238 not in catalog master
transactions,T0053101,quarantined,product P91595 not in catalog master
transactions,T0053153,quarantined,product P92385 not in catalog master
transactions,T0053161,quarantined,product P92156 not in catalog master
transactions,T0053165,quarantined,product P91449 not in catalog master
transactions,T0053258,quarantined,product P90451 not in catalog master
transactions,T0053260,quarantined,product P90134 not in catalog master
transactions,T0053277,quarantined,product P91218 not in catalog master
transactions,T0053291,quarantined,product P91076 not in catalog master
transactions,T0053299,quarantined,product P92084 not in catalog master
transactions,T0053326,quarantined,product P91687 not in catalog master
transactions,T0053405,quarantined,product P90050 not in catalog master
transactions,T0053414,quarantined,product P90788 not in catalog master
transactions,T0053423,quarantined,product P91386 not in catalog master
transactions,T0053483,quarantined,product P90825 not in catalog master
transactions,T0053498,quarantined,product P92228 not in catalog master
transactions,T0053534,quarantined,product P91242 not in catalog master
transactions,T0053542,quarantined,product P91419 not in catalog master
transactions,T0053693,quarantined,product P92296 not in catalog master
transactions,T0053737,quarantined,product P90722 not in catalog master
transactions,T0053782,quarantined,product P90270 not in catalog master
transactions,T0053794,quarantined,product P90465 not in catalog master
transactions,T0053835,quarantined,product P92605 not in catalog master
transactions,T0053853,quarantined,product P91350 not in catalog master
transactions,T0053856,quarantined,product P90608 not in catalog master
transactions,T0053936,quarantined,product P91156 not in catalog master
transactions,T0053987,quarantined,product P90179 not in catalog master
transactions,T0053992,quarantined,product P92404 not in catalog master
transactions,T0054040,quarantined,product P90986 not in catalog master
transactions,T0054083,quarantined,product P90207 not in catalog master
transactions,T0054105,quarantined,product P91724 not in catalog master
transactions,T0054127,quarantined,product P90438 not in catalog master
transactions,T0054179,quarantined,product P91257 not in catalog master
transactions,T0054198,quarantined,product P90048 not in catalog master
transactions,T0054260,quarantined,product P91869 not in catalog master
transactions,T0054369,quarantined,product P92383 not in catalog master
transactions,T0054386,quarantined,product P92382 not in catalog master
transactions,T0054428,quarantined,product P92268 not in catalog master
transactions,T0054447,quarantined,product P90033 not in catalog master
transactions,T0054496,quarantined,product P91528 not in catalog master
transactions,T0054509,quarantined,product P91185 not in catalog master
transactions,T0054511,quarantined,product P90828 not in catalog master
transactions,T0054515,quarantined,product P92219 not in catalog master
transactions,T0054566,quarantined,product P92216 not in catalog master
transactions,T0054633,quarantined,product P90606 not in catalog master
transactions,T0054658,quarantined,product P90863 not in catalog master
transactions,T0054679,quarantined,product P91031 not in catalog master
transactions,T0054705,quarantined,product P91458 not in catalog master
transactions,T0054734,quarantined,product P91696 not in catalog master
transactions,T0054762,quarantined,product P92125 not in catalog master
transactions,T0054781,quarantined,product P91556 not in catalog master
transactions,T0054795,quarantined,product P90952 not in catalog master
transactions,T0054825,quarantined,product P91412 not in catalog master
transactions,T0054847,quarantined,product P91920 not in catalog master
transactions,T0054857,quarantined,product P91764 not in catalog master
transactions,T0054860,quarantined,product P91485 not in catalog master
transactions,T0054970,quarantined,product P92092 not in catalog master
transactions,T0055012,quarantined,product P92494 not in catalog master
transactions,T0055062,quarantined,product P92640 not in catalog master
transactions,T0055066,quarantined,product P92170 not in catalog master
transactions,T0055108,quarantined,product P91138 not in catalog master
transactions,T0055173,quarantined,product P91148 not in catalog master
transactions,T0055183,quarantined,product P91706 not in catalog master
transactions,T0055190,quarantined,product P92367 not in catalog master
transactions,T0055251,quarantined,product P92567 not in catalog master
transactions,T0055281,quarantined,product P92564 not in catalog master
transactions,T0055414,quarantined,product P92134 not in catalog master
transactions,T0055469,quarantined,product P90563 not in catalog master
transactions,T0055541,quarantined,product P92439 not in catalog master
transactions,T0055550,quarantined,product P92571 not in catalog master
transactions,T0055634,quarantined,product P91464 not in catalog master
transactions,T0055713,quarantined,product P92691 not in catalog master
transactions,T0055741,quarantined,product P90136 not in catalog master
transactions,T0055760,quarantined,product P90850 not in catalog master
transactions,T0055776,quarantined,product P90731 not in catalog master
transactions,T0055787,quarantined,product P92655 not in catalog master
transactions,T0055807,quarantined,product P92197 not in catalog master
transactions,T0055850,quarantined,product P91668 not in catalog master
transactions,T0055851,quarantined,product P91579 not in catalog master
transactions,T0055853,quarantined,product P91754 not in catalog master
transactions,T0055900,quarantined,product P90579 not in catalog master
transactions,T0055914,quarantined,product P91391 not in catalog master
transactions,T0055916,quarantined,product P90780 not in catalog master
transactions,T0055982,quarantined,product P92686 not in catalog master
transactions,T0056003,quarantined,product P91474 not in catalog master
transactions,T0056051,quarantined,product P90152 not in catalog master
transactions,T0056058,quarantined,product P90435 not in catalog master
transactions,T0056124,quarantined,product P92054 not in catalog master
transactions,T0056188,quarantined,product P91864 not in catalog master
transactions,T0056242,quarantined,product P92196 not in catalog master
transactions,T0056267,quarantined,product P91755 not in catalog master
transactions,T0056288,quarantined,product P92328 not in catalog master
transactions,T0056294,quarantined,product P91551 not in catalog master
transactions,T0056307,quarantined,product P91727 not in catalog master
transactions,T0056323,quarantined,product P91620 not in catalog master
transactions,T0056394,quarantined,product P92137 not in catalog master
transactions,T0056439,quarantined,product P91236 not in catalog master
transactions,T0056454,quarantined,product P92026 not in catalog master
transactions,T0056499,quarantined,product P92542 not in catalog master
transactions,T0056505,quarantined,product P92332 not in catalog master
transactions,T0056744,quarantined,product P92579 not in catalog master
transactions,T0056751,quarantined,product P90695 not in catalog master
transactions,T0056753,quarantined,product P90655 not in catalog master
transactions,T0056757,quarantined,product P90784 not in catalog master
transactions,T0056774,quarantined,product P91566 not in catalog master
transactions,T0056812,quarantined,product P92552 not in catalog master
transactions,T0056946,quarantined,product P92586 not in catalog master
transactions,T0056982,quarantined,product P90501 not in catalog master
transactions,T0056983,quarantined,product P90058 not in catalog master
transactions,T0057004,quarantined,product P90643 not in catalog master
transactions,T0057007,quarantined,product P91539 not in catalog master
transactions,T0057056,quarantined,product P92446 not in catalog master
transactions,T0057128,quarantined,product P92108 not in catalog master
transactions,T0057129,quarantined,product P91172 not in catalog master
transactions,T0057137,quarantined,product P92606 not in catalog master
transactions,T0057141,quarantined,product P92128 not in catalog master
transactions,T0057169,quarantined,product P91408 not in catalog master
transactions,T0057195,quarantined,product P92398 not in catalog master
transactions,T0057197,quarantined,product P90407 not in catalog master
transactions,T0057290,quarantined,product P91725 not in catalog master
transactions,T0057319,quarantined,product P92580 not in catalog master
transactions,T0057330,quarantined,product P92442 not in catalog master
transactions,T0057340,quarantined,product P90647 not in catalog master
transactions,T0057380,quarantined,product P91184 not in catalog master
transactions,T0057400,quarantined,product P91772 not in catalog master
transactions,T0057404,quarantined,product P90302 not in catalog master
transactions,T0057426,quarantined,product P91034 not in catalog master
transactions,T0057453,quarantined,product P92353 not in catalog master
transactions,T0057491,quarantined,product P91908 not in catalog master
transactions,T0057514,quarantined,product P91871 not in catalog master
transactions,T0057535,quarantined,product P90988 not in catalog master
transactions,T0057547,quarantined,product P90815 not in catalog master
transactions,T0057572,quarantined,product P90883 not in catalog master
transactions,T0057637,quarantined,product P90639 not in catalog master
transactions,T0057650,quarantined,product P90833 not in catalog master
transactions,T0057665,quarantined,product P92381 not in catalog master
transactions,T0057818,quarantined,product P90365 not in catalog master
transactions,T0057822,quarantined,product P90452 not in catalog master
transactions,T0057857,quarantined,product P90795 not in catalog master
transactions,T0057930,quarantined,product P90868 not in catalog master
transactions,T0057941,quarantined,product P92188 not in catalog master
transactions,T0058001,quarantined,product P90896 not in catalog master
transactions,T0058010,quarantined,product P90225 not in catalog master
transactions,T0058064,quarantined,product P91023 not in catalog master
transactions,T0058083,quarantined,product P90061 not in catalog master
transactions,T0058118,quarantined,product P91983 not in catalog master
transactions,T0058122,quarantined,product P91826 not in catalog master
transactions,T0058155,quarantined,product P91103 not in catalog master
transactions,T0058197,quarantined,product P91751 not in catalog master
transactions,T0058232,quarantined,product P92397 not in catalog master
transactions,T0058245,quarantined,product P91176 not in catalog master
transactions,T0058287,quarantined,product P90253 not in catalog master
transactions,T0058339,quarantined,product P90245 not in catalog master
transactions,T0058382,quarantined,product P91397 not in catalog master
transactions,T0058431,quarantined,product P92520 not in catalog master
transactions,T0058448,quarantined,product P91785 not in catalog master
transactions,T0058509,quarantined,product P92160 not in catalog master
transactions,T0058544,quarantined,product P90937 not in catalog master
transactions,T0058674,quarantined,product P92681 not in catalog master
transactions,T0058688,quarantined,product P91911 not in catalog master
transactions,T0058726,quarantined,product P92345 not in catalog master
transactions,T0058731,quarantined,product P90859 not in catalog master
transactions,T0058804,quarantined,product P90091 not in catalog master
transactions,T0058882,quarantined,product P91715 not in catalog master
transactions,T0058894,quarantined,product P91128 not in catalog master
transactions,T0058900,quarantined,product P92504 not in catalog master
transactions,T0058981,quarantined,product P91630 not in catalog master
transactions,T0059002,quarantined,product P90917 not in catalog master
transactions,T0059003,quarantined,product P90471 not in catalog master
transactions,T0059024,quarantined,product P92015 not in catalog master
transactions,T0059034,quarantined,product P92065 not in catalog master
transactions,T0059071,quarantined,product P90184 not in catalog master
transactions,T0059093,quarantined,product P91094 not in catalog master
transactions,T0059148,quarantined,product P91015 not in catalog master
transactions,T0059171,quarantined,product P91403 not in catalog master
transactions,T0059182,quarantined,product P91192 not in catalog master
transactions,T0059197,quarantined,product P92693 not in catalog master
transactions,T0059249,quarantined,product P90238 not in catalog master
transactions,T0059324,quarantined,product P92135 not in catalog master
transactions,T0059378,quarantined,product P92242 not in catalog master
transactions,T0059410,quarantined,product P90154 not in catalog master
transactions,T0059434,quarantined,product P90634 not in catalog master
transactions,T0059456,quarantined,product P91237 not in catalog master
transactions,T0059474,quarantined,product P91234 not in catalog master
transactions,T0059485,quarantined,product P91006 not in catalog master
transactions,T0059609,quarantined,product P91327 not in catalog master
transactions,T0059628,quarantined,product P91990 not in catalog master
transactions,T0059663,quarantined,product P90645 not in catalog master
transactions,T0059706,quarantined,product P90399 not in catalog master
transactions,T0059725,quarantined,product P90930 not in catalog master
transactions,T0059755,quarantined,product P91786 not in catalog master
transactions,T0059756,quarantined,product P91207 not in catalog master
transactions,T0059768,quarantined,product P92593 not in catalog master
transactions,T0059794,quarantined,product P91857 not in catalog master
transactions,T0059869,quarantined,product P91657 not in catalog master
transactions,T0059896,quarantined,product P91838 not in catalog master
transactions,T0059901,quarantined,product P91703 not in catalog master
transactions,T0059919,quarantined,product P92545 not in catalog master
transactions,T0059966,quarantined,product P90071 not in catalog master
transactions,T0060003,quarantined,product P92040 not in catalog master
transactions,T0060110,quarantined,product P91862 not in catalog master
transactions,T0060124,quarantined,product P92429 not in catalog master
transactions,T0060167,quarantined,product P92051 not in catalog master
transactions,T0060168,quarantined,product P90775 not in catalog master
transactions,T0060192,quarantined,product P92317 not in catalog master
transactions,T0060232,quarantined,product P90626 not in catalog master
transactions,T0060249,quarantined,product P90122 not in catalog master
transactions,T0060326,quarantined,product P90254 not in catalog master
transactions,T0060351,quarantined,product P92675 not in catalog master
transactions,T0060358,quarantined,product P90052 not in catalog master
transactions,T0060364,quarantined,product P91042 not in catalog master
transactions,T0060384,quarantined,product P90907 not in catalog master
transactions,T0060468,quarantined,product P91520 not in catalog master
transactions,T0060487,quarantined,product P91351 not in catalog master
transactions,T0060491,quarantined,product P90423 not in catalog master
transactions,T0060504,quarantined,product P92099 not in catalog master
transactions,T0060515,quarantined,product P90709 not in catalog master
transactions,T0060566,quarantined,product P91492 not in catalog master
transactions,T0060608,quarantined,product P92289 not in catalog master
transactions,T0060650,quarantined,product P90215 not in catalog master
transactions,T0060662,quarantined,product P91378 not in catalog master
transactions,T0060673,quarantined,product P90900 not in catalog master
transactions,T0060737,quarantined,product P90396 not in catalog master
transactions,T0060738,quarantined,product P90933 not in catalog master
transactions,T0060790,quarantined,product P91064 not in catalog master
transactions,T0060821,quarantined,product P91943 not in catalog master
transactions,T0060850,quarantined,product P91999 not in catalog master
transactions,T0060869,quarantined,product P91098 not in catalog master
transactions,T0060932,quarantined,product P92329 not in catalog master
transactions,T0060966,quarantined,product P90691 not in catalog master
transactions,T0061053,quarantined,product P90675 not in catalog master
transactions,T0061102,quarantined,product P91910 not in catalog master
transactions,T0061242,quarantined,product P90321 not in catalog master
transactions,T0061276,quarantined,product P92033 not in catalog master
transactions,T0061327,quarantined,product P91283 not in catalog master
transactions,T0061332,quarantined,product P91705 not in catalog master
transactions,T0061353,quarantined,product P91240 not in catalog master
transactions,T0061377,quarantined,product P91829 not in catalog master
transactions,T0061412,quarantined,product P90275 not in catalog master
transactions,T0061416,quarantined,product P92421 not in catalog master
transactions,T0061554,quarantined,product P90849 not in catalog master
transactions,T0061581,quarantined,product P92220 not in catalog master
transactions,T0061589,quarantined,product P91747 not in catalog master
transactions,T0061636,quarantined,product P90391 not in catalog master
transactions,T0061675,quarantined,product P91085 not in catalog master
transactions,T0061711,quarantined,product P90658 not in catalog master
transactions,T0061731,quarantined,product P91710 not in catalog master
transactions,T0061744,quarantined,product P92249 not in catalog master
transactions,T0061771,quarantined,product P90221 not in catalog master
transactions,T0061812,quarantined,product P92423 not in catalog master
transactions,T0061833,quarantined,product P90242 not in catalog master
transactions,T0061834,quarantined,product P92313 not in catalog master
transactions,T0061847,quarantined,product P90498 not in catalog master
transactions,T0061856,quarantined,product P91468 not in catalog master
transactions,T0061864,quarantined,product P90584 not in catalog master
transactions,T0061874,quarantined,product P92646 not in catalog master
transactions,T0061928,quarantined,product P92566 not in catalog master
transactions,T0061940,quarantined,product P90832 not in catalog master
transactions,T0062002,quarantined,product P91139 not in catalog master
transactions,T0062107,quarantined,product P92110 not in catalog master
transactions,T0062113,quarantined,product P92224 not in catalog master
transactions,T0062148,quarantined,product P92230 not in catalog master
transactions,T0062179,quarantined,product P90562 not in catalog master
transactions,T0062185,quarantined,product P90851 not in catalog master
transactions,T0062195,quarantined,product P92668 not in catalog master
transactions,T0062197,quarantined,product P91271 not in catalog master
transactions,T0062209,quarantined,product P90711 not in catalog master
transactions,T0062223,quarantined,product P91382 not in catalog master
transactions,T0062253,quarantined,product P90090 not in catalog master
transactions,T0062419,quarantined,product P90148 not in catalog master
transactions,T0062509,quarantined,product P91152 not in catalog master
transactions,T0062680,quarantined,product P91532 not in catalog master
transactions,T0062748,quarantined,product P91596 not in catalog master
transactions,T0062778,quarantined,product P91591 not in catalog master
transactions,T0062791,quarantined,product P91221 not in catalog master
transactions,T0062854,quarantined,product P92603 not in catalog master
transactions,T0062855,quarantined,product P91320 not in catalog master
transactions,T0062901,quarantined,product P92081 not in catalog master
transactions,T0062943,quarantined,product P91932 not in catalog master
transactions,T0063099,quarantined,product P91507 not in catalog master
transactions,T0063133,quarantined,product P91617 not in catalog master
transactions,T0063182,quarantined,product P92150 not in catalog master
transactions,T0063219,quarantined,product P90133 not in catalog master
transactions,T0063319,quarantined,product P90877 not in catalog master
transactions,T0063346,quarantined,product P91571 not in catalog master
transactions,T0063455,quarantined,product P90721 not in catalog master
transactions,T0063467,quarantined,product P91693 not in catalog master
transactions,T0063470,quarantined,product P91298 not in catalog master
transactions,T0063494,quarantined,product P90140 not in catalog master
transactions,T0063544,quarantined,product P92107 not in catalog master
transactions,T0063734,quarantined,product P91288 not in catalog master
transactions,T0063741,quarantined,product P92609 not in catalog master
transactions,T0063752,quarantined,product P92590 not in catalog master
transactions,T0063800,quarantined,product P91881 not in catalog master
transactions,T0063840,quarantined,product P91068 not in catalog master
transactions,T0063899,quarantined,product P92443 not in catalog master
transactions,T0063922,quarantined,product P90958 not in catalog master
transactions,T0063971,quarantined,product P90932 not in catalog master
transactions,T0064138,quarantined,product P91004 not in catalog master
transactions,T0064261,quarantined,product P90918 not in catalog master
transactions,T0064270,quarantined,product P90178 not in catalog master
transactions,T0064288,quarantined,product P90246 not in catalog master
transactions,T0064413,quarantined,product P91308 not in catalog master
transactions,T0064430,quarantined,product P91836 not in catalog master
transactions,T0064492,quarantined,product P91728 not in catalog master
transactions,T0064557,quarantined,product P92163 not in catalog master
transactions,T0064644,quarantined,product P92685 not in catalog master
transactions,T0064654,quarantined,product P90528 not in catalog master
transactions,T0064687,quarantined,product P92141 not in catalog master
transactions,T0064741,quarantined,product P92094 not in catalog master
transactions,T0064765,quarantined,product P91750 not in catalog master
transactions,T0064879,quarantined,product P92448 not in catalog master
transactions,T0064898,quarantined,product P92079 not in catalog master
transactions,T0064908,quarantined,product P91860 not in catalog master
transactions,T0064959,quarantined,product P92587 not in catalog master
transactions,T0064985,quarantined,product P90203 not in catalog master
transactions,T0065012,quarantined,product P91739 not in catalog master
transactions,T0065045,quarantined,product P91653 not in catalog master
transactions,T0065046,quarantined,product P90059 not in catalog master
transactions,T0065053,quarantined,product P92594 not in catalog master
transactions,T0065153,quarantined,product P90297 not in catalog master
transactions,T0065257,quarantined,product P90126 not in catalog master
transactions,T0065275,quarantined,product P90713 not in catalog master
transactions,T0065304,quarantined,product P90820 not in catalog master
transactions,T0065342,quarantined,product P90636 not in catalog master
transactions,T0065401,quarantined,product P91576 not in catalog master
transactions,T0065569,quarantined,product P92129 not in catalog master
transactions,T0065737,quarantined,product P92171 not in catalog master
transactions,T0065849,quarantined,product P91206 not in catalog master
transactions,T0065865,quarantined,product P92131 not in catalog master
transactions,T0065871,quarantined,product P90084 not in catalog master
transactions,T0065882,quarantined,product P92583 not in catalog master
transactions,T0065956,quarantined,product P91890 not in catalog master
transactions,T0065959,quarantined,product P92384 not in catalog master
transactions,T0065981,quarantined,product P90637 not in catalog master
transactions,T0065985,quarantined,product P90960 not in catalog master
transactions,T0066036,quarantined,product P91244 not in catalog master
transactions,T0066049,quarantined,product P92169 not in catalog master
transactions,T0066087,quarantined,product P91124 not in catalog master
transactions,T0066120,quarantined,product P90909 not in catalog master
transactions,T0066208,quarantined,product P91542 not in catalog master
transactions,T0066215,quarantined,product P91355 not in catalog master
transactions,T0066244,quarantined,product P90955 not in catalog master
transactions,T0066263,quarantined,product P91253 not in catalog master
transactions,T0066290,quarantined,product P92428 not in catalog master
transactions,T0066317,quarantined,product P90353 not in catalog master
transactions,T0066323,quarantined,product P91605 not in catalog master
transactions,T0066325,quarantined,product P91604 not in catalog master
transactions,T0066328,quarantined,product P90042 not in catalog master
transactions,T0066333,quarantined,product P92333 not in catalog master
transactions,T0066436,quarantined,product P91189 not in catalog master
transactions,T0066473,quarantined,product P91971 not in catalog master
transactions,T0066539,quarantined,product P90373 not in catalog master
transactions,T0066585,quarantined,product P92066 not in catalog master
transactions,T0066609,quarantined,product P90409 not in catalog master
transactions,T0066628,quarantined,product P90274 not in catalog master
transactions,T0066705,quarantined,product P90443 not in catalog master
transactions,T0066711,quarantined,product P92620 not in catalog master
transactions,T0066713,quarantined,product P91524 not in catalog master
transactions,T0066729,quarantined,product P92573 not in catalog master
transactions,T0066767,quarantined,product P91622 not in catalog master
transactions,T0066806,quarantined,product P91820 not in catalog master
transactions,T0066817,quarantined,product P91502 not in catalog master
transactions,T0066889,quarantined,product P90149 not in catalog master
transactions,T0066935,quarantined,product P90499 not in catalog master
transactions,T0066943,quarantined,product P91479 not in catalog master
transactions,T0067048,quarantined,product P90129 not in catalog master
transactions,T0067064,quarantined,product P90992 not in catalog master
transactions,T0067089,quarantined,product P90625 not in catalog master
transactions,T0067091,quarantined,product P92614 not in catalog master
transactions,T0067098,quarantined,product P92285 not in catalog master
transactions,T0067155,quarantined,product P92106 not in catalog master
transactions,T0067198,quarantined,product P91307 not in catalog master
transactions,T0067247,quarantined,product P90661 not in catalog master
transactions,T0067263,quarantined,product P92178 not in catalog master
transactions,T0067322,quarantined,product P92098 not in catalog master
transactions,T0067452,quarantined,product P92293 not in catalog master
transactions,T0067493,quarantined,product P90618 not in catalog master
transactions,T0067563,quarantined,product P91269 not in catalog master
transactions,T0067592,quarantined,product P91603 not in catalog master
transactions,T0067605,quarantined,product P90892 not in catalog master
transactions,T0067637,quarantined,product P90300 not in catalog master
transactions,T0067808,quarantined,product P90112 not in catalog master
transactions,T0067873,quarantined,product P90320 not in catalog master
transactions,T0067921,quarantined,product P90940 not in catalog master
transactions,T0067966,quarantined,product P90310 not in catalog master
transactions,T0067996,quarantined,product P92302 not in catalog master
transactions,T0068009,quarantined,product P91292 not in catalog master
transactions,T0068026,quarantined,product P90151 not in catalog master
transactions,T0068112,quarantined,product P91906 not in catalog master
transactions,T0068130,quarantined,product P92004 not in catalog master
transactions,T0068144,quarantined,product P90264 not in catalog master
transactions,T0068196,quarantined,product P90881 not in catalog master
transactions,T0068245,quarantined,product P91893 not in catalog master
transactions,T0068283,quarantined,product P91792 not in catalog master
transactions,T0068311,quarantined,product P91616 not in catalog master
transactions,T0068335,quarantined,product P91177 not in catalog master
transactions,T0068352,quarantined,product P90523 not in catalog master
transactions,T0068437,quarantined,product P92387 not in catalog master
transactions,T0068460,quarantined,product P90158 not in catalog master
transactions,T0068463,quarantined,product P91994 not in catalog master
transactions,T0068498,quarantined,product P92326 not in catalog master
transactions,T0068525,quarantined,product P90217 not in catalog master
transactions,T0068545,quarantined,product P92256 not in catalog master
transactions,T0068578,quarantined,product P90872 not in catalog master
transactions,T0068656,quarantined,product P90072 not in catalog master
transactions,T0068658,quarantined,product P90401 not in catalog master
transactions,T0068733,quarantined,product P92480 not in catalog master
transactions,T0068785,quarantined,product P90162 not in catalog master
transactions,T0068793,quarantined,product P91021 not in catalog master
transactions,T0068827,quarantined,product P92045 not in catalog master
transactions,T0068830,quarantined,product P92291 not in catalog master
transactions,T0069129,quarantined,product P91518 not in catalog master
transactions,T0069157,quarantined,product P90553 not in catalog master
transactions,T0069236,quarantined,product P90899 not in catalog master
transactions,T0069246,quarantined,product P91040 not in catalog master
transactions,T0069261,quarantined,product P91647 not in catalog master
transactions,T0069300,quarantined,product P92009 not in catalog master
transactions,T0069363,quarantined,product P92071 not in catalog master
transactions,T0069407,quarantined,product P91324 not in catalog master
transactions,T0069418,quarantined,product P92113 not in catalog master
transactions,T0069513,quarantined,product P91001 not in catalog master
transactions,T0069567,quarantined,product P92235 not in catalog master
transactions,T0069587,quarantined,product P91457 not in catalog master
transactions,T0069648,quarantined,product P90585 not in catalog master
transactions,T0069695,quarantined,product P90725 not in catalog master
transactions,T0069879,quarantined,product P92226 not in catalog master
transactions,T0069880,quarantined,product P92321 not in catalog master
transactions,T0069883,quarantined,product P90961 not in catalog master
transactions,T0069960,quarantined,product P91767 not in catalog master
transactions,T0070010,quarantined,product P91199 not in catalog master
transactions,T0070034,quarantined,product P90223 not in catalog master
transactions,T0070074,quarantined,product P92598 not in catalog master
transactions,T0070093,quarantined,product P91858 not in catalog master
transactions,T0070145,quarantined,product P91381 not in catalog master
transactions,T0070192,quarantined,product P92096 not in catalog master
transactions,T0070205,quarantined,product P90512 not in catalog master
transactions,T0070220,quarantined,product P90107 not in catalog master
transactions,T0070236,quarantined,product P92604 not in catalog master
transactions,T0070239,quarantined,product P90689 not in catalog master
transactions,T0070251,quarantined,product P92067 not in catalog master
transactions,T0070294,quarantined,product P90040 not in catalog master
transactions,T0070319,quarantined,product P90950 not in catalog master
transactions,T0070329,quarantined,product P90095 not in catalog master
transactions,T0070361,quarantined,product P90649 not in catalog master
transactions,T0070411,quarantined,product P91157 not in catalog master
transactions,T0070413,quarantined,product P90282 not in catalog master
transactions,T0070576,quarantined,product P90600 not in catalog master
transactions,T0070683,quarantined,product P92536 not in catalog master
transactions,T0070733,quarantined,product P90979 not in catalog master
transactions,T0070755,quarantined,product P90408 not in catalog master
transactions,T0070840,quarantined,product P91922 not in catalog master
transactions,T0070958,quarantined,product P91523 not in catalog master
transactions,T0071035,quarantined,product P90963 not in catalog master
transactions,T0071070,quarantined,product P91769 not in catalog master
transactions,T0071153,quarantined,product P91405 not in catalog master
transactions,T0071186,quarantined,product P92405 not in catalog master
transactions,T0071192,quarantined,product P92616 not in catalog master
transactions,T0071194,quarantined,product P91235 not in catalog master
transactions,T0071267,quarantined,product P90173 not in catalog master
transactions,T0071328,quarantined,product P90020 not in catalog master
transactions,T0071349,quarantined,product P90593 not in catalog master
transactions,T0071453,quarantined,product P90456 not in catalog master
transactions,T0071492,quarantined,product P91649 not in catalog master
transactions,T0071540,quarantined,product P91936 not in catalog master
transactions,T0071608,quarantined,product P90922 not in catalog master
transactions,T0071612,quarantined,product P90650 not in catalog master
transactions,T0071659,quarantined,product P91568 not in catalog master
transactions,T0071705,quarantined,product P90239 not in catalog master
transactions,T0071836,quarantined,product P91830 not in catalog master
transactions,T0071936,quarantined,product P91673 not in catalog master
transactions,T0072000,quarantined,product P92363 not in catalog master
transactions,T0072066,quarantined,product P91205 not in catalog master
transactions,T0072115,quarantined,product P90858 not in catalog master
transactions,T0072128,quarantined,product P92670 not in catalog master
transactions,T0072132,quarantined,product P90808 not in catalog master
transactions,T0072178,quarantined,product P90492 not in catalog master
transactions,T0072213,quarantined,product P92087 not in catalog master
transactions,T0072268,quarantined,product P92143 not in catalog master
transactions,T0072273,quarantined,product P90657 not in catalog master
transactions,T0072308,quarantined,product P90905 not in catalog master
transactions,T0072319,quarantined,product P91570 not in catalog master
transactions,T0072375,quarantined,product P91505 not in catalog master
transactions,T0072403,quarantined,product P92271 not in catalog master
transactions,T0072427,quarantined,product P90233 not in catalog master
transactions,T0072432,quarantined,product P90249 not in catalog master
transactions,T0072446,quarantined,product P90765 not in catalog master
transactions,T0072480,quarantined,product P91348 not in catalog master
transactions,T0072520,quarantined,product P91296 not in catalog master
transactions,T0072611,quarantined,product P90519 not in catalog master
transactions,T0072641,quarantined,product P90561 not in catalog master
transactions,T0072713,quarantined,product P90996 not in catalog master
transactions,T0072771,quarantined,product P92531 not in catalog master
transactions,T0072823,quarantined,product P91062 not in catalog master
transactions,T0072843,quarantined,product P91443 not in catalog master
transactions,T0072909,quarantined,product P91401 not in catalog master
transactions,T0072928,quarantined,product P90392 not in catalog master
transactions,T0072951,quarantined,product P90642 not in catalog master
transactions,T0072965,quarantined,product P91749 not in catalog master
transactions,T0072970,quarantined,product P90945 not in catalog master
transactions,T0072980,quarantined,product P92507 not in catalog master
transactions,T0072988,quarantined,product P91437 not in catalog master
transactions,T0073034,quarantined,product P90540 not in catalog master
transactions,T0073037,quarantined,product P91633 not in catalog master
transactions,T0073116,quarantined,product P91614 not in catalog master
transactions,T0073136,quarantined,product P90350 not in catalog master
transactions,T0073189,quarantined,product P90046 not in catalog master
transactions,T0073209,quarantined,product P90142 not in catalog master
transactions,T0073215,quarantined,product P91760 not in catalog master
transactions,T0073279,quarantined,product P90195 not in catalog master
transactions,T0073347,quarantined,product P92453 not in catalog master
transactions,T0073373,quarantined,product P91118 not in catalog master
transactions,T0073390,quarantined,product P90213 not in catalog master
transactions,T0073395,quarantined,product P90890 not in catalog master
transactions,T0073405,quarantined,product P91346 not in catalog master
transactions,T0073421,quarantined,product P91370 not in catalog master
transactions,T0073496,quarantined,product P92152 not in catalog master
transactions,T0073572,quarantined,product P91851 not in catalog master
transactions,T0073598,quarantined,product P90495 not in catalog master
transactions,T0073657,quarantined,product P91179 not in catalog master
transactions,T0073661,quarantined,product P92663 not in catalog master
transactions,T0073679,quarantined,product P91011 not in catalog master
transactions,T0073731,quarantined,product P92490 not in catalog master
transactions,T0073762,quarantined,product P92049 not in catalog master
transactions,T0073804,quarantined,product P91369 not in catalog master
transactions,T0073864,quarantined,product P91550 not in catalog master
transactions,T0073879,quarantined,product P90393 not in catalog master
transactions,T0073888,quarantined,product P92086 not in catalog master
transactions,T0073964,quarantined,product P90521 not in catalog master
transactions,T0073999,quarantined,product P91540 not in catalog master
transactions,T0074029,quarantined,product P92538 not in catalog master
transactions,T0074055,quarantined,product P92459 not in catalog master
transactions,T0074124,quarantined,product P91618 not in catalog master
transactions,T0074170,quarantined,product P91493 not in catalog master
transactions,T0074177,quarantined,product P91080 not in catalog master
transactions,T0074233,quarantined,product P92628 not in catalog master
transactions,T0074325,quarantined,product P91456 not in catalog master
transactions,T0074328,quarantined,product P91497 not in catalog master
transactions,T0074409,quarantined,product P90641 not in catalog master
transactions,T0074446,quarantined,product P90360 not in catalog master
transactions,T0074460,quarantined,product P90515 not in catalog master
transactions,T0074595,quarantined,product P90290 not in catalog master
transactions,T0074629,quarantined,product P91009 not in catalog master
transactions,T0074727,quarantined,product P90736 not in catalog master
transactions,T0074760,quarantined,product P90044 not in catalog master
transactions,T0074806,quarantined,product P91935 not in catalog master
transactions,T0074908,quarantined,product P92430 not in catalog master
transactions,T0074951,quarantined,product P92165 not in catalog master
transactions,T0075039,quarantined,product P90197 not in catalog master
transactions,T0075129,quarantined,product P90901 not in catalog master
transactions,T0075152,quarantined,product P91135 not in catalog master
transactions,T0075332,quarantined,product P90943 not in catalog master
transactions,T0075396,quarantined,product P91704 not in catalog master
transactions,T0075413,quarantined,product P91025 not in catalog master
transactions,T0075507,quarantined,product P90204 not in catalog master
transactions,T0075520,quarantined,product P91886 not in catalog master
transactions,T0075547,quarantined,product P92400 not in catalog master
transactions,T0075584,quarantined,product P92692 not in catalog master
transactions,T0075593,quarantined,product P91263 not in catalog master
transactions,T0075663,quarantined,product P92263 not in catalog master
transactions,T0075672,quarantined,product P91035 not in catalog master
transactions,T0075725,quarantined,product P91428 not in catalog master
transactions,T0075774,quarantined,product P91645 not in catalog master
transactions,T0075779,quarantined,product P91930 not in catalog master
transactions,T0075811,quarantined,product P92343 not in catalog master
transactions,T0075829,quarantined,product P91344 not in catalog master
transactions,T0075876,quarantined,product P90987 not in catalog master
transactions,T0075880,quarantined,product P92280 not in catalog master
transactions,T0075981,quarantined,product P91852 not in catalog master
transactions,T0075994,quarantined,product P90377 not in catalog master
transactions,T0076014,quarantined,product P92001 not in catalog master
transactions,T0076066,quarantined,product P90447 not in catalog master
transactions,T0076089,quarantined,product P92055 not in catalog master
transactions,T0076120,quarantined,product P91850 not in catalog master
transactions,T0076186,quarantined,product P90533 not in catalog master
transactions,T0076200,quarantined,product P92558 not in catalog master
transactions,T0076220,quarantined,product P90520 not in catalog master
transactions,T0076344,quarantined,product P91454 not in catalog master
transactions,T0076461,quarantined,product P90440 not in catalog master
transactions,T0076555,quarantined,product P92375 not in catalog master
transactions,T0076606,quarantined,product P90998 not in catalog master
transactions,T0076608,quarantined,product P92021 not in catalog master
transactions,T0076690,quarantined,product P91575 not in catalog master
transactions,T0076712,quarantined,product P90062 not in catalog master
transactions,T0076739,quarantined,product P90912 not in catalog master
transactions,T0076751,quarantined,product P90674 not in catalog master
transactions,T0076770,quarantined,product P92251 not in catalog master
transactions,T0076787,quarantined,product P91587 not in catalog master
transactions,T0076856,quarantined,product P90102 not in catalog master
transactions,T0076987,quarantined,product P92162 not in catalog master
transactions,T0077106,quarantined,product P90894 not in catalog master
transactions,T0077125,quarantined,product P92032 not in catalog master
transactions,T0077213,quarantined,product P90536 not in catalog master
transactions,T0077216,quarantined,product P92019 not in catalog master
transactions,T0077227,quarantined,product P90596 not in catalog master
transactions,T0077298,quarantined,product P91169 not in catalog master
transactions,T0077329,quarantined,product P90619 not in catalog master
transactions,T0077366,quarantined,product P92221 not in catalog master
transactions,T0077411,quarantined,product P90760 not in catalog master
transactions,T0077508,quarantined,product P92689 not in catalog master
transactions,T0077522,quarantined,product P92597 not in catalog master
transactions,T0077573,quarantined,product P92543 not in catalog master
transactions,T0077587,quarantined,product P92390 not in catalog master
transactions,T0077589,quarantined,product P92366 not in catalog master
transactions,T0077623,quarantined,product P91942 not in catalog master
transactions,T0077626,quarantined,product P92469 not in catalog master
transactions,T0077642,quarantined,product P91178 not in catalog master
transactions,T0077671,quarantined,product P90016 not in catalog master
transactions,T0077695,quarantined,product P90390 not in catalog master
transactions,T0077712,quarantined,product P91952 not in catalog master
transactions,T0077732,quarantined,product P90571 not in catalog master
transactions,T0077872,quarantined,product P91951 not in catalog master
transactions,T0077910,quarantined,product P91469 not in catalog master
transactions,T0077937,quarantined,product P92634 not in catalog master
transactions,T0077948,quarantined,product P90651 not in catalog master
transactions,T0078016,quarantined,product P92396 not in catalog master
transactions,T0078121,quarantined,product P91585 not in catalog master
transactions,T0078129,quarantined,product P90056 not in catalog master
transactions,T0078136,quarantined,product P90222 not in catalog master
transactions,T0078180,quarantined,product P90531 not in catalog master
transactions,T0078189,quarantined,product P91934 not in catalog master
transactions,T0078203,quarantined,product P90082 not in catalog master
transactions,T0078251,quarantined,product P91888 not in catalog master
transactions,T0078289,quarantined,product P92018 not in catalog master
transactions,T0078327,quarantined,product P91337 not in catalog master
transactions,T0078342,quarantined,product P90718 not in catalog master
transactions,T0078377,quarantined,product P91743 not in catalog master
transactions,T0078423,quarantined,product P91665 not in catalog master
transactions,T0078443,quarantined,product P90106 not in catalog master
transactions,T0078444,quarantined,product P90180 not in catalog master
transactions,T0078501,quarantined,product P91063 not in catalog master
transactions,T0078505,quarantined,product P91014 not in catalog master
transactions,T0078537,quarantined,product P90363 not in catalog master
transactions,T0078558,quarantined,product P91526 not in catalog master
transactions,T0078563,quarantined,product P91844 not in catalog master
transactions,T0078586,quarantined,product P90226 not in catalog master
transactions,T0078591,quarantined,product P91924 not in catalog master
transactions,T0078651,quarantined,product P90007 not in catalog master
transactions,T0078724,quarantined,product P91711 not in catalog master
transactions,T0078825,quarantined,product P90099 not in catalog master
transactions,T0078832,quarantined,product P91973 not in catalog master
transactions,T0078935,quarantined,product P90966 not in catalog master
transactions,T0079042,quarantined,product P92195 not in catalog master
transactions,T0079118,quarantined,product P92607 not in catalog master
transactions,T0079156,quarantined,product P90255 not in catalog master
transactions,T0079307,quarantined,product P91438 not in catalog master
transactions,T0079352,quarantined,product P91226 not in catalog master
transactions,T0079439,quarantined,product P91626 not in catalog master
transactions,T0079474,quarantined,product P91070 not in catalog master
transactions,T0079552,quarantined,product P92546 not in catalog master
transactions,T0079659,quarantined,product P91977 not in catalog master
transactions,T0079676,quarantined,product P90763 not in catalog master
transactions,T0079746,quarantined,product P90842 not in catalog master
transactions,T0079775,quarantined,product P91304 not in catalog master
transactions,T0079776,quarantined,product P90047 not in catalog master
transactions,T0079789,quarantined,product P92642 not in catalog master
transactions,T0079796,quarantined,product P91038 not in catalog master
transactions,T0079856,quarantined,product P90181 not in catalog master
transactions,T0079966,quarantined,product P90466 not in catalog master
transactions,T0080170,quarantined,product P92438 not in catalog master
transactions,T0080215,quarantined,product P91409 not in catalog master
transactions,T0080327,quarantined,product P90379 not in catalog master
transactions,T0080444,quarantined,product P91641 not in catalog master
transactions,T0080446,quarantined,product P90679 not in catalog master
transactions,T0080462,quarantined,product P92327 not in catalog master
transactions,T0080471,quarantined,product P92090 not in catalog master
transactions,T0080479,quarantined,product P91810 not in catalog master
transactions,T0080578,quarantined,product P90666 not in catalog master
transactions,T0080599,quarantined,product P91559 not in catalog master
transactions,T0080727,quarantined,product P90931 not in catalog master
transactions,T0080760,quarantined,product P91770 not in catalog master
transactions,T0080771,quarantined,product P90139 not in catalog master
transactions,T0080813,quarantined,product P90887 not in catalog master
transactions,T0080836,quarantined,product P91445 not in catalog master
transactions,T0080847,quarantined,product P91961 not in catalog master
transactions,T0080860,quarantined,product P90111 not in catalog master
transactions,T0080949,quarantined,product P90611 not in catalog master
transactions,T0081024,quarantined,product P91916 not in catalog master
transactions,T0081149,quarantined,product P90898 not in catalog master
transactions,T0081300,quarantined,product P90953 not in catalog master
transactions,T0081317,quarantined,product P90418 not in catalog master
transactions,T0081394,quarantined,product P91114 not in catalog master
transactions,T0081396,quarantined,product P90442 not in catalog master
transactions,T0081413,quarantined,product P90424 not in catalog master
transactions,T0081435,quarantined,product P92425 not in catalog master
transactions,T0081477,quarantined,product P90305 not in catalog master
transactions,T0081479,quarantined,product P92462 not in catalog master
transactions,T0081510,quarantined,product P92465 not in catalog master
transactions,T0081515,quarantined,product P92667 not in catalog master
transactions,T0081599,quarantined,product P92426 not in catalog master
transactions,T0081605,quarantined,product P90067 not in catalog master
transactions,T0081663,quarantined,product P90374 not in catalog master
transactions,T0081695,quarantined,product P90280 not in catalog master
transactions,T0081698,quarantined,product P91748 not in catalog master
transactions,T0081766,quarantined,product P91717 not in catalog master
transactions,T0081902,quarantined,product P90405 not in catalog master
transactions,T0081923,quarantined,product P90156 not in catalog master
transactions,T0081924,quarantined,product P92391 not in catalog master
transactions,T0081949,quarantined,product P91007 not in catalog master
transactions,T0081950,quarantined,product P91093 not in catalog master
transactions,T0082017,quarantined,product P91790 not in catalog master
transactions,T0082027,quarantined,product P91393 not in catalog master
transactions,T0082058,quarantined,product P90085 not in catalog master
transactions,T0082064,quarantined,product P90959 not in catalog master
transactions,T0082114,quarantined,product P90464 not in catalog master
transactions,T0082134,quarantined,product P90285 not in catalog master
transactions,T0082137,quarantined,product P90339 not in catalog master
transactions,T0082147,quarantined,product P91227 not in catalog master
transactions,T0082181,quarantined,product P90697 not in catalog master
transactions,T0082192,quarantined,product P90078 not in catalog master
transactions,T0082220,quarantined,product P91415 not in catalog master
transactions,T0082264,quarantined,product P90848 not in catalog master
transactions,T0082301,quarantined,product P90587 not in catalog master
transactions,T0082351,quarantined,product P92261 not in catalog master
transactions,T0082352,quarantined,product P90535 not in catalog master
transactions,T0082354,quarantined,product P90081 not in catalog master
transactions,T0082371,quarantined,product P92416 not in catalog master
transactions,T0082373,quarantined,product P90772 not in catalog master
transactions,T0082396,quarantined,product P91209 not in catalog master
transactions,T0082456,quarantined,product P90949 not in catalog master
transactions,T0082458,quarantined,product P91752 not in catalog master
transactions,T0082460,quarantined,product P90792 not in catalog master
transactions,T0082549,quarantined,product P91671 not in catalog master
transactions,T0082627,quarantined,product P90163 not in catalog master
transactions,T0082656,quarantined,product P90671 not in catalog master
transactions,T0082675,quarantined,product P91426 not in catalog master
transactions,T0082686,quarantined,product P90957 not in catalog master
transactions,T0082755,quarantined,product P90005 not in catalog master
transactions,T0082788,quarantined,product P91695 not in catalog master
transactions,T0082811,quarantined,product P91661 not in catalog master
transactions,T0082826,quarantined,product P91955 not in catalog master
transactions,T0082922,quarantined,product P92140 not in catalog master
transactions,T0083062,quarantined,product P92146 not in catalog master
transactions,T0083069,quarantined,product P90097 not in catalog master
transactions,T0083082,quarantined,product P92166 not in catalog master
transactions,T0083137,quarantined,product P90281 not in catalog master
transactions,T0083195,quarantined,product P90864 not in catalog master
transactions,T0083212,quarantined,product P92025 not in catalog master
transactions,T0083231,quarantined,product P91051 not in catalog master
transactions,T0083255,quarantined,product P91392 not in catalog master
transactions,T0083343,quarantined,product P90083 not in catalog master
transactions,T0083354,quarantined,product P90323 not in catalog master
transactions,T0083438,quarantined,product P90635 not in catalog master
transactions,T0083458,quarantined,product P90130 not in catalog master
transactions,T0083464,quarantined,product P90734 not in catalog master
transactions,T0083520,quarantined,product P91759 not in catalog master
transactions,T0083554,quarantined,product P90927 not in catalog master
transactions,T0083640,quarantined,product P91538 not in catalog master
transactions,T0083747,quarantined,product P91944 not in catalog master
transactions,T0083778,quarantined,product P90185 not in catalog master
transactions,T0083792,quarantined,product P90070 not in catalog master
transactions,T0083803,quarantined,product P92481 not in catalog master
transactions,T0083805,quarantined,product P91153 not in catalog master
transactions,T0083856,quarantined,product P90087 not in catalog master
transactions,T0083875,quarantined,product P92274 not in catalog master
transactions,T0083890,quarantined,product P92194 not in catalog master
transactions,T0083906,quarantined,product P92337 not in catalog master
transactions,T0083987,quarantined,product P91314 not in catalog master
transactions,T0084032,quarantined,product P92526 not in catalog master
transactions,T0084069,quarantined,product P91583 not in catalog master
transactions,T0084070,quarantined,product P92412 not in catalog master
transactions,T0084080,quarantined,product P91989 not in catalog master
transactions,T0084148,quarantined,product P91635 not in catalog master
transactions,T0084261,quarantined,product P91686 not in catalog master
transactions,T0084281,quarantined,product P91923 not in catalog master
transactions,T0084300,quarantined,product P90911 not in catalog master
transactions,T0084346,quarantined,product P91328 not in catalog master
transactions,T0084348,quarantined,product P91789 not in catalog master
transactions,T0084395,quarantined,product P91985 not in catalog master
transactions,T0084404,quarantined,product P90183 not in catalog master
transactions,T0084436,quarantined,product P90750 not in catalog master
transactions,T0084440,quarantined,product P90841 not in catalog master
transactions,T0084444,quarantined,product P92233 not in catalog master
transactions,T0084551,quarantined,product P91151 not in catalog master
transactions,T0084552,quarantined,product P90103 not in catalog master
transactions,T0084632,quarantined,product P90597 not in catalog master
transactions,T0084680,quarantined,product P91012 not in catalog master
transactions,T0084759,quarantined,product P92202 not in catalog master
transactions,T0084775,quarantined,product P90989 not in catalog master
transactions,T0084776,quarantined,product P90965 not in catalog master
transactions,T0084806,quarantined,product P91702 not in catalog master
transactions,T0084811,quarantined,product P91883 not in catalog master
transactions,T0084885,quarantined,product P90569 not in catalog master
transactions,T0085143,quarantined,product P90730 not in catalog master
transactions,T0085160,quarantined,product P90009 not in catalog master
transactions,T0085231,quarantined,product P90474 not in catalog master
transactions,T0085274,quarantined,product P90925 not in catalog master
transactions,T0085281,quarantined,product P90964 not in catalog master
transactions,T0085318,quarantined,product P91777 not in catalog master
transactions,T0085325,quarantined,product P90769 not in catalog master
transactions,T0085335,quarantined,product P91966 not in catalog master
transactions,T0085367,quarantined,product P90244 not in catalog master
transactions,T0085428,quarantined,product P91400 not in catalog master
transactions,T0085482,quarantined,product P92624 not in catalog master
transactions,T0085514,quarantined,product P91134 not in catalog master
transactions,T0085523,quarantined,product P90870 not in catalog master
transactions,T0085547,quarantined,product P90455 not in catalog master
transactions,T0085581,quarantined,product P91588 not in catalog master
transactions,T0085612,quarantined,product P91489 not in catalog master
transactions,T0085802,quarantined,product P91101 not in catalog master
transactions,T0085824,quarantined,product P92368 not in catalog master
transactions,T0085906,quarantined,product P92046 not in catalog master
transactions,T0086000,quarantined,product P90247 not in catalog master
transactions,T0086077,quarantined,product P92257 not in catalog master
transactions,T0086090,quarantined,product P92116 not in catalog master
transactions,T0086119,quarantined,product P92058 not in catalog master
transactions,T0086125,quarantined,product P91273 not in catalog master
transactions,T0086145,quarantined,product P91684 not in catalog master
transactions,T0086155,quarantined,product P92273 not in catalog master
transactions,T0086220,quarantined,product P90004 not in catalog master
transactions,T0086227,quarantined,product P92359 not in catalog master
transactions,T0086321,quarantined,product P90186 not in catalog master
transactions,T0086329,quarantined,product P91168 not in catalog master
transactions,T0086365,quarantined,product P90311 not in catalog master
transactions,T0086409,quarantined,product P92147 not in catalog master
transactions,T0086455,quarantined,product P92042 not in catalog master
transactions,T0086460,quarantined,product P91766 not in catalog master
transactions,T0086474,quarantined,product P91465 not in catalog master
transactions,T0086529,quarantined,product P90656 not in catalog master
transactions,T0086555,quarantined,product P91049 not in catalog master
transactions,T0086593,quarantined,product P90601 not in catalog master
transactions,T0086611,quarantined,product P90333 not in catalog master
transactions,T0086647,quarantined,product P90667 not in catalog master
transactions,T0086648,quarantined,product P92121 not in catalog master
transactions,T0086695,quarantined,product P90756 not in catalog master
transactions,T0086788,quarantined,product P91926 not in catalog master
transactions,T0086815,quarantined,product P91958 not in catalog master
transactions,T0086860,quarantined,product P91066 not in catalog master
transactions,T0086861,quarantined,product P90604 not in catalog master
transactions,T0086887,quarantined,product P90444 not in catalog master
transactions,T0086927,quarantined,product P90415 not in catalog master
transactions,T0086942,quarantined,product P92574 not in catalog master
transactions,T0087002,quarantined,product P90378 not in catalog master
transactions,T0087085,quarantined,product P90578 not in catalog master
transactions,T0087090,quarantined,product P92052 not in catalog master
transactions,T0087160,quarantined,product P92351 not in catalog master
transactions,T0087165,quarantined,product P91300 not in catalog master
transactions,T0087166,quarantined,product P92440 not in catalog master
transactions,T0087172,quarantined,product P90341 not in catalog master
transactions,T0087247,quarantined,product P91140 not in catalog master
transactions,T0087313,quarantined,product P92203 not in catalog master
transactions,T0087429,quarantined,product P92279 not in catalog master
transactions,T0087459,quarantined,product P91939 not in catalog master
transactions,T0087480,quarantined,product P91803 not in catalog master
transactions,T0087491,quarantined,product P90115 not in catalog master
transactions,T0087539,quarantined,product P91301 not in catalog master
transactions,T0087555,quarantined,product P90385 not in catalog master
transactions,T0087575,quarantined,product P92561 not in catalog master
transactions,T0087578,quarantined,product P92061 not in catalog master
transactions,T0087617,quarantined,product P90257 not in catalog master
transactions,T0087621,quarantined,product P90967 not in catalog master
transactions,T0087673,quarantined,product P91417 not in catalog master
transactions,T0087745,quarantined,product P90298 not in catalog master
transactions,T0087834,quarantined,product P90419 not in catalog master
transactions,T0087920,quarantined,product P91434 not in catalog master
transactions,T0087923,quarantined,product P92455 not in catalog master
transactions,T0087982,quarantined,product P91310 not in catalog master
transactions,T0087985,quarantined,product P92656 not in catalog master
transactions,T0088000,quarantined,product P90591 not in catalog master
transactions,T0088055,quarantined,product P92635 not in catalog master
transactions,T0088080,quarantined,product P90336 not in catalog master
transactions,T0088203,quarantined,product P90627 not in catalog master
transactions,T0088273,quarantined,product P91928 not in catalog master
transactions,T0088309,quarantined,product P91781 not in catalog master
transactions,T0088312,quarantined,product P92516 not in catalog master
transactions,T0088389,quarantined,product P92357 not in catalog master
transactions,T0088415,quarantined,product P91181 not in catalog master
transactions,T0088425,quarantined,product P92056 not in catalog master
transactions,T0088449,quarantined,product P92029 not in catalog master
transactions,T0088495,quarantined,product P92181 not in catalog master
transactions,T0088656,quarantined,product P92010 not in catalog master
transactions,T0088705,quarantined,product P92323 not in catalog master
transactions,T0088712,quarantined,product P90120 not in catalog master
transactions,T0088724,quarantined,product P92510 not in catalog master
transactions,T0088738,quarantined,product P90307 not in catalog master
transactions,T0088770,quarantined,product P91322 not in catalog master
transactions,T0088889,quarantined,product P90367 not in catalog master
transactions,T0088894,quarantined,product P91722 not in catalog master
transactions,T0088915,quarantined,product P91482 not in catalog master
transactions,T0088936,quarantined,product P90916 not in catalog master
transactions,T0088964,quarantined,product P91321 not in catalog master
transactions,T0088989,quarantined,product P91599 not in catalog master
transactions,T0089056,quarantined,product P92053 not in catalog master
transactions,T0089097,quarantined,product P91201 not in catalog master
transactions,T0089113,quarantined,product P90296 not in catalog master
transactions,T0089149,quarantined,product P91779 not in catalog master
transactions,T0089194,quarantined,product P91775 not in catalog master
transactions,T0089200,quarantined,product P90696 not in catalog master
transactions,T0089228,quarantined,product P91208 not in catalog master
transactions,T0089352,quarantined,product P90202 not in catalog master
transactions,T0089370,quarantined,product P92371 not in catalog master
transactions,T0089472,quarantined,product P91483 not in catalog master
transactions,T0089536,quarantined,product P90024 not in catalog master
transactions,T0089707,quarantined,product P90387 not in catalog master
transactions,T0089752,quarantined,product P91503 not in catalog master
transactions,T0089756,quarantined,product P90791 not in catalog master
transactions,T0089792,quarantined,product P90479 not in catalog master
transactions,T0089819,quarantined,product P91580 not in catalog master
transactions,T0089829,quarantined,product P91648 not in catalog master
transactions,T0089836,quarantined,product P90975 not in catalog master
transactions,T0089853,quarantined,product P90428 not in catalog master
transactions,T0089884,quarantined,product P92687 not in catalog master
transactions,T0089932,quarantined,product P92695 not in catalog master
transactions,T0089971,quarantined,product P92338 not in catalog master
transactions,T0090225,quarantined,product P92234 not in catalog master
transactions,T0090231,quarantined,product P90678 not in catalog master
transactions,T0090236,quarantined,product P92215 not in catalog master
transactions,T0090331,quarantined,product P91732 not in catalog master
transactions,T0090353,quarantined,product P92645 not in catalog master
transactions,T0090463,quarantined,product P92063 not in catalog master
transactions,T0090536,quarantined,product P90150 not in catalog master
transactions,T0090625,quarantined,product P92471 not in catalog master
transactions,T0090633,quarantined,product P90045 not in catalog master
transactions,T0090785,quarantined,product P91511 not in catalog master
transactions,T0090799,quarantined,product P92514 not in catalog master
transactions,T0090807,quarantined,product P92138 not in catalog master
transactions,T0090827,quarantined,product P90344 not in catalog master
transactions,T0090848,quarantined,product P90777 not in catalog master
transactions,T0090976,quarantined,product P92335 not in catalog master
transactions,T0091033,quarantined,product P91161 not in catalog master
transactions,T0091061,quarantined,product P90426 not in catalog master
transactions,T0091086,quarantined,product P91281 not in catalog master
transactions,T0091160,quarantined,product P92657 not in catalog master
transactions,T0091195,quarantined,product P91390 not in catalog master
transactions,T0091283,quarantined,product P90008 not in catalog master
transactions,T0091288,quarantined,product P90879 not in catalog master
transactions,T0091292,quarantined,product P91389 not in catalog master
transactions,T0091298,quarantined,product P92341 not in catalog master
transactions,T0091309,quarantined,product P91262 not in catalog master
transactions,T0091327,quarantined,product P92410 not in catalog master
transactions,T0091359,quarantined,product P92654 not in catalog master
transactions,T0091460,quarantined,product P90646 not in catalog master
transactions,T0091471,quarantined,product P91919 not in catalog master
transactions,T0091616,quarantined,product P91424 not in catalog master
transactions,T0091682,quarantined,product P90145 not in catalog master
transactions,T0091685,quarantined,product P91478 not in catalog master
transactions,T0091691,quarantined,product P92541 not in catalog master
transactions,T0091717,quarantined,product P92418 not in catalog master
transactions,T0091767,quarantined,product P91204 not in catalog master
transactions,T0091770,quarantined,product P90055 not in catalog master
transactions,T0091794,quarantined,product P92281 not in catalog master
transactions,T0091801,quarantined,product P92240 not in catalog master
transactions,T0091818,quarantined,product P91563 not in catalog master
transactions,T0091827,quarantined,product P90594 not in catalog master
transactions,T0091851,quarantined,product P90410 not in catalog master
transactions,T0091868,quarantined,product P92539 not in catalog master
transactions,T0091878,quarantined,product P91436 not in catalog master
transactions,T0091894,quarantined,product P90889 not in catalog master
transactions,T0091913,quarantined,product P90914 not in catalog master
transactions,T0091936,quarantined,product P91954 not in catalog master
transactions,T0091982,quarantined,product P91087 not in catalog master
transactions,T0092035,quarantined,product P90837 not in catalog master
transactions,T0092061,quarantined,product P92550 not in catalog master
transactions,T0092091,quarantined,product P91978 not in catalog master
transactions,T0092105,quarantined,product P91640 not in catalog master
transactions,T0092248,quarantined,product P90177 not in catalog master
transactions,T0092323,quarantined,product P90425 not in catalog master
transactions,T0092332,quarantined,product P90507 not in catalog master
transactions,T0092343,quarantined,product P90219 not in catalog master
transactions,T0092347,quarantined,product P91778 not in catalog master
transactions,T0092376,quarantined,product P90560 not in catalog master
transactions,T0092404,quarantined,product P90491 not in catalog master
transactions,T0092506,quarantined,product P91909 not in catalog master
transactions,T0092515,quarantined,product P90787 not in catalog master
transactions,T0092526,quarantined,product P90991 not in catalog master
transactions,T0092570,quarantined,product P92127 not in catalog master
transactions,T0092605,quarantined,product P92210 not in catalog master
transactions,T0092631,quarantined,product P90060 not in catalog master
transactions,T0092660,quarantined,product P92527 not in catalog master
transactions,T0092710,quarantined,product P92193 not in catalog master
transactions,T0092811,quarantined,product P90035 not in catalog master
transactions,T0092825,quarantined,product P92283 not in catalog master
transactions,T0092906,quarantined,product P90420 not in catalog master
transactions,T0092934,quarantined,product P90738 not in catalog master
transactions,T0092965,quarantined,product P91872 not in catalog master
transactions,T0092992,quarantined,product P92450 not in catalog master
transactions,T0093035,quarantined,product P90809 not in catalog master
transactions,T0093065,quarantined,product P91768 not in catalog master
transactions,T0093153,quarantined,product P90023 not in catalog master
transactions,T0093183,quarantined,product P90518 not in catalog master
transactions,T0093213,quarantined,product P91963 not in catalog master
transactions,T0093268,quarantined,product P92502 not in catalog master
transactions,T0093280,quarantined,product P92358 not in catalog master
transactions,T0093295,quarantined,product P90838 not in catalog master
transactions,T0093330,quarantined,product P91894 not in catalog master
transactions,T0093340,quarantined,product P92111 not in catalog master
transactions,T0093355,quarantined,product P92577 not in catalog master
transactions,T0093363,quarantined,product P91980 not in catalog master
transactions,T0093392,quarantined,product P91376 not in catalog master
transactions,T0093447,quarantined,product P92186 not in catalog master
transactions,T0093484,quarantined,product P91147 not in catalog master
transactions,T0093504,quarantined,product P91377 not in catalog master
transactions,T0093554,quarantined,product P90236 not in catalog master
transactions,T0093573,quarantined,product P91459 not in catalog master
transactions,T0093594,quarantined,product P91414 not in catalog master
transactions,T0093598,quarantined,product P91050 not in catalog master
transactions,T0093644,quarantined,product P90983 not in catalog master
transactions,T0093779,quarantined,product P90301 not in catalog master
transactions,T0093787,quarantined,product P91877 not in catalog master
transactions,T0093835,quarantined,product P90212 not in catalog master
transactions,T0093961,quarantined,product P91765 not in catalog master
transactions,T0094045,quarantined,product P90622 not in catalog master
transactions,T0094127,quarantined,product P91547 not in catalog master
transactions,T0094129,quarantined,product P91024 not in catalog master
transactions,T0094183,quarantined,product P92077 not in catalog master
transactions,T0094240,quarantined,product P91145 not in catalog master
transactions,T0094248,quarantined,product P92495 not in catalog master
transactions,T0094273,quarantined,product P91562 not in catalog master
transactions,T0094386,quarantined,product P92314 not in catalog master
transactions,T0094391,quarantined,product P92466 not in catalog master
transactions,T0094393,quarantined,product P90984 not in catalog master
transactions,T0094437,quarantined,product P90002 not in catalog master
transactions,T0094458,quarantined,product P91306 not in catalog master
transactions,T0094495,quarantined,product P90288 not in catalog master
transactions,T0094591,quarantined,product P91270 not in catalog master
transactions,T0094638,quarantined,product P92339 not in catalog master
transactions,T0094692,quarantined,product P92694 not in catalog master
transactions,T0094759,quarantined,product P92149 not in catalog master
transactions,T0094778,quarantined,product P91513 not in catalog master
transactions,T0094900,quarantined,product P92618 not in catalog master
transactions,T0094945,quarantined,product P92458 not in catalog master
transactions,T0095006,quarantined,product P92525 not in catalog master
transactions,T0095060,quarantined,product P91113 not in catalog master
transactions,T0095172,quarantined,product P91160 not in catalog master
transactions,T0095218,quarantined,product P91615 not in catalog master
transactions,T0095297,quarantined,product P90816 not in catalog master
transactions,T0095371,quarantined,product P92349 not in catalog master
transactions,T0095438,quarantined,product P91797 not in catalog master
transactions,T0095466,quarantined,product P90694 not in catalog master
transactions,T0095479,quarantined,product P91771 not in catalog master
transactions,T0095525,quarantined,product P91219 not in catalog master
transactions,T0095547,quarantined,product P91816 not in catalog master
transactions,T0095579,quarantined,product P90404 not in catalog master
transactions,T0095624,quarantined,product P91522 not in catalog master
transactions,T0095754,quarantined,product P91430 not in catalog master
transactions,T0095770,quarantined,product P90752 not in catalog master
transactions,T0095773,quarantined,product P90631 not in catalog master
transactions,T0095778,quarantined,product P91130 not in catalog master
transactions,T0095843,quarantined,product P92547 not in catalog master
transactions,T0095857,quarantined,product P90289 not in catalog master
transactions,T0095872,quarantined,product P92124 not in catalog master
transactions,T0095904,quarantined,product P92534 not in catalog master
transactions,T0095945,quarantined,product P90706 not in catalog master
transactions,T0095987,quarantined,product P91067 not in catalog master
transactions,T0096218,quarantined,product P90567 not in catalog master
transactions,T0096238,quarantined,product P92680 not in catalog master
transactions,T0096347,quarantined,product P90198 not in catalog master
transactions,T0096356,quarantined,product P91964 not in catalog master
transactions,T0096387,quarantined,product P90543 not in catalog master
transactions,T0096388,quarantined,product P92388 not in catalog master
transactions,T0096416,quarantined,product P90345 not in catalog master
transactions,T0096419,quarantined,product P90827 not in catalog master
transactions,T0096446,quarantined,product P91125 not in catalog master
transactions,T0096489,quarantined,product P90189 not in catalog master
transactions,T0096508,quarantined,product P92223 not in catalog master
transactions,T0096644,quarantined,product P91848 not in catalog master
transactions,T0096686,quarantined,product P90786 not in catalog master
transactions,T0096759,quarantined,product P90740 not in catalog master
transactions,T0096766,quarantined,product P92120 not in catalog master
transactions,T0096806,quarantined,product P92417 not in catalog master
transactions,T0096827,quarantined,product P90947 not in catalog master
transactions,T0096838,quarantined,product P92002 not in catalog master
transactions,T0096844,quarantined,product P92346 not in catalog master
transactions,T0096860,quarantined,product P90793 not in catalog master
transactions,T0096873,quarantined,product P92290 not in catalog master
transactions,T0096904,quarantined,product P92167 not in catalog master
transactions,T0096935,quarantined,product P91092 not in catalog master
transactions,T0096964,quarantined,product P92555 not in catalog master
transactions,T0097006,quarantined,product P92294 not in catalog master
transactions,T0097037,quarantined,product P91137 not in catalog master
transactions,T0097042,quarantined,product P91843 not in catalog master
transactions,T0097077,quarantined,product P91937 not in catalog master
transactions,T0097254,quarantined,product P92011 not in catalog master
transactions,T0097269,quarantined,product P90807 not in catalog master
transactions,T0097294,quarantined,product P90806 not in catalog master
transactions,T0097329,quarantined,product P90343 not in catalog master
transactions,T0097346,quarantined,product P92625 not in catalog master
transactions,T0097364,quarantined,product P91170 not in catalog master
transactions,T0097383,quarantined,product P90460 not in catalog master
transactions,T0097398,quarantined,product P90847 not in catalog master
transactions,T0097422,quarantined,product P92588 not in catalog master
transactions,T0097450,quarantined,product P92057 not in catalog master
transactions,T0097488,quarantined,product P91981 not in catalog master
transactions,T0097507,quarantined,product P91991 not in catalog master
transactions,T0097520,quarantined,product P90000 not in catalog master
transactions,T0097572,quarantined,product P92467 not in catalog master
transactions,T0097584,quarantined,product P90013 not in catalog master
transactions,T0097816,quarantined,product P91442 not in catalog master
transactions,T0097922,quarantined,product P91379 not in catalog master
transactions,T0097923,quarantined,product P91996 not in catalog master
transactions,T0097966,quarantined,product P91762 not in catalog master
transactions,T0097979,quarantined,product P91902 not in catalog master
transactions,T0098044,quarantined,product P91798 not in catalog master
transactions,T0098058,quarantined,product P92401 not in catalog master
transactions,T0098065,quarantined,product P92104 not in catalog master
transactions,T0098114,quarantined,product P91432 not in catalog master
transactions,T0098140,quarantined,product P92369 not in catalog master
transactions,T0098149,quarantined,product P92569 not in catalog master
transactions,T0098182,quarantined,product P90370 not in catalog master
transactions,T0098227,quarantined,product P91683 not in catalog master
transactions,T0098242,quarantined,product P91707 not in catalog master
transactions,T0098258,quarantined,product P90368 not in catalog master
transactions,T0098268,quarantined,product P90334 not in catalog master
transactions,T0098339,quarantined,product P92513 not in catalog master
transactions,T0098345,quarantined,product P91625 not in catalog master
transactions,T0098381,quarantined,product P90049 not in catalog master
transactions,T0098382,quarantined,product P90558 not in catalog master
transactions,T0098398,quarantined,product P92030 not in catalog master
transactions,T0098408,quarantined,product P90488 not in catalog master
transactions,T0098462,quarantined,product P92632 not in catalog master
transactions,T0098522,quarantined,product P92064 not in catalog master
transactions,T0098573,quarantined,product P91897 not in catalog master
transactions,T0098642,quarantined,product P91475 not in catalog master
transactions,T0098661,quarantined,product P91933 not in catalog master
transactions,T0098701,quarantined,product P90779 not in catalog master
transactions,T0098707,quarantined,product P91196 not in catalog master
transactions,T0098803,quarantined,product P92452 not in catalog master
transactions,T0098808,quarantined,product P91446 not in catalog master
transactions,T0098867,quarantined,product P91534 not in catalog master
transactions,T0098885,quarantined,product P90260 not in catalog master
transactions,T0098895,quarantined,product P90624 not in catalog master
transactions,T0098993,quarantined,product P91586 not in catalog master
transactions,T0099035,quarantined,product P90234 not in catalog master
transactions,T0099063,quarantined,product P90854 not in catalog master
transactions,T0099093,quarantined,product P91913 not in catalog master
transactions,T0099139,quarantined,product P92080 not in catalog master
transactions,T0099179,quarantined,product P90799 not in catalog master
transactions,T0099189,quarantined,product P90504 not in catalog master
transactions,T0099227,quarantined,product P90699 not in catalog master
transactions,T0099246,quarantined,product P92608 not in catalog master
transactions,T0099248,quarantined,product P90406 not in catalog master
transactions,T0099258,quarantined,product P91319 not in catalog master
transactions,T0099262,quarantined,product P91166 not in catalog master
transactions,T0099288,quarantined,product P90662 not in catalog master
transactions,T0099322,quarantined,product P90382 not in catalog master
transactions,T0099406,quarantined,product P90502 not in catalog master
transactions,T0099466,quarantined,product P91027 not in catalog master
transactions,T0099545,quarantined,product P90876 not in catalog master
transactions,T0099588,quarantined,product P91345 not in catalog master
transactions,T0099609,quarantined,product P90123 not in catalog master
transactions,T0099614,quarantined,product P90473 not in catalog master
transactions,T0099635,quarantined,product P91721 not in catalog master
transactions,T0099655,quarantined,product P90878 not in catalog master
transactions,T0099700,quarantined,product P92038 not in catalog master
transactions,T0099844,quarantined,product P90364 not in catalog master
transactions,T0099891,quarantined,product P91756 not in catalog master
transactions,T0099918,quarantined,product P90785 not in catalog master
transactions,T0099946,quarantined,product P92022 not in catalog master
transactions,T0099970,quarantined,product P92243 not in catalog master
transactions,T0100098,quarantined,product P90548 not in catalog master
transactions,T0100139,quarantined,product P92201 not in catalog master
transactions,T0100152,quarantined,product P90462 not in catalog master
transactions,T0100155,quarantined,product P91120 not in catalog master
transactions,T0100168,quarantined,product P92488 not in catalog master
transactions,T0100190,quarantined,product P90857 not in catalog master
transactions,T0100205,quarantined,product P92395 not in catalog master
transactions,T0100228,quarantined,product P90737 not in catalog master
transactions,T0100232,quarantined,product P90031 not in catalog master
transactions,T0100251,quarantined,product P90086 not in catalog master
transactions,T0100356,quarantined,product P90509 not in catalog master
transactions,T0100444,quarantined,product P91460 not in catalog master
transactions,T0100450,quarantined,product P91680 not in catalog master
transactions,T0100455,quarantined,product P90021 not in catalog master
transactions,T0100465,quarantined,product P91876 not in catalog master
transactions,T0100544,quarantined,product P92370 not in catalog master
transactions,T0100577,quarantined,product P91600 not in catalog master
transactions,T0100579,quarantined,product P91238 not in catalog master
transactions,T0100683,quarantined,product P92660 not in catalog master
transactions,T0100720,quarantined,product P90609 not in catalog master
transactions,T0100867,quarantined,product P92678 not in catalog master
transactions,T0100933,quarantined,product P92241 not in catalog master
transactions,T0101002,quarantined,product P91279 not in catalog master
transactions,T0101058,quarantined,product P91817 not in catalog master
transactions,T0101062,quarantined,product P91275 not in catalog master
transactions,T0101071,quarantined,product P91083 not in catalog master
transactions,T0101127,quarantined,product P91358 not in catalog master
transactions,T0101132,quarantined,product P91228 not in catalog master
transactions,T0101278,quarantined,product P90855 not in catalog master
transactions,T0101283,quarantined,product P92276 not in catalog master
transactions,T0101353,quarantined,product P91326 not in catalog master
transactions,T0101524,quarantined,product P90754 not in catalog master
transactions,T0101573,quarantined,product P90276 not in catalog master
transactions,T0101622,quarantined,product P92468 not in catalog master
transactions,T0101651,quarantined,product P90359 not in catalog master
transactions,T0101711,quarantined,product P92227 not in catalog master
transactions,T0101761,quarantined,product P92474 not in catalog master
transactions,T0101772,quarantined,product P91133 not in catalog master
transactions,T0101775,quarantined,product P92200 not in catalog master
transactions,T0101781,quarantined,product P91719 not in catalog master
transactions,T0101901,quarantined,product P91901 not in catalog master
transactions,T0102022,quarantined,product P91264 not in catalog master
transactions,T0102042,quarantined,product P91679 not in catalog master
transactions,T0102125,quarantined,product P91481 not in catalog master
transactions,T0102146,quarantined,product P91388 not in catalog master
transactions,T0102151,quarantined,product P91440 not in catalog master
transactions,T0102161,quarantined,product P91162 not in catalog master
transactions,T0102267,quarantined,product P91986 not in catalog master
transactions,T0102275,quarantined,product P91561 not in catalog master
transactions,T0102373,quarantined,product P90235 not in catalog master
transactions,T0102383,quarantined,product P90685 not in catalog master
transactions,T0102396,quarantined,product P91290 not in catalog master
transactions,T0102402,quarantined,product P92644 not in catalog master
transactions,T0102438,quarantined,product P90790 not in catalog master
transactions,T0102493,quarantined,product P91663 not in catalog master
transactions,T0102512,quarantined,product P92164 not in catalog master
transactions,T0102529,quarantined,product P92176 not in catalog master
transactions,T0102540,quarantined,product P90381 not in catalog master
transactions,T0102620,quarantined,product P91048 not in catalog master
transactions,T0102718,quarantined,product P90211 not in catalog master
transactions,T0102728,quarantined,product P90355 not in catalog master
transactions,T0102743,quarantined,product P90352 not in catalog master
transactions,T0102769,quarantined,product P91887 not in catalog master
transactions,T0102858,quarantined,product P90821 not in catalog master
transactions,T0102870,quarantined,product P92020 not in catalog master
transactions,T0102873,quarantined,product P92003 not in catalog master
transactions,T0102922,quarantined,product P92372 not in catalog master
transactions,T0102923,quarantined,product P90366 not in catalog master
transactions,T0102933,quarantined,product P90653 not in catalog master
transactions,T0102990,quarantined,product P91248 not in catalog master
transactions,T0102991,quarantined,product P90436 not in catalog master
transactions,T0102999,quarantined,product P92208 not in catalog master
transactions,T0103007,quarantined,product P92122 not in catalog master
transactions,T0103027,quarantined,product P91461 not in catalog master
transactions,T0103054,quarantined,product P90224 not in catalog master
transactions,T0103060,quarantined,product P91174 not in catalog master
transactions,T0103068,quarantined,product P91371 not in catalog master
transactions,T0103072,quarantined,product P90840 not in catalog master
transactions,T0103075,quarantined,product P91815 not in catalog master
transactions,T0103099,quarantined,product P90794 not in catalog master
transactions,T0103104,quarantined,product P91514 not in catalog master
transactions,T0103187,quarantined,product P91384 not in catalog master
transactions,T0103276,quarantined,product P91824 not in catalog master
transactions,T0103324,quarantined,product P90092 not in catalog master
transactions,T0103326,quarantined,product P92133 not in catalog master
transactions,T0103328,quarantined,product P90237 not in catalog master
transactions,T0103356,quarantined,product P91726 not in catalog master
transactions,T0103404,quarantined,product P90506 not in catalog master
transactions,T0103406,quarantined,product P91361 not in catalog master
transactions,T0103491,quarantined,product P91294 not in catalog master
transactions,T0103529,quarantined,product P91962 not in catalog master
transactions,T0103575,quarantined,product P91698 not in catalog master
transactions,T0103613,quarantined,product P90764 not in catalog master
transactions,T0103617,quarantined,product P90109 not in catalog master
transactions,T0103649,quarantined,product P91874 not in catalog master
transactions,T0103653,quarantined,product P91914 not in catalog master
transactions,T0103664,quarantined,product P90690 not in catalog master
transactions,T0103686,quarantined,product P90489 not in catalog master
transactions,T0103689,quarantined,product P92424 not in catalog master
transactions,T0103698,quarantined,product P90093 not in catalog master
transactions,T0103708,quarantined,product P91107 not in catalog master
transactions,T0103731,quarantined,product P90039 not in catalog master
transactions,T0103773,quarantined,product P90550 not in catalog master
transactions,T0103798,quarantined,product P92365 not in catalog master
transactions,T0103851,quarantined,product P92419 not in catalog master
transactions,T0103863,quarantined,product P91880 not in catalog master
transactions,T0103925,quarantined,product P91543 not in catalog master
transactions,T0103931,quarantined,product P91421 not in catalog master
transactions,T0103965,quarantined,product P90096 not in catalog master
transactions,T0104023,quarantined,product P90882 not in catalog master
transactions,T0104073,quarantined,product P92528 not in catalog master
transactions,T0104084,quarantined,product P90980 not in catalog master
transactions,T0104086,quarantined,product P91776 not in catalog master
transactions,T0104088,quarantined,product P91677 not in catalog master
transactions,T0104096,quarantined,product P92491 not in catalog master
transactions,T0104104,quarantined,product P92477 not in catalog master
transactions,T0104116,quarantined,product P90542 not in catalog master
transactions,T0104134,quarantined,product P90728 not in catalog master
transactions,T0104182,quarantined,product P91685 not in catalog master
transactions,T0104208,quarantined,product P90484 not in catalog master
transactions,T0104258,quarantined,product P91164 not in catalog master
transactions,T0104309,quarantined,product P92682 not in catalog master
transactions,T0104376,quarantined,product P91423 not in catalog master
transactions,T0104379,quarantined,product P90620 not in catalog master
transactions,T0104386,quarantined,product P92360 not in catalog master
transactions,T0104415,quarantined,product P91402 not in catalog master
transactions,T0104428,quarantined,product P90100 not in catalog master
transactions,T0104451,quarantined,product P91336 not in catalog master
transactions,T0104469,quarantined,product P91191 not in catalog master
transactions,T0104478,quarantined,product P90483 not in catalog master
transactions,T0104493,quarantined,product P92482 not in catalog master
transactions,T0104561,quarantined,product P90132 not in catalog master
transactions,T0104565,quarantined,product P91266 not in catalog master
transactions,T0104569,quarantined,product P92348 not in catalog master
transactions,T0104606,quarantined,product P92245 not in catalog master
transactions,T0104609,quarantined,product P90686 not in catalog master
transactions,T0104655,quarantined,product P92088 not in catalog master
transactions,T0104733,quarantined,product P90124 not in catalog master
transactions,T0104794,quarantined,product P91621 not in catalog master
transactions,T0104810,quarantined,product P91249 not in catalog master
transactions,T0104819,quarantined,product P92103 not in catalog master
transactions,T0104846,quarantined,product P90529 not in catalog master
transactions,T0104974,quarantined,product P90503 not in catalog master
transactions,T0105165,quarantined,product P92673 not in catalog master
transactions,T0105178,quarantined,product P92454 not in catalog master
transactions,T0105309,quarantined,product P92252 not in catalog master
transactions,T0105322,quarantined,product P91676 not in catalog master
transactions,T0105338,quarantined,product P90928 not in catalog master
transactions,T0105395,quarantined,product P91045 not in catalog master
transactions,T0105426,quarantined,product P92159 not in catalog master
transactions,T0105431,quarantined,product P92562 not in catalog master
transactions,T0105507,quarantined,product P91791 not in catalog master
transactions,T0105557,quarantined,product P90018 not in catalog master
transactions,T0105682,quarantined,product P92016 not in catalog master
transactions,T0105697,quarantined,product P91895 not in catalog master
transactions,T0105753,quarantined,product P91992 not in catalog master
transactions,T0105758,quarantined,product P91462 not in catalog master
transactions,T0105772,quarantined,product P91969 not in catalog master
transactions,T0105805,quarantined,product P92506 not in catalog master
transactions,T0105836,quarantined,product P91601 not in catalog master
transactions,T0105880,quarantined,product P91332 not in catalog master
transactions,T0105900,quarantined,product P90915 not in catalog master
transactions,T0105909,quarantined,product P90066 not in catalog master
transactions,T0105943,quarantined,product P90715 not in catalog master
transactions,T0105954,quarantined,product P91274 not in catalog master
transactions,T0105969,quarantined,product P90497 not in catalog master
transactions,T0106005,quarantined,product P91840 not in catalog master
transactions,T0106015,quarantined,product P92456 not in catalog master
transactions,T0106037,quarantined,product P90403 not in catalog master
transactions,T0106052,quarantined,product P91289 not in catalog master
transactions,T0106072,quarantined,product P91634 not in catalog master
transactions,T0106079,quarantined,product P92626 not in catalog master
transactions,T0106106,quarantined,product P90165 not in catalog master
transactions,T0106191,quarantined,product P92145 not in catalog master
transactions,T0106245,quarantined,product P90652 not in catalog master
transactions,T0106259,quarantined,product P92142 not in catalog master
transactions,T0106268,quarantined,product P90677 not in catalog master
transactions,T0106343,quarantined,product P90564 not in catalog master
transactions,T0106373,quarantined,product P90994 not in catalog master
transactions,T0106402,quarantined,product P90073 not in catalog master
transactions,T0106403,quarantined,product P90549 not in catalog master
transactions,T0106556,quarantined,product P90340 not in catalog master
transactions,T0106591,quarantined,product P91578 not in catalog master
transactions,T0106620,quarantined,product P92237 not in catalog master
transactions,T0106677,quarantined,product P90422 not in catalog master
transactions,T0106686,quarantined,product P91950 not in catalog master
transactions,T0106692,quarantined,product P91398 not in catalog master
transactions,T0106726,quarantined,product P90326 not in catalog master
transactions,T0106824,quarantined,product P92521 not in catalog master
transactions,T0106883,quarantined,product P90445 not in catalog master
transactions,T0106884,quarantined,product P91804 not in catalog master
transactions,T0106900,quarantined,product P90174 not in catalog master
transactions,T0106960,quarantined,product P90214 not in catalog master
transactions,T0107138,quarantined,product P91835 not in catalog master
transactions,T0107249,quarantined,product P91577 not in catalog master
transactions,T0107282,quarantined,product P92544 not in catalog master
transactions,T0107332,quarantined,product P92486 not in catalog master
transactions,T0107333,quarantined,product P91017 not in catalog master
transactions,T0107358,quarantined,product P92651 not in catalog master
transactions,T0107400,quarantined,product P92047 not in catalog master
transactions,T0107450,quarantined,product P92493 not in catalog master
transactions,T0107452,quarantined,product P90598 not in catalog master
transactions,T0107459,quarantined,product P90330 not in catalog master
transactions,T0107467,quarantined,product P90976 not in catalog master
transactions,T0107498,quarantined,product P91277 not in catalog master
transactions,T0107502,quarantined,product P92309 not in catalog master
transactions,T0107522,quarantined,product P90814 not in catalog master
transactions,T0107575,quarantined,product P92306 not in catalog master
transactions,T0107648,quarantined,product P90693 not in catalog master
transactions,T0107704,quarantined,product P90818 not in catalog master
transactions,T0107725,quarantined,product P91341 not in catalog master
transactions,T0107728,quarantined,product P90819 not in catalog master
transactions,T0107791,quarantined,product P91217 not in catalog master
payments,PMT-000138,quarantined,order O000147 was quarantined upstream - payment follows its order
payments,PMT-000145,quarantined,order O000155 was quarantined upstream - payment follows its order
payments,PMT-000238,quarantined,order O000256 was quarantined upstream - payment follows its order
payments,PMT-000254,quarantined,order O000276 was quarantined upstream - payment follows its order
payments,PMT-000264,quarantined,order O000286 was quarantined upstream - payment follows its order
payments,PMT-000380,quarantined,order O000408 was quarantined upstream - payment follows its order
payments,PMT-000525,quarantined,order O000568 was quarantined upstream - payment follows its order
payments,PMT-000590,quarantined,order O000635 was quarantined upstream - payment follows its order
payments,PMT-000631,quarantined,order O000679 was quarantined upstream - payment follows its order
payments,PMT-000662,quarantined,order O000712 was quarantined upstream - payment follows its order
payments,PMT-000671,quarantined,order O000722 was quarantined upstream - payment follows its order
payments,PMT-000810,quarantined,order O000875 was quarantined upstream - payment follows its order
payments,PMT-000860,quarantined,order O000928 was quarantined upstream - payment follows its order
payments,PMT-000873,quarantined,order O000941 was quarantined upstream - payment follows its order
payments,PMT-000911,quarantined,order O000981 was quarantined upstream - payment follows its order
payments,PMT-000959,quarantined,order O001032 was quarantined upstream - payment follows its order
payments,PMT-000962,quarantined,order O001035 was quarantined upstream - payment follows its order
payments,PMT-001029,quarantined,order O001107 was quarantined upstream - payment follows its order
payments,PMT-001079,quarantined,order O001161 was quarantined upstream - payment follows its order
payments,PMT-001130,quarantined,order O001215 was quarantined upstream - payment follows its order
payments,PMT-001197,quarantined,order O001289 was quarantined upstream - payment follows its order
payments,PMT-001250,quarantined,order O001345 was quarantined upstream - payment follows its order
payments,PMT-001282,quarantined,order O001379 was quarantined upstream - payment follows its order
payments,PMT-001305,quarantined,order O001405 was quarantined upstream - payment follows its order
payments,PMT-001314,quarantined,order O001415 was quarantined upstream - payment follows its order
payments,PMT-001335,quarantined,order O001438 was quarantined upstream - payment follows its order
payments,PMT-001461,quarantined,order O001571 was quarantined upstream - payment follows its order
payments,PMT-001507,quarantined,order O001621 was quarantined upstream - payment follows its order
payments,PMT-001509,quarantined,order O001623 was quarantined upstream - payment follows its order
payments,PMT-001524,quarantined,order O001639 was quarantined upstream - payment follows its order
payments,PMT-001580,quarantined,order O001699 was quarantined upstream - payment follows its order
payments,PMT-001658,quarantined,order O001782 was quarantined upstream - payment follows its order
payments,PMT-001669,quarantined,order O001795 was quarantined upstream - payment follows its order
payments,PMT-001709,quarantined,order O001840 was quarantined upstream - payment follows its order
payments,PMT-001747,quarantined,order O001883 was quarantined upstream - payment follows its order
payments,PMT-001760,quarantined,order O001898 was quarantined upstream - payment follows its order
payments,PMT-001780,quarantined,order O001919 was quarantined upstream - payment follows its order
payments,PMT-001823,quarantined,order O001966 was quarantined upstream - payment follows its order
payments,PMT-001999,quarantined,order O002159 was quarantined upstream - payment follows its order
payments,PMT-002057,quarantined,order O002226 was quarantined upstream - payment follows its order
payments,PMT-002128,quarantined,order O002303 was quarantined upstream - payment follows its order
payments,PMT-002130,quarantined,order O002305 was quarantined upstream - payment follows its order
payments,PMT-002131,quarantined,order O002306 was quarantined upstream - payment follows its order
payments,PMT-002135,quarantined,order O002310 was quarantined upstream - payment follows its order
payments,PMT-002138,quarantined,order O002315 was quarantined upstream - payment follows its order
payments,PMT-002226,quarantined,order O002414 was quarantined upstream - payment follows its order
payments,PMT-002357,quarantined,order O002555 was quarantined upstream - payment follows its order
payments,PMT-002365,quarantined,order O002563 was quarantined upstream - payment follows its order
payments,PMT-002373,quarantined,order O002573 was quarantined upstream - payment follows its order
payments,PMT-002377,quarantined,order O002577 was quarantined upstream - payment follows its order
payments,PMT-002497,quarantined,order O002703 was quarantined upstream - payment follows its order
payments,PMT-002529,quarantined,order O002738 was quarantined upstream - payment follows its order
payments,PMT-002579,quarantined,order O002792 was quarantined upstream - payment follows its order
payments,PMT-002611,quarantined,order O002828 was quarantined upstream - payment follows its order
payments,PMT-002615,quarantined,order O002833 was quarantined upstream - payment follows its order
payments,PMT-002634,quarantined,order O002856 was quarantined upstream - payment follows its order
payments,PMT-002654,quarantined,order O002878 was quarantined upstream - payment follows its order
payments,PMT-002661,quarantined,order O002886 was quarantined upstream - payment follows its order
payments,PMT-002687,quarantined,order O002912 was quarantined upstream - payment follows its order
payments,PMT-002699,quarantined,order O002925 was quarantined upstream - payment follows its order
payments,PMT-002741,quarantined,order O002972 was quarantined upstream - payment follows its order
payments,PMT-002775,quarantined,order O003014 was quarantined upstream - payment follows its order
payments,PMT-002781,quarantined,order O003020 was quarantined upstream - payment follows its order
payments,PMT-002784,quarantined,order O003023 was quarantined upstream - payment follows its order
payments,PMT-002867,quarantined,order O003122 was quarantined upstream - payment follows its order
payments,PMT-002908,quarantined,order O003167 was quarantined upstream - payment follows its order
payments,PMT-002939,quarantined,order O003198 was quarantined upstream - payment follows its order
payments,PMT-003029,quarantined,order O003295 was quarantined upstream - payment follows its order
payments,PMT-003072,quarantined,order O003342 was quarantined upstream - payment follows its order
payments,PMT-003134,quarantined,order O003409 was quarantined upstream - payment follows its order
payments,PMT-003174,quarantined,order O003449 was quarantined upstream - payment follows its order
payments,PMT-003214,quarantined,order O003494 was quarantined upstream - payment follows its order
payments,PMT-003230,quarantined,order O003511 was quarantined upstream - payment follows its order
payments,PMT-003264,quarantined,order O003548 was quarantined upstream - payment follows its order
payments,PMT-003354,quarantined,order O003645 was quarantined upstream - payment follows its order
payments,PMT-003363,quarantined,order O003654 was quarantined upstream - payment follows its order
payments,PMT-003379,quarantined,order O003670 was quarantined upstream - payment follows its order
payments,PMT-003396,quarantined,order O003688 was quarantined upstream - payment follows its order
payments,PMT-003627,quarantined,order O003947 was quarantined upstream - payment follows its order
payments,PMT-003630,quarantined,order O003951 was quarantined upstream - payment follows its order
payments,PMT-003639,quarantined,order O003961 was quarantined upstream - payment follows its order
payments,PMT-003641,quarantined,order O003963 was quarantined upstream - payment follows its order
payments,PMT-003657,quarantined,order O003981 was quarantined upstream - payment follows its order
payments,PMT-003732,quarantined,order O004066 was quarantined upstream - payment follows its order
payments,PMT-003900,quarantined,order O004249 was quarantined upstream - payment follows its order
payments,PMT-003954,quarantined,order O004310 was quarantined upstream - payment follows its order
payments,PMT-003957,quarantined,order O004313 was quarantined upstream - payment follows its order
payments,PMT-003959,quarantined,order O004315 was quarantined upstream - payment follows its order
payments,PMT-004035,quarantined,order O004395 was quarantined upstream - payment follows its order
payments,PMT-004054,quarantined,order O004415 was quarantined upstream - payment follows its order
payments,PMT-004071,quarantined,order O004433 was quarantined upstream - payment follows its order
payments,PMT-004076,quarantined,order O004439 was quarantined upstream - payment follows its order
payments,PMT-004102,quarantined,order O004470 was quarantined upstream - payment follows its order
payments,PMT-004121,quarantined,order O004492 was quarantined upstream - payment follows its order
payments,PMT-004198,quarantined,order O004576 was quarantined upstream - payment follows its order
payments,PMT-004242,quarantined,order O004622 was quarantined upstream - payment follows its order
payments,PMT-004281,quarantined,order O004663 was quarantined upstream - payment follows its order
payments,PMT-004302,quarantined,order O004684 was quarantined upstream - payment follows its order
payments,PMT-004407,quarantined,order O004800 was quarantined upstream - payment follows its order
payments,PMT-004494,quarantined,order O004894 was quarantined upstream - payment follows its order
payments,PMT-004501,quarantined,order O004902 was quarantined upstream - payment follows its order
payments,PMT-004649,quarantined,order O005066 was quarantined upstream - payment follows its order
payments,PMT-004770,quarantined,order O005201 was quarantined upstream - payment follows its order
payments,PMT-004845,quarantined,order O005283 was quarantined upstream - payment follows its order
payments,PMT-004857,quarantined,order O005295 was quarantined upstream - payment follows its order
payments,PMT-004948,quarantined,order O005391 was quarantined upstream - payment follows its order
payments,PMT-005150,quarantined,order O005605 was quarantined upstream - payment follows its order
payments,PMT-005187,quarantined,order O005644 was quarantined upstream - payment follows its order
payments,PMT-005285,quarantined,order O005752 was quarantined upstream - payment follows its order
payments,PMT-005294,quarantined,order O005761 was quarantined upstream - payment follows its order
payments,PMT-005489,quarantined,order O005979 was quarantined upstream - payment follows its order
payments,PMT-005515,quarantined,order O006008 was quarantined upstream - payment follows its order
payments,PMT-005564,quarantined,order O006062 was quarantined upstream - payment follows its order
payments,PMT-005675,quarantined,order O006180 was quarantined upstream - payment follows its order
payments,PMT-005723,quarantined,order O006232 was quarantined upstream - payment follows its order
payments,PMT-005759,quarantined,order O006270 was quarantined upstream - payment follows its order
payments,PMT-005838,quarantined,order O006352 was quarantined upstream - payment follows its order
payments,PMT-005863,quarantined,order O006380 was quarantined upstream - payment follows its order
payments,PMT-005893,quarantined,order O006415 was quarantined upstream - payment follows its order
payments,PMT-005974,quarantined,order O006499 was quarantined upstream - payment follows its order
payments,PMT-005982,quarantined,order O006508 was quarantined upstream - payment follows its order
payments,PMT-006065,quarantined,order O006600 was quarantined upstream - payment follows its order
payments,PMT-006074,quarantined,order O006610 was quarantined upstream - payment follows its order
payments,PMT-006120,quarantined,order O006660 was quarantined upstream - payment follows its order
payments,PMT-006141,quarantined,order O006684 was quarantined upstream - payment follows its order
payments,PMT-006176,quarantined,order O006721 was quarantined upstream - payment follows its order
payments,PMT-006235,quarantined,order O006783 was quarantined upstream - payment follows its order
payments,PMT-006258,quarantined,order O006807 was quarantined upstream - payment follows its order
payments,PMT-006259,quarantined,order O006808 was quarantined upstream - payment follows its order
payments,PMT-006275,quarantined,order O006828 was quarantined upstream - payment follows its order
payments,PMT-006359,quarantined,order O006917 was quarantined upstream - payment follows its order
payments,PMT-006381,quarantined,order O006940 was quarantined upstream - payment follows its order
payments,PMT-006414,quarantined,order O006976 was quarantined upstream - payment follows its order
payments,PMT-006425,quarantined,order O006987 was quarantined upstream - payment follows its order
payments,PMT-006491,quarantined,order O007058 was quarantined upstream - payment follows its order
payments,PMT-006504,quarantined,order O007071 was quarantined upstream - payment follows its order
payments,PMT-006564,quarantined,order O007137 was quarantined upstream - payment follows its order
payments,PMT-006650,quarantined,order O007229 was quarantined upstream - payment follows its order
payments,PMT-006754,quarantined,order O007348 was quarantined upstream - payment follows its order
payments,PMT-006827,quarantined,order O007429 was quarantined upstream - payment follows its order
payments,PMT-006947,quarantined,order O007563 was quarantined upstream - payment follows its order
payments,PMT-006955,quarantined,order O007572 was quarantined upstream - payment follows its order
payments,PMT-006981,quarantined,order O007601 was quarantined upstream - payment follows its order
payments,PMT-007064,quarantined,order O007693 was quarantined upstream - payment follows its order
payments,PMT-007263,quarantined,order O007904 was quarantined upstream - payment follows its order
payments,PMT-007266,quarantined,order O007907 was quarantined upstream - payment follows its order
payments,PMT-007337,quarantined,order O007981 was quarantined upstream - payment follows its order
payments,PMT-007373,quarantined,order O008023 was quarantined upstream - payment follows its order
payments,PMT-007380,quarantined,order O008031 was quarantined upstream - payment follows its order
payments,PMT-007394,quarantined,order O008046 was quarantined upstream - payment follows its order
payments,PMT-007641,quarantined,order O008308 was quarantined upstream - payment follows its order
payments,PMT-007763,quarantined,order O008435 was quarantined upstream - payment follows its order
payments,PMT-007789,quarantined,order O008461 was quarantined upstream - payment follows its order
payments,PMT-007796,quarantined,order O008469 was quarantined upstream - payment follows its order
payments,PMT-007831,quarantined,order O008505 was quarantined upstream - payment follows its order
payments,PMT-007873,quarantined,order O008552 was quarantined upstream - payment follows its order
payments,PMT-007915,quarantined,order O008599 was quarantined upstream - payment follows its order
payments,PMT-007958,quarantined,order O008644 was quarantined upstream - payment follows its order
payments,PMT-008016,quarantined,order O008706 was quarantined upstream - payment follows its order
payments,PMT-008070,quarantined,order O008763 was quarantined upstream - payment follows its order
payments,PMT-008131,quarantined,order O008834 was quarantined upstream - payment follows its order
payments,PMT-008146,quarantined,order O008849 was quarantined upstream - payment follows its order
payments,PMT-008207,quarantined,order O008918 was quarantined upstream - payment follows its order
payments,PMT-008241,quarantined,order O008954 was quarantined upstream - payment follows its order
payments,PMT-008293,quarantined,order O009012 was quarantined upstream - payment follows its order
payments,PMT-008304,quarantined,order O009025 was quarantined upstream - payment follows its order
payments,PMT-008320,quarantined,order O009043 was quarantined upstream - payment follows its order
payments,PMT-008336,quarantined,order O009061 was quarantined upstream - payment follows its order
payments,PMT-008344,quarantined,order O009069 was quarantined upstream - payment follows its order
payments,PMT-008348,quarantined,order O009073 was quarantined upstream - payment follows its order
payments,PMT-008427,quarantined,order O009157 was quarantined upstream - payment follows its order
payments,PMT-008429,quarantined,order O009159 was quarantined upstream - payment follows its order
payments,PMT-008430,quarantined,order O009160 was quarantined upstream - payment follows its order
payments,PMT-008477,quarantined,order O009210 was quarantined upstream - payment follows its order
payments,PMT-008584,quarantined,order O009324 was quarantined upstream - payment follows its order
payments,PMT-008695,quarantined,order O009445 was quarantined upstream - payment follows its order
payments,PMT-008755,quarantined,order O009509 was quarantined upstream - payment follows its order
payments,PMT-008796,quarantined,order O009552 was quarantined upstream - payment follows its order
payments,PMT-008804,quarantined,order O009562 was quarantined upstream - payment follows its order
payments,PMT-008849,quarantined,order O009610 was quarantined upstream - payment follows its order
payments,PMT-008972,quarantined,order O009745 was quarantined upstream - payment follows its order
payments,PMT-008994,quarantined,order O009768 was quarantined upstream - payment follows its order
payments,PMT-009027,quarantined,order O009806 was quarantined upstream - payment follows its order
payments,PMT-009061,quarantined,order O009842 was quarantined upstream - payment follows its order
payments,PMT-009090,quarantined,order O009872 was quarantined upstream - payment follows its order
payments,PMT-009161,quarantined,order O009948 was quarantined upstream - payment follows its order
payments,PMT-009180,quarantined,order O009968 was quarantined upstream - payment follows its order
payments,PMT-009264,quarantined,order O010057 was quarantined upstream - payment follows its order
payments,PMT-009270,quarantined,order O010064 was quarantined upstream - payment follows its order
payments,PMT-009311,quarantined,order O010109 was quarantined upstream - payment follows its order
payments,PMT-009347,quarantined,order O010152 was quarantined upstream - payment follows its order
payments,PMT-009349,quarantined,order O010155 was quarantined upstream - payment follows its order
payments,PMT-009433,quarantined,order O010244 was quarantined upstream - payment follows its order
payments,PMT-009490,quarantined,order O010308 was quarantined upstream - payment follows its order
payments,PMT-009516,quarantined,order O010337 was quarantined upstream - payment follows its order
payments,PMT-009708,quarantined,order O010551 was quarantined upstream - payment follows its order
payments,PMT-009764,quarantined,order O010612 was quarantined upstream - payment follows its order
payments,PMT-009835,quarantined,order O010691 was quarantined upstream - payment follows its order
payments,PMT-009879,quarantined,order O010740 was quarantined upstream - payment follows its order
payments,PMT-009891,quarantined,order O010753 was quarantined upstream - payment follows its order
payments,PMT-009956,quarantined,order O010825 was quarantined upstream - payment follows its order
payments,PMT-010014,quarantined,order O010888 was quarantined upstream - payment follows its order
payments,PMT-010053,quarantined,order O010933 was quarantined upstream - payment follows its order
payments,PMT-010203,quarantined,order O011092 was quarantined upstream - payment follows its order
payments,PMT-010217,quarantined,order O011106 was quarantined upstream - payment follows its order
payments,PMT-010240,quarantined,order O011132 was quarantined upstream - payment follows its order
payments,PMT-010258,quarantined,order O011153 was quarantined upstream - payment follows its order
payments,PMT-010265,quarantined,order O011160 was quarantined upstream - payment follows its order
payments,PMT-010359,quarantined,order O011265 was quarantined upstream - payment follows its order
payments,PMT-010365,quarantined,order O011271 was quarantined upstream - payment follows its order
payments,PMT-010395,quarantined,order O011308 was quarantined upstream - payment follows its order
payments,PMT-010445,quarantined,order O011363 was quarantined upstream - payment follows its order
payments,PMT-010517,quarantined,order O011443 was quarantined upstream - payment follows its order
payments,PMT-010631,quarantined,order O011565 was quarantined upstream - payment follows its order
payments,PMT-010679,quarantined,order O011618 was quarantined upstream - payment follows its order
payments,PMT-010764,quarantined,order O011708 was quarantined upstream - payment follows its order
payments,PMT-010783,quarantined,order O011730 was quarantined upstream - payment follows its order
payments,PMT-010892,quarantined,order O011844 was quarantined upstream - payment follows its order
payments,PMT-010943,quarantined,order O011901 was quarantined upstream - payment follows its order
payments,PMT-010963,quarantined,order O011922 was quarantined upstream - payment follows its order
payments,PMT-011095,quarantined,order O012060 was quarantined upstream - payment follows its order
payments,PMT-011101,quarantined,order O012066 was quarantined upstream - payment follows its order
payments,PMT-011150,quarantined,order O012117 was quarantined upstream - payment follows its order
payments,PMT-011174,quarantined,order O012143 was quarantined upstream - payment follows its order
payments,PMT-011214,quarantined,order O012187 was quarantined upstream - payment follows its order
payments,PMT-011254,quarantined,order O012233 was quarantined upstream - payment follows its order
payments,PMT-011278,quarantined,order O012259 was quarantined upstream - payment follows its order
payments,PMT-011328,quarantined,order O012309 was quarantined upstream - payment follows its order
payments,PMT-011339,quarantined,order O012322 was quarantined upstream - payment follows its order
payments,PMT-011362,quarantined,order O012347 was quarantined upstream - payment follows its order
payments,PMT-011397,quarantined,order O012386 was quarantined upstream - payment follows its order
payments,PMT-011509,quarantined,order O012510 was quarantined upstream - payment follows its order
payments,PMT-011560,quarantined,order O012569 was quarantined upstream - payment follows its order
payments,PMT-011581,quarantined,order O012594 was quarantined upstream - payment follows its order
payments,PMT-011686,quarantined,order O012706 was quarantined upstream - payment follows its order
payments,PMT-011691,quarantined,order O012711 was quarantined upstream - payment follows its order
payments,PMT-011716,quarantined,order O012737 was quarantined upstream - payment follows its order
payments,PMT-011754,quarantined,order O012777 was quarantined upstream - payment follows its order
payments,PMT-011759,quarantined,order O012783 was quarantined upstream - payment follows its order
payments,PMT-011765,quarantined,order O012789 was quarantined upstream - payment follows its order
payments,PMT-011814,quarantined,order O012845 was quarantined upstream - payment follows its order
payments,PMT-011845,quarantined,order O012880 was quarantined upstream - payment follows its order
payments,PMT-011998,quarantined,order O013046 was quarantined upstream - payment follows its order
payments,PMT-012021,quarantined,order O013072 was quarantined upstream - payment follows its order
payments,PMT-012032,quarantined,order O013085 was quarantined upstream - payment follows its order
payments,PMT-012085,quarantined,order O013141 was quarantined upstream - payment follows its order
payments,PMT-012113,quarantined,order O013171 was quarantined upstream - payment follows its order
payments,PMT-012187,quarantined,order O013256 was quarantined upstream - payment follows its order
payments,PMT-012285,quarantined,order O013362 was quarantined upstream - payment follows its order
payments,PMT-012324,quarantined,order O013403 was quarantined upstream - payment follows its order
payments,PMT-012349,quarantined,order O013430 was quarantined upstream - payment follows its order
payments,PMT-012357,quarantined,order O013438 was quarantined upstream - payment follows its order
payments,PMT-012380,quarantined,order O013463 was quarantined upstream - payment follows its order
payments,PMT-012435,quarantined,order O013521 was quarantined upstream - payment follows its order
payments,PMT-012448,quarantined,order O013537 was quarantined upstream - payment follows its order
payments,PMT-012573,quarantined,order O013667 was quarantined upstream - payment follows its order
payments,PMT-012625,quarantined,order O013724 was quarantined upstream - payment follows its order
payments,PMT-012673,quarantined,order O013773 was quarantined upstream - payment follows its order
payments,PMT-012691,quarantined,order O013793 was quarantined upstream - payment follows its order
payments,PMT-012742,quarantined,order O013850 was quarantined upstream - payment follows its order
payments,PMT-012758,quarantined,order O013868 was quarantined upstream - payment follows its order
payments,PMT-012788,quarantined,order O013898 was quarantined upstream - payment follows its order
payments,PMT-012843,quarantined,order O013960 was quarantined upstream - payment follows its order
payments,PMT-012853,quarantined,order O013973 was quarantined upstream - payment follows its order
payments,PMT-012937,quarantined,order O014064 was quarantined upstream - payment follows its order
payments,PMT-012939,quarantined,order O014066 was quarantined upstream - payment follows its order
payments,PMT-013067,quarantined,order O014201 was quarantined upstream - payment follows its order
payments,PMT-013072,quarantined,order O014206 was quarantined upstream - payment follows its order
payments,PMT-013083,quarantined,order O014218 was quarantined upstream - payment follows its order
payments,PMT-013124,quarantined,order O014262 was quarantined upstream - payment follows its order
payments,PMT-013156,quarantined,order O014295 was quarantined upstream - payment follows its order
payments,PMT-013217,quarantined,order O014360 was quarantined upstream - payment follows its order
payments,PMT-013231,quarantined,order O014374 was quarantined upstream - payment follows its order
payments,PMT-013246,quarantined,order O014389 was quarantined upstream - payment follows its order
payments,PMT-013256,quarantined,order O014401 was quarantined upstream - payment follows its order
payments,PMT-013297,quarantined,order O014444 was quarantined upstream - payment follows its order
payments,PMT-013442,quarantined,order O014602 was quarantined upstream - payment follows its order
payments,PMT-013501,quarantined,order O014667 was quarantined upstream - payment follows its order
payments,PMT-013518,quarantined,order O014684 was quarantined upstream - payment follows its order
payments,PMT-013596,quarantined,order O014769 was quarantined upstream - payment follows its order
payments,PMT-013699,quarantined,order O014880 was quarantined upstream - payment follows its order
payments,PMT-013707,quarantined,order O014888 was quarantined upstream - payment follows its order
payments,PMT-013745,quarantined,order O014927 was quarantined upstream - payment follows its order
payments,PMT-013785,quarantined,order O014970 was quarantined upstream - payment follows its order
payments,PMT-013791,quarantined,order O014976 was quarantined upstream - payment follows its order
payments,PMT-013808,quarantined,order O014993 was quarantined upstream - payment follows its order
payments,PMT-013846,quarantined,order O015035 was quarantined upstream - payment follows its order
payments,PMT-013951,quarantined,order O015145 was quarantined upstream - payment follows its order
payments,PMT-013959,quarantined,order O015154 was quarantined upstream - payment follows its order
payments,PMT-014017,quarantined,order O015224 was quarantined upstream - payment follows its order
payments,PMT-014067,quarantined,order O015282 was quarantined upstream - payment follows its order
payments,PMT-014158,quarantined,order O015383 was quarantined upstream - payment follows its order
payments,PMT-014241,quarantined,order O015478 was quarantined upstream - payment follows its order
payments,PMT-014302,quarantined,order O015541 was quarantined upstream - payment follows its order
payments,PMT-014356,quarantined,order O015604 was quarantined upstream - payment follows its order
payments,PMT-014371,quarantined,order O015622 was quarantined upstream - payment follows its order
payments,PMT-014415,quarantined,order O015670 was quarantined upstream - payment follows its order
payments,PMT-014496,quarantined,order O015758 was quarantined upstream - payment follows its order
payments,PMT-014569,quarantined,order O015835 was quarantined upstream - payment follows its order
payments,PMT-014607,quarantined,order O015881 was quarantined upstream - payment follows its order
payments,PMT-014615,quarantined,order O015890 was quarantined upstream - payment follows its order
payments,PMT-014707,quarantined,order O015988 was quarantined upstream - payment follows its order
payments,PMT-014791,quarantined,order O016078 was quarantined upstream - payment follows its order
payments,PMT-014838,quarantined,order O016128 was quarantined upstream - payment follows its order
payments,PMT-014842,quarantined,order O016132 was quarantined upstream - payment follows its order
payments,PMT-014849,quarantined,order O016139 was quarantined upstream - payment follows its order
payments,PMT-014934,quarantined,order O016229 was quarantined upstream - payment follows its order
payments,PMT-015011,quarantined,order O016310 was quarantined upstream - payment follows its order
payments,PMT-015161,quarantined,order O016471 was quarantined upstream - payment follows its order
payments,PMT-015209,quarantined,order O016523 was quarantined upstream - payment follows its order
payments,PMT-015210,quarantined,order O016524 was quarantined upstream - payment follows its order
payments,PMT-015220,quarantined,order O016534 was quarantined upstream - payment follows its order
payments,PMT-015257,quarantined,order O016572 was quarantined upstream - payment follows its order
payments,PMT-015340,quarantined,order O016661 was quarantined upstream - payment follows its order
payments,PMT-015408,quarantined,order O016736 was quarantined upstream - payment follows its order
payments,PMT-015438,quarantined,order O016771 was quarantined upstream - payment follows its order
payments,PMT-015449,quarantined,order O016783 was quarantined upstream - payment follows its order
payments,PMT-015461,quarantined,order O016796 was quarantined upstream - payment follows its order
payments,PMT-015614,quarantined,order O016957 was quarantined upstream - payment follows its order
payments,PMT-015675,quarantined,order O017024 was quarantined upstream - payment follows its order
payments,PMT-015701,quarantined,order O017052 was quarantined upstream - payment follows its order
payments,PMT-015793,quarantined,order O017151 was quarantined upstream - payment follows its order
payments,PMT-015852,quarantined,order O017214 was quarantined upstream - payment follows its order
payments,PMT-016028,quarantined,order O017405 was quarantined upstream - payment follows its order
payments,PMT-016062,quarantined,order O017443 was quarantined upstream - payment follows its order
payments,PMT-016098,quarantined,order O017480 was quarantined upstream - payment follows its order
payments,PMT-016103,quarantined,order O017486 was quarantined upstream - payment follows its order
payments,PMT-016162,quarantined,order O017555 was quarantined upstream - payment follows its order
payments,PMT-016186,quarantined,order O017580 was quarantined upstream - payment follows its order
payments,PMT-016350,quarantined,order O017758 was quarantined upstream - payment follows its order
payments,PMT-016400,quarantined,order O017810 was quarantined upstream - payment follows its order
payments,PMT-016405,quarantined,order O017815 was quarantined upstream - payment follows its order
payments,PMT-016468,quarantined,order O017885 was quarantined upstream - payment follows its order
payments,PMT-016523,quarantined,order O017944 was quarantined upstream - payment follows its order
payments,PMT-016630,quarantined,order O018057 was quarantined upstream - payment follows its order
payments,PMT-016718,quarantined,order O018161 was quarantined upstream - payment follows its order
payments,PMT-016792,quarantined,order O018244 was quarantined upstream - payment follows its order
payments,PMT-016808,quarantined,order O018261 was quarantined upstream - payment follows its order
payments,PMT-016895,quarantined,order O018360 was quarantined upstream - payment follows its order
payments,PMT-017019,quarantined,order O018490 was quarantined upstream - payment follows its order
payments,PMT-017033,quarantined,order O018504 was quarantined upstream - payment follows its order
payments,PMT-017113,quarantined,order O018592 was quarantined upstream - payment follows its order
payments,PMT-017175,quarantined,order O018659 was quarantined upstream - payment follows its order
payments,PMT-017193,quarantined,order O018680 was quarantined upstream - payment follows its order
payments,PMT-017274,quarantined,order O018769 was quarantined upstream - payment follows its order
payments,PMT-017284,quarantined,order O018780 was quarantined upstream - payment follows its order
payments,PMT-017473,quarantined,order O018993 was quarantined upstream - payment follows its order
payments,PMT-017529,quarantined,order O019057 was quarantined upstream - payment follows its order
payments,PMT-017852,quarantined,order O019407 was quarantined upstream - payment follows its order
payments,PMT-017876,quarantined,order O019432 was quarantined upstream - payment follows its order
payments,PMT-017889,quarantined,order O019446 was quarantined upstream - payment follows its order
payments,PMT-017923,quarantined,order O019481 was quarantined upstream - payment follows its order
payments,PMT-017984,quarantined,order O019545 was quarantined upstream - payment follows its order
payments,PMT-017996,quarantined,order O019560 was quarantined upstream - payment follows its order
payments,PMT-018002,quarantined,order O019566 was quarantined upstream - payment follows its order
payments,PMT-018037,quarantined,order O019603 was quarantined upstream - payment follows its order
payments,PMT-018067,quarantined,order O019636 was quarantined upstream - payment follows its order
payments,PMT-018199,quarantined,order O019777 was quarantined upstream - payment follows its order
payments,PMT-018314,quarantined,order O019896 was quarantined upstream - payment follows its order
payments,PMT-018318,quarantined,order O019900 was quarantined upstream - payment follows its order
payments,PMT-018367,quarantined,order O019953 was quarantined upstream - payment follows its order
payments,PMT-018463,quarantined,order O020053 was quarantined upstream - payment follows its order
payments,PMT-018526,quarantined,order O020120 was quarantined upstream - payment follows its order
payments,PMT-018534,quarantined,order O020128 was quarantined upstream - payment follows its order
payments,PMT-018572,quarantined,order O020170 was quarantined upstream - payment follows its order
payments,PMT-018829,quarantined,order O020454 was quarantined upstream - payment follows its order
payments,PMT-018911,quarantined,order O020540 was quarantined upstream - payment follows its order
payments,PMT-018942,quarantined,order O020575 was quarantined upstream - payment follows its order
payments,PMT-019002,quarantined,order O020638 was quarantined upstream - payment follows its order
payments,PMT-019065,quarantined,order O020710 was quarantined upstream - payment follows its order
payments,PMT-019107,quarantined,order O020754 was quarantined upstream - payment follows its order
payments,PMT-019139,quarantined,order O020790 was quarantined upstream - payment follows its order
payments,PMT-019143,quarantined,order O020794 was quarantined upstream - payment follows its order
payments,PMT-019144,quarantined,order O020795 was quarantined upstream - payment follows its order
payments,PMT-019184,quarantined,order O020841 was quarantined upstream - payment follows its order
payments,PMT-019206,quarantined,order O020867 was quarantined upstream - payment follows its order
payments,PMT-019248,quarantined,order O020914 was quarantined upstream - payment follows its order
payments,PMT-019341,quarantined,order O021015 was quarantined upstream - payment follows its order
payments,PMT-019352,quarantined,order O021027 was quarantined upstream - payment follows its order
payments,PMT-019353,quarantined,order O021028 was quarantined upstream - payment follows its order
payments,PMT-019409,quarantined,order O021089 was quarantined upstream - payment follows its order
payments,PMT-019536,quarantined,order O021229 was quarantined upstream - payment follows its order
payments,PMT-019566,quarantined,order O021262 was quarantined upstream - payment follows its order
payments,PMT-019600,quarantined,order O021301 was quarantined upstream - payment follows its order
payments,PMT-019761,quarantined,order O021478 was quarantined upstream - payment follows its order
payments,PMT-019764,quarantined,order O021481 was quarantined upstream - payment follows its order
payments,PMT-019790,quarantined,order O021509 was quarantined upstream - payment follows its order
payments,PMT-019832,quarantined,order O021553 was quarantined upstream - payment follows its order
payments,PMT-019876,quarantined,order O021601 was quarantined upstream - payment follows its order
payments,PMT-020019,quarantined,order O021755 was quarantined upstream - payment follows its order
payments,PMT-020027,quarantined,order O021763 was quarantined upstream - payment follows its order
payments,PMT-020047,quarantined,order O021786 was quarantined upstream - payment follows its order
payments,PMT-020117,quarantined,order O021859 was quarantined upstream - payment follows its order
payments,PMT-020171,quarantined,order O021921 was quarantined upstream - payment follows its order
payments,PMT-020187,quarantined,order O021937 was quarantined upstream - payment follows its order
payments,PMT-020226,quarantined,order O021982 was quarantined upstream - payment follows its order
payments,PMT-020363,quarantined,order O022134 was quarantined upstream - payment follows its order
payments,PMT-020410,quarantined,order O022182 was quarantined upstream - payment follows its order
payments,PMT-020445,quarantined,order O022218 was quarantined upstream - payment follows its order
payments,PMT-020479,quarantined,order O022258 was quarantined upstream - payment follows its order
payments,PMT-020606,quarantined,order O022403 was quarantined upstream - payment follows its order
payments,PMT-020626,quarantined,order O022424 was quarantined upstream - payment follows its order
payments,PMT-020648,quarantined,order O022447 was quarantined upstream - payment follows its order
payments,PMT-020662,quarantined,order O022463 was quarantined upstream - payment follows its order
payments,PMT-020729,quarantined,order O022533 was quarantined upstream - payment follows its order
payments,PMT-020812,quarantined,order O022624 was quarantined upstream - payment follows its order
payments,PMT-020837,quarantined,order O022654 was quarantined upstream - payment follows its order
payments,PMT-020871,quarantined,order O022689 was quarantined upstream - payment follows its order
payments,PMT-020889,quarantined,order O022710 was quarantined upstream - payment follows its order
payments,PMT-020890,quarantined,order O022711 was quarantined upstream - payment follows its order
payments,PMT-020936,quarantined,order O022761 was quarantined upstream - payment follows its order
payments,PMT-020969,quarantined,order O022797 was quarantined upstream - payment follows its order
payments,PMT-021148,quarantined,order O022991 was quarantined upstream - payment follows its order
payments,PMT-021151,quarantined,order O022994 was quarantined upstream - payment follows its order
payments,PMT-021224,quarantined,order O023074 was quarantined upstream - payment follows its order
payments,PMT-021227,quarantined,order O023077 was quarantined upstream - payment follows its order
payments,PMT-021308,quarantined,order O023166 was quarantined upstream - payment follows its order
payments,PMT-021310,quarantined,order O023168 was quarantined upstream - payment follows its order
payments,PMT-021340,quarantined,order O023201 was quarantined upstream - payment follows its order
payments,PMT-021412,quarantined,order O023276 was quarantined upstream - payment follows its order
payments,PMT-021427,quarantined,order O023294 was quarantined upstream - payment follows its order
payments,PMT-021605,quarantined,order O023486 was quarantined upstream - payment follows its order
payments,PMT-021687,quarantined,order O023571 was quarantined upstream - payment follows its order
payments,PMT-021715,quarantined,order O023600 was quarantined upstream - payment follows its order
payments,PMT-021750,quarantined,order O023636 was quarantined upstream - payment follows its order
payments,PMT-021797,quarantined,order O023689 was quarantined upstream - payment follows its order
payments,PMT-021848,quarantined,order O023743 was quarantined upstream - payment follows its order
payments,PMT-021851,quarantined,order O023746 was quarantined upstream - payment follows its order
payments,PMT-021864,quarantined,order O023759 was quarantined upstream - payment follows its order
payments,PMT-021883,quarantined,order O023779 was quarantined upstream - payment follows its order
payments,PMT-021945,quarantined,order O023848 was quarantined upstream - payment follows its order
payments,PMT-021946,quarantined,order O023849 was quarantined upstream - payment follows its order
payments,PMT-022026,quarantined,order O023937 was quarantined upstream - payment follows its order
payments,PMT-022050,quarantined,order O023962 was quarantined upstream - payment follows its order
payments,PMT-022093,quarantined,order O024011 was quarantined upstream - payment follows its order
payments,PMT-022234,quarantined,order O024162 was quarantined upstream - payment follows its order
payments,PMT-022372,quarantined,order O024305 was quarantined upstream - payment follows its order
payments,PMT-022377,quarantined,order O024310 was quarantined upstream - payment follows its order
payments,PMT-022445,quarantined,order O024384 was quarantined upstream - payment follows its order
payments,PMT-022627,quarantined,order O024582 was quarantined upstream - payment follows its order
payments,PMT-022641,quarantined,order O024598 was quarantined upstream - payment follows its order
payments,PMT-022671,quarantined,order O024631 was quarantined upstream - payment follows its order
payments,PMT-022951,quarantined,order O024939 was quarantined upstream - payment follows its order
payments,PMT-023105,quarantined,order O025106 was quarantined upstream - payment follows its order
payments,PMT-023132,quarantined,order O025135 was quarantined upstream - payment follows its order
payments,PMT-023192,quarantined,order O025204 was quarantined upstream - payment follows its order
payments,PMT-023228,quarantined,order O025241 was quarantined upstream - payment follows its order
payments,PMT-023237,quarantined,order O025250 was quarantined upstream - payment follows its order
payments,PMT-023309,quarantined,order O025324 was quarantined upstream - payment follows its order
payments,PMT-023334,quarantined,order O025353 was quarantined upstream - payment follows its order
payments,PMT-023337,quarantined,order O025357 was quarantined upstream - payment follows its order
payments,PMT-023387,quarantined,order O025408 was quarantined upstream - payment follows its order
payments,PMT-023472,quarantined,order O025507 was quarantined upstream - payment follows its order
payments,PMT-023493,quarantined,order O025530 was quarantined upstream - payment follows its order
payments,PMT-023510,quarantined,order O025548 was quarantined upstream - payment follows its order
payments,PMT-023521,quarantined,order O025563 was quarantined upstream - payment follows its order
payments,PMT-023525,quarantined,order O025567 was quarantined upstream - payment follows its order
payments,PMT-023533,quarantined,order O025576 was quarantined upstream - payment follows its order
payments,PMT-023541,quarantined,order O025584 was quarantined upstream - payment follows its order
payments,PMT-023639,quarantined,order O025688 was quarantined upstream - payment follows its order
payments,PMT-023643,quarantined,order O025692 was quarantined upstream - payment follows its order
payments,PMT-023666,quarantined,order O025717 was quarantined upstream - payment follows its order
payments,PMT-023708,quarantined,order O025761 was quarantined upstream - payment follows its order
payments,PMT-023714,quarantined,order O025767 was quarantined upstream - payment follows its order
payments,PMT-023722,quarantined,order O025775 was quarantined upstream - payment follows its order
payments,PMT-023778,quarantined,order O025839 was quarantined upstream - payment follows its order
payments,PMT-023848,quarantined,order O025917 was quarantined upstream - payment follows its order
payments,PMT-023867,quarantined,order O025939 was quarantined upstream - payment follows its order
payments,PMT-023894,quarantined,order O025970 was quarantined upstream - payment follows its order
payments,PMT-024005,quarantined,order O026093 was quarantined upstream - payment follows its order
payments,PMT-024034,quarantined,order O026123 was quarantined upstream - payment follows its order
payments,PMT-024040,quarantined,order O026130 was quarantined upstream - payment follows its order
payments,PMT-024064,quarantined,order O026157 was quarantined upstream - payment follows its order
payments,PMT-024170,quarantined,order O026273 was quarantined upstream - payment follows its order
payments,PMT-024206,quarantined,order O026314 was quarantined upstream - payment follows its order
payments,PMT-024284,quarantined,order O026398 was quarantined upstream - payment follows its order
payments,PMT-024296,quarantined,order O026411 was quarantined upstream - payment follows its order
payments,PMT-024350,quarantined,order O026468 was quarantined upstream - payment follows its order
payments,PMT-024352,quarantined,order O026470 was quarantined upstream - payment follows its order
payments,PMT-024357,quarantined,order O026475 was quarantined upstream - payment follows its order
payments,PMT-024425,quarantined,order O026548 was quarantined upstream - payment follows its order
payments,PMT-024463,quarantined,order O026592 was quarantined upstream - payment follows its order
payments,PMT-024468,quarantined,order O026597 was quarantined upstream - payment follows its order
payments,PMT-024512,quarantined,order O026643 was quarantined upstream - payment follows its order
payments,PMT-024515,quarantined,order O026646 was quarantined upstream - payment follows its order
payments,PMT-024567,quarantined,order O026698 was quarantined upstream - payment follows its order
payments,PMT-024580,quarantined,order O026712 was quarantined upstream - payment follows its order
payments,PMT-024647,quarantined,order O026785 was quarantined upstream - payment follows its order
payments,PMT-024664,quarantined,order O026802 was quarantined upstream - payment follows its order
payments,PMT-024721,quarantined,order O026865 was quarantined upstream - payment follows its order
payments,PMT-024923,quarantined,order O027092 was quarantined upstream - payment follows its order
payments,PMT-024928,quarantined,order O027097 was quarantined upstream - payment follows its order
payments,PMT-024976,quarantined,order O027150 was quarantined upstream - payment follows its order
payments,PMT-025082,quarantined,order O027261 was quarantined upstream - payment follows its order
payments,PMT-025093,quarantined,order O027272 was quarantined upstream - payment follows its order
payments,PMT-025103,quarantined,order O027282 was quarantined upstream - payment follows its order
payments,PMT-025148,quarantined,order O027330 was quarantined upstream - payment follows its order
payments,PMT-025185,quarantined,order O027368 was quarantined upstream - payment follows its order
payments,PMT-025206,quarantined,order O027390 was quarantined upstream - payment follows its order
payments,PMT-025211,quarantined,order O027395 was quarantined upstream - payment follows its order
payments,PMT-025214,quarantined,order O027398 was quarantined upstream - payment follows its order
payments,PMT-025218,quarantined,order O027402 was quarantined upstream - payment follows its order
payments,PMT-025269,quarantined,order O027458 was quarantined upstream - payment follows its order
payments,PMT-025338,quarantined,order O027530 was quarantined upstream - payment follows its order
payments,PMT-025414,quarantined,order O027612 was quarantined upstream - payment follows its order
payments,PMT-025481,quarantined,order O027684 was quarantined upstream - payment follows its order
payments,PMT-025482,quarantined,order O027685 was quarantined upstream - payment follows its order
payments,PMT-025537,quarantined,order O027742 was quarantined upstream - payment follows its order
payments,PMT-025551,quarantined,order O027758 was quarantined upstream - payment follows its order
payments,PMT-025561,quarantined,order O027770 was quarantined upstream - payment follows its order
payments,PMT-025667,quarantined,order O027883 was quarantined upstream - payment follows its order
payments,PMT-025689,quarantined,order O027905 was quarantined upstream - payment follows its order
payments,PMT-025713,quarantined,order O027931 was quarantined upstream - payment follows its order
payments,PMT-025765,quarantined,order O027985 was quarantined upstream - payment follows its order
payments,PMT-025835,quarantined,order O028060 was quarantined upstream - payment follows its order
payments,PMT-025852,quarantined,order O028079 was quarantined upstream - payment follows its order
payments,PMT-025904,quarantined,order O028136 was quarantined upstream - payment follows its order
payments,PMT-025918,quarantined,order O028151 was quarantined upstream - payment follows its order
payments,PMT-025919,quarantined,order O028152 was quarantined upstream - payment follows its order
payments,PMT-025932,quarantined,order O028166 was quarantined upstream - payment follows its order
payments,PMT-025935,quarantined,order O028169 was quarantined upstream - payment follows its order
payments,PMT-025978,quarantined,order O028216 was quarantined upstream - payment follows its order
payments,PMT-025996,quarantined,order O028235 was quarantined upstream - payment follows its order
payments,PMT-026021,quarantined,order O028262 was quarantined upstream - payment follows its order
payments,PMT-026157,quarantined,order O028407 was quarantined upstream - payment follows its order
payments,PMT-026171,quarantined,order O028421 was quarantined upstream - payment follows its order
payments,PMT-026189,quarantined,order O028442 was quarantined upstream - payment follows its order
payments,PMT-026197,quarantined,order O028450 was quarantined upstream - payment follows its order
payments,PMT-026304,quarantined,order O028569 was quarantined upstream - payment follows its order
payments,PMT-026335,quarantined,order O028602 was quarantined upstream - payment follows its order
payments,PMT-026343,quarantined,order O028611 was quarantined upstream - payment follows its order
payments,PMT-026396,quarantined,order O028668 was quarantined upstream - payment follows its order
payments,PMT-026397,quarantined,order O028669 was quarantined upstream - payment follows its order
payments,PMT-026499,quarantined,order O028783 was quarantined upstream - payment follows its order
payments,PMT-026516,quarantined,order O028801 was quarantined upstream - payment follows its order
payments,PMT-026520,quarantined,order O028805 was quarantined upstream - payment follows its order
payments,PMT-026544,quarantined,order O028832 was quarantined upstream - payment follows its order
payments,PMT-026559,quarantined,order O028848 was quarantined upstream - payment follows its order
payments,PMT-026585,quarantined,order O028876 was quarantined upstream - payment follows its order
payments,PMT-026637,quarantined,order O028935 was quarantined upstream - payment follows its order
payments,PMT-026697,quarantined,order O029003 was quarantined upstream - payment follows its order
payments,PMT-026782,quarantined,order O029096 was quarantined upstream - payment follows its order
payments,PMT-026954,quarantined,order O029286 was quarantined upstream - payment follows its order
payments,PMT-027004,quarantined,order O029346 was quarantined upstream - payment follows its order
payments,PMT-027043,quarantined,order O029386 was quarantined upstream - payment follows its order
payments,PMT-027047,quarantined,order O029392 was quarantined upstream - payment follows its order
payments,PMT-027169,quarantined,order O029523 was quarantined upstream - payment follows its order
payments,PMT-027226,quarantined,order O029584 was quarantined upstream - payment follows its order
payments,PMT-027237,quarantined,order O029597 was quarantined upstream - payment follows its order
payments,PMT-027272,quarantined,order O029635 was quarantined upstream - payment follows its order
payments,PMT-027341,quarantined,order O029711 was quarantined upstream - payment follows its order
payments,PMT-027439,quarantined,order O029821 was quarantined upstream - payment follows its order
payments,PMT-027464,quarantined,order O029847 was quarantined upstream - payment follows its order
payments,PMT-027476,quarantined,order O029860 was quarantined upstream - payment follows its order
payments,PMT-027535,quarantined,order O029924 was quarantined upstream - payment follows its order
payments,PMT-027591,quarantined,order O029985 was quarantined upstream - payment follows its order
payments,PMT-027733,quarantined,order O030137 was quarantined upstream - payment follows its order
payments,PMT-027736,quarantined,order O030140 was quarantined upstream - payment follows its order
payments,PMT-027756,quarantined,order O030162 was quarantined upstream - payment follows its order
payments,PMT-027776,quarantined,order O030183 was quarantined upstream - payment follows its order
payments,PMT-027783,quarantined,order O030191 was quarantined upstream - payment follows its order
payments,PMT-027829,quarantined,order O030241 was quarantined upstream - payment follows its order
payments,PMT-028030,quarantined,order O030457 was quarantined upstream - payment follows its order
payments,PMT-028070,quarantined,order O030498 was quarantined upstream - payment follows its order
payments,PMT-028115,quarantined,order O030551 was quarantined upstream - payment follows its order
payments,PMT-028133,quarantined,order O030569 was quarantined upstream - payment follows its order
payments,PMT-028151,quarantined,order O030587 was quarantined upstream - payment follows its order
payments,PMT-028179,quarantined,order O030617 was quarantined upstream - payment follows its order
payments,PMT-028256,quarantined,order O030697 was quarantined upstream - payment follows its order
payments,PMT-028279,quarantined,order O030721 was quarantined upstream - payment follows its order
payments,PMT-028283,quarantined,order O030725 was quarantined upstream - payment follows its order
payments,PMT-028289,quarantined,order O030731 was quarantined upstream - payment follows its order
payments,PMT-028315,quarantined,order O030757 was quarantined upstream - payment follows its order
payments,PMT-028337,quarantined,order O030780 was quarantined upstream - payment follows its order
payments,PMT-028399,quarantined,order O030850 was quarantined upstream - payment follows its order
payments,PMT-028452,quarantined,order O030909 was quarantined upstream - payment follows its order
payments,PMT-028456,quarantined,order O030914 was quarantined upstream - payment follows its order
payments,PMT-028480,quarantined,order O030940 was quarantined upstream - payment follows its order
payments,PMT-028491,quarantined,order O030952 was quarantined upstream - payment follows its order
payments,PMT-028495,quarantined,order O030957 was quarantined upstream - payment follows its order
payments,PMT-028538,quarantined,order O031004 was quarantined upstream - payment follows its order
payments,PMT-028544,quarantined,order O031010 was quarantined upstream - payment follows its order
payments,PMT-028624,quarantined,order O031098 was quarantined upstream - payment follows its order
payments,PMT-028635,quarantined,order O031110 was quarantined upstream - payment follows its order
payments,PMT-028793,quarantined,order O031280 was quarantined upstream - payment follows its order
payments,PMT-028810,quarantined,order O031297 was quarantined upstream - payment follows its order
payments,PMT-028821,quarantined,order O031308 was quarantined upstream - payment follows its order
payments,PMT-028823,quarantined,order O031310 was quarantined upstream - payment follows its order
payments,PMT-028873,quarantined,order O031363 was quarantined upstream - payment follows its order
payments,PMT-028993,quarantined,order O031496 was quarantined upstream - payment follows its order
payments,PMT-029110,quarantined,order O031626 was quarantined upstream - payment follows its order
payments,PMT-029176,quarantined,order O031694 was quarantined upstream - payment follows its order
payments,PMT-029185,quarantined,order O031704 was quarantined upstream - payment follows its order
payments,PMT-029270,quarantined,order O031798 was quarantined upstream - payment follows its order
payments,PMT-029344,quarantined,order O031875 was quarantined upstream - payment follows its order
payments,PMT-029370,quarantined,order O031907 was quarantined upstream - payment follows its order
payments,PMT-029484,quarantined,order O032033 was quarantined upstream - payment follows its order
payments,PMT-029495,quarantined,order O032045 was quarantined upstream - payment follows its order
payments,PMT-029511,quarantined,order O032062 was quarantined upstream - payment follows its order
payments,PMT-029594,quarantined,order O032152 was quarantined upstream - payment follows its order
payments,PMT-029643,quarantined,order O032210 was quarantined upstream - payment follows its order
payments,PMT-029688,quarantined,order O032261 was quarantined upstream - payment follows its order
payments,PMT-029728,quarantined,order O032306 was quarantined upstream - payment follows its order
payments,PMT-029744,quarantined,order O032324 was quarantined upstream - payment follows its order
payments,PMT-029866,quarantined,order O032450 was quarantined upstream - payment follows its order
payments,PMT-029873,quarantined,order O032457 was quarantined upstream - payment follows its order
payments,PMT-029944,quarantined,order O032534 was quarantined upstream - payment follows its order
payments,PMT-029946,quarantined,order O032536 was quarantined upstream - payment follows its order
payments,PMT-029964,quarantined,order O032555 was quarantined upstream - payment follows its order
payments,PMT-029980,quarantined,order O032574 was quarantined upstream - payment follows its order
payments,PMT-030172,quarantined,order O032777 was quarantined upstream - payment follows its order
payments,PMT-030187,quarantined,order O032795 was quarantined upstream - payment follows its order
payments,PMT-030206,quarantined,order O032817 was quarantined upstream - payment follows its order
payments,PMT-030230,quarantined,order O032842 was quarantined upstream - payment follows its order
payments,PMT-030333,quarantined,order O032959 was quarantined upstream - payment follows its order
payments,PMT-030368,quarantined,order O032998 was quarantined upstream - payment follows its order
payments,PMT-030377,quarantined,order O033008 was quarantined upstream - payment follows its order
payments,PMT-030385,quarantined,order O033016 was quarantined upstream - payment follows its order
payments,PMT-030418,quarantined,order O033051 was quarantined upstream - payment follows its order
payments,PMT-030452,quarantined,order O033087 was quarantined upstream - payment follows its order
payments,PMT-030532,quarantined,order O033173 was quarantined upstream - payment follows its order
payments,PMT-030539,quarantined,order O033181 was quarantined upstream - payment follows its order
payments,PMT-030562,quarantined,order O033204 was quarantined upstream - payment follows its order
payments,PMT-030606,quarantined,order O033250 was quarantined upstream - payment follows its order
payments,PMT-030672,quarantined,order O033319 was quarantined upstream - payment follows its order
payments,PMT-030933,quarantined,order O033597 was quarantined upstream - payment follows its order
payments,PMT-030936,quarantined,order O033600 was quarantined upstream - payment follows its order
payments,PMT-030956,quarantined,order O033620 was quarantined upstream - payment follows its order
payments,PMT-031063,quarantined,order O033734 was quarantined upstream - payment follows its order
payments,PMT-031218,quarantined,order O033907 was quarantined upstream - payment follows its order
payments,PMT-031256,quarantined,order O033949 was quarantined upstream - payment follows its order
payments,PMT-031308,quarantined,order O034004 was quarantined upstream - payment follows its order
payments,PMT-031329,quarantined,order O034025 was quarantined upstream - payment follows its order
payments,PMT-031377,quarantined,order O034076 was quarantined upstream - payment follows its order
payments,PMT-031386,quarantined,order O034085 was quarantined upstream - payment follows its order
payments,PMT-031387,quarantined,order O034086 was quarantined upstream - payment follows its order
payments,PMT-031435,quarantined,order O034139 was quarantined upstream - payment follows its order
payments,PMT-031453,quarantined,order O034158 was quarantined upstream - payment follows its order
payments,PMT-031456,quarantined,order O034162 was quarantined upstream - payment follows its order
payments,PMT-031458,quarantined,order O034164 was quarantined upstream - payment follows its order
payments,PMT-031495,quarantined,order O034204 was quarantined upstream - payment follows its order
payments,PMT-031621,quarantined,order O034338 was quarantined upstream - payment follows its order
payments,PMT-031665,quarantined,order O034387 was quarantined upstream - payment follows its order
payments,PMT-031759,quarantined,order O034486 was quarantined upstream - payment follows its order
payments,PMT-031789,quarantined,order O034517 was quarantined upstream - payment follows its order
payments,PMT-031927,quarantined,order O034662 was quarantined upstream - payment follows its order
payments,PMT-032031,quarantined,order O034775 was quarantined upstream - payment follows its order
payments,PMT-032099,quarantined,order O034846 was quarantined upstream - payment follows its order
payments,PMT-032109,quarantined,order O034856 was quarantined upstream - payment follows its order
payments,PMT-032114,quarantined,order O034861 was quarantined upstream - payment follows its order
payments,PMT-032166,quarantined,order O034920 was quarantined upstream - payment follows its order
payments,PMT-032189,quarantined,order O034946 was quarantined upstream - payment follows its order
payments,PMT-032226,quarantined,order O034986 was quarantined upstream - payment follows its order
payments,PMT-032228,quarantined,order O034988 was quarantined upstream - payment follows its order
payments,PMT-032258,quarantined,order O035024 was quarantined upstream - payment follows its order
payments,PMT-032277,quarantined,order O035046 was quarantined upstream - payment follows its order
payments,PMT-032307,quarantined,order O035078 was quarantined upstream - payment follows its order
payments,PMT-032372,quarantined,order O035150 was quarantined upstream - payment follows its order
payments,PMT-032389,quarantined,order O035170 was quarantined upstream - payment follows its order
payments,PMT-032476,quarantined,order O035263 was quarantined upstream - payment follows its order
payments,PMT-032520,quarantined,order O035309 was quarantined upstream - payment follows its order
payments,PMT-032521,quarantined,order O035310 was quarantined upstream - payment follows its order
payments,PMT-032672,quarantined,order O035471 was quarantined upstream - payment follows its order
payments,PMT-032748,quarantined,order O035555 was quarantined upstream - payment follows its order
payments,PMT-032831,quarantined,order O035650 was quarantined upstream - payment follows its order
payments,PMT-032846,quarantined,order O035667 was quarantined upstream - payment follows its order
payments,PMT-032857,quarantined,order O035679 was quarantined upstream - payment follows its order
payments,PMT-032903,quarantined,order O035730 was quarantined upstream - payment follows its order
payments,PMT-032912,quarantined,order O035742 was quarantined upstream - payment follows its order
payments,PMT-033074,quarantined,order O035916 was quarantined upstream - payment follows its order
payments,PMT-033124,quarantined,order O035967 was quarantined upstream - payment follows its order
payments,PMT-033352,quarantined,order O036213 was quarantined upstream - payment follows its order
payments,PMT-033372,quarantined,order O036234 was quarantined upstream - payment follows its order
payments,PMT-033398,quarantined,order O036261 was quarantined upstream - payment follows its order
payments,PMT-033460,quarantined,order O036334 was quarantined upstream - payment follows its order
payments,PMT-033485,quarantined,order O036361 was quarantined upstream - payment follows its order
payments,PMT-033503,quarantined,order O036380 was quarantined upstream - payment follows its order
payments,PMT-033615,quarantined,order O036507 was quarantined upstream - payment follows its order
payments,PMT-033637,quarantined,order O036534 was quarantined upstream - payment follows its order
payments,PMT-033709,quarantined,order O036611 was quarantined upstream - payment follows its order
payments,PMT-033741,quarantined,order O036646 was quarantined upstream - payment follows its order
payments,PMT-033775,quarantined,order O036686 was quarantined upstream - payment follows its order
payments,PMT-033811,quarantined,order O036728 was quarantined upstream - payment follows its order
payments,PMT-033865,quarantined,order O036785 was quarantined upstream - payment follows its order
payments,PMT-033925,quarantined,order O036850 was quarantined upstream - payment follows its order
payments,PMT-033976,quarantined,order O036903 was quarantined upstream - payment follows its order
payments,PMT-033979,quarantined,order O036906 was quarantined upstream - payment follows its order
payments,PMT-034022,quarantined,order O036953 was quarantined upstream - payment follows its order
payments,PMT-034023,quarantined,order O036954 was quarantined upstream - payment follows its order
payments,PMT-034045,quarantined,order O036977 was quarantined upstream - payment follows its order
payments,PMT-034183,quarantined,order O037128 was quarantined upstream - payment follows its order
payments,PMT-034208,quarantined,order O037153 was quarantined upstream - payment follows its order
payments,PMT-034219,quarantined,order O037165 was quarantined upstream - payment follows its order
payments,PMT-034322,quarantined,order O037279 was quarantined upstream - payment follows its order
payments,PMT-034436,quarantined,order O037403 was quarantined upstream - payment follows its order
payments,PMT-034455,quarantined,order O037426 was quarantined upstream - payment follows its order
payments,PMT-034641,quarantined,order O037629 was quarantined upstream - payment follows its order
payments,PMT-034758,quarantined,order O037758 was quarantined upstream - payment follows its order
payments,PMT-034863,quarantined,order O037872 was quarantined upstream - payment follows its order
payments,PMT-034924,quarantined,order O037938 was quarantined upstream - payment follows its order
payments,PMT-034940,quarantined,order O037956 was quarantined upstream - payment follows its order
payments,PMT-034964,quarantined,order O037982 was quarantined upstream - payment follows its order
payments,PMT-034980,quarantined,order O037998 was quarantined upstream - payment follows its order
payments,PMT-034989,quarantined,order O038010 was quarantined upstream - payment follows its order
payments,PMT-034996,quarantined,order O038018 was quarantined upstream - payment follows its order
payments,PMT-035018,quarantined,order O038040 was quarantined upstream - payment follows its order
payments,PMT-035050,quarantined,order O038076 was quarantined upstream - payment follows its order
payments,PMT-035074,quarantined,order O038101 was quarantined upstream - payment follows its order
payments,PMT-035116,quarantined,order O038148 was quarantined upstream - payment follows its order
payments,PMT-035118,quarantined,order O038150 was quarantined upstream - payment follows its order
payments,PMT-035189,quarantined,order O038230 was quarantined upstream - payment follows its order
payments,PMT-035220,quarantined,order O038261 was quarantined upstream - payment follows its order
payments,PMT-035340,quarantined,order O038389 was quarantined upstream - payment follows its order
payments,PMT-035377,quarantined,order O038428 was quarantined upstream - payment follows its order
payments,PMT-035430,quarantined,order O038485 was quarantined upstream - payment follows its order
payments,PMT-035522,quarantined,order O038584 was quarantined upstream - payment follows its order
payments,PMT-035524,quarantined,order O038586 was quarantined upstream - payment follows its order
payments,PMT-035596,quarantined,order O038666 was quarantined upstream - payment follows its order
payments,PMT-035667,quarantined,order O038744 was quarantined upstream - payment follows its order
payments,PMT-035701,quarantined,order O038780 was quarantined upstream - payment follows its order
payments,PMT-035710,quarantined,order O038789 was quarantined upstream - payment follows its order
payments,PMT-035712,quarantined,order O038791 was quarantined upstream - payment follows its order
payments,PMT-035779,quarantined,order O038863 was quarantined upstream - payment follows its order
payments,PMT-035804,quarantined,order O038888 was quarantined upstream - payment follows its order
payments,PMT-035876,quarantined,order O038964 was quarantined upstream - payment follows its order
payments,PMT-035896,quarantined,order O038985 was quarantined upstream - payment follows its order
payments,PMT-035983,quarantined,order O039078 was quarantined upstream - payment follows its order
payments,PMT-036083,quarantined,order O039182 was quarantined upstream - payment follows its order
payments,PMT-036094,quarantined,order O039195 was quarantined upstream - payment follows its order
payments,PMT-036441,quarantined,order O039582 was quarantined upstream - payment follows its order
payments,PMT-036462,quarantined,order O039603 was quarantined upstream - payment follows its order
payments,PMT-036492,quarantined,order O039634 was quarantined upstream - payment follows its order
payments,PMT-036515,quarantined,order O039659 was quarantined upstream - payment follows its order
payments,PMT-036567,quarantined,order O039715 was quarantined upstream - payment follows its order
payments,PMT-036590,quarantined,order O039739 was quarantined upstream - payment follows its order
payments,PMT-036686,quarantined,order O039845 was quarantined upstream - payment follows its order
payments,PMT-036730,quarantined,order O039892 was quarantined upstream - payment follows its order
payments,PMT-036788,quarantined,order O039954 was quarantined upstream - payment follows its order
payments,PMT-036893,quarantined,order O040068 was quarantined upstream - payment follows its order
payments,PMT-036944,quarantined,order O040121 was quarantined upstream - payment follows its order
payments,PMT-036964,quarantined,order O040143 was quarantined upstream - payment follows its order
payments,PMT-036989,quarantined,order O040170 was quarantined upstream - payment follows its order
payments,PMT-037021,quarantined,order O040202 was quarantined upstream - payment follows its order
payments,PMT-037094,quarantined,order O040286 was quarantined upstream - payment follows its order
payments,PMT-037095,quarantined,order O040287 was quarantined upstream - payment follows its order
payments,PMT-037115,quarantined,order O040308 was quarantined upstream - payment follows its order
payments,PMT-037283,quarantined,order O040488 was quarantined upstream - payment follows its order
payments,PMT-037286,quarantined,order O040492 was quarantined upstream - payment follows its order
payments,PMT-037332,quarantined,order O040542 was quarantined upstream - payment follows its order
payments,PMT-037348,quarantined,order O040558 was quarantined upstream - payment follows its order
payments,PMT-037371,quarantined,order O040581 was quarantined upstream - payment follows its order
payments,PMT-037419,quarantined,order O040634 was quarantined upstream - payment follows its order
payments,PMT-037437,quarantined,order O040655 was quarantined upstream - payment follows its order
payments,PMT-037439,quarantined,order O040657 was quarantined upstream - payment follows its order
payments,PMT-037441,quarantined,order O040659 was quarantined upstream - payment follows its order
payments,PMT-037449,quarantined,order O040667 was quarantined upstream - payment follows its order
payments,PMT-037478,quarantined,order O040697 was quarantined upstream - payment follows its order
payments,PMT-037489,quarantined,order O040709 was quarantined upstream - payment follows its order
payments,PMT-037613,quarantined,order O040841 was quarantined upstream - payment follows its order
payments,PMT-037621,quarantined,order O040849 was quarantined upstream - payment follows its order
payments,PMT-037684,quarantined,order O040917 was quarantined upstream - payment follows its order
payments,PMT-037753,quarantined,order O040992 was quarantined upstream - payment follows its order
payments,PMT-037788,quarantined,order O041029 was quarantined upstream - payment follows its order
payments,PMT-037837,quarantined,order O041082 was quarantined upstream - payment follows its order
payments,PMT-037893,quarantined,order O041141 was quarantined upstream - payment follows its order
payments,PMT-037900,quarantined,order O041152 was quarantined upstream - payment follows its order
payments,PMT-037937,quarantined,order O041192 was quarantined upstream - payment follows its order
payments,PMT-037947,quarantined,order O041203 was quarantined upstream - payment follows its order
payments,PMT-037949,quarantined,order O041205 was quarantined upstream - payment follows its order
payments,PMT-037999,quarantined,order O041260 was quarantined upstream - payment follows its order
payments,PMT-038136,quarantined,order O041409 was quarantined upstream - payment follows its order
payments,PMT-038173,quarantined,order O041448 was quarantined upstream - payment follows its order
payments,PMT-038203,quarantined,order O041482 was quarantined upstream - payment follows its order
payments,PMT-038210,quarantined,order O041490 was quarantined upstream - payment follows its order
payments,PMT-038228,quarantined,order O041511 was quarantined upstream - payment follows its order
payments,PMT-038262,quarantined,order O041546 was quarantined upstream - payment follows its order
payments,PMT-038280,quarantined,order O041565 was quarantined upstream - payment follows its order
payments,PMT-038383,quarantined,order O041681 was quarantined upstream - payment follows its order
payments,PMT-038419,quarantined,order O041719 was quarantined upstream - payment follows its order
payments,PMT-038422,quarantined,order O041722 was quarantined upstream - payment follows its order
payments,PMT-038461,quarantined,order O041765 was quarantined upstream - payment follows its order
payments,PMT-038486,quarantined,order O041793 was quarantined upstream - payment follows its order
payments,PMT-038495,quarantined,order O041803 was quarantined upstream - payment follows its order
payments,PMT-038596,quarantined,order O041912 was quarantined upstream - payment follows its order
payments,PMT-038623,quarantined,order O041942 was quarantined upstream - payment follows its order
payments,PMT-038659,quarantined,order O041982 was quarantined upstream - payment follows its order
payments,PMT-038690,quarantined,order O042017 was quarantined upstream - payment follows its order
payments,PMT-038747,quarantined,order O042077 was quarantined upstream - payment follows its order
payments,PMT-038789,quarantined,order O042123 was quarantined upstream - payment follows its order
payments,PMT-038823,quarantined,order O042161 was quarantined upstream - payment follows its order
payments,PMT-038897,quarantined,order O042242 was quarantined upstream - payment follows its order
payments,PMT-038918,quarantined,order O042264 was quarantined upstream - payment follows its order
payments,PMT-038932,quarantined,order O042281 was quarantined upstream - payment follows its order
payments,PMT-038970,quarantined,order O042320 was quarantined upstream - payment follows its order
payments,PMT-039004,quarantined,order O042356 was quarantined upstream - payment follows its order
payments,PMT-039019,quarantined,order O042371 was quarantined upstream - payment follows its order
payments,PMT-039173,quarantined,order O042535 was quarantined upstream - payment follows its order
payments,PMT-039232,quarantined,order O042599 was quarantined upstream - payment follows its order
payments,PMT-039236,quarantined,order O042604 was quarantined upstream - payment follows its order
payments,PMT-039258,quarantined,order O042628 was quarantined upstream - payment follows its order
payments,PMT-039262,quarantined,order O042632 was quarantined upstream - payment follows its order
payments,PMT-039307,quarantined,order O042682 was quarantined upstream - payment follows its order
payments,PMT-039408,quarantined,order O042789 was quarantined upstream - payment follows its order
payments,PMT-039428,quarantined,order O042809 was quarantined upstream - payment follows its order
payments,PMT-039432,quarantined,order O042814 was quarantined upstream - payment follows its order
payments,PMT-039473,quarantined,order O042856 was quarantined upstream - payment follows its order
payments,PMT-039628,quarantined,order O043027 was quarantined upstream - payment follows its order
payments,PMT-039640,quarantined,order O043040 was quarantined upstream - payment follows its order
payments,PMT-039649,quarantined,order O043049 was quarantined upstream - payment follows its order
payments,PMT-039670,quarantined,order O043071 was quarantined upstream - payment follows its order
payments,PMT-039739,quarantined,order O043145 was quarantined upstream - payment follows its order
payments,PMT-039847,quarantined,order O043263 was quarantined upstream - payment follows its order
payments,PMT-039865,quarantined,order O043283 was quarantined upstream - payment follows its order
payments,PMT-039893,quarantined,order O043312 was quarantined upstream - payment follows its order
payments,PMT-039947,quarantined,order O043368 was quarantined upstream - payment follows its order
payments,PMT-040086,quarantined,order O043517 was quarantined upstream - payment follows its order
payments,PMT-040212,quarantined,order O043658 was quarantined upstream - payment follows its order
payments,PMT-040226,quarantined,order O043673 was quarantined upstream - payment follows its order
payments,PMT-040280,quarantined,order O043730 was quarantined upstream - payment follows its order
payments,PMT-040376,quarantined,order O043830 was quarantined upstream - payment follows its order
payments,PMT-040426,quarantined,order O043884 was quarantined upstream - payment follows its order
payments,PMT-040452,quarantined,order O043910 was quarantined upstream - payment follows its order
payments,PMT-040508,quarantined,order O043968 was quarantined upstream - payment follows its order
payments,PMT-040603,quarantined,order O044068 was quarantined upstream - payment follows its order
payments,PMT-040668,quarantined,order O044137 was quarantined upstream - payment follows its order
payments,PMT-040698,quarantined,order O044168 was quarantined upstream - payment follows its order
payments,PMT-040715,quarantined,order O044186 was quarantined upstream - payment follows its order
payments,PMT-040809,quarantined,order O044293 was quarantined upstream - payment follows its order
payments,PMT-040830,quarantined,order O044315 was quarantined upstream - payment follows its order
payments,PMT-040886,quarantined,order O044372 was quarantined upstream - payment follows its order
payments,PMT-040946,quarantined,order O044441 was quarantined upstream - payment follows its order
payments,PMT-040971,quarantined,order O044466 was quarantined upstream - payment follows its order
payments,PMT-040997,quarantined,order O044497 was quarantined upstream - payment follows its order
payments,PMT-041239,quarantined,order O044760 was quarantined upstream - payment follows its order
payments,PMT-041336,quarantined,order O044867 was quarantined upstream - payment follows its order
payments,PMT-041367,quarantined,order O044902 was quarantined upstream - payment follows its order
payments,PMT-041381,quarantined,order O044918 was quarantined upstream - payment follows its order
payments,PMT-041403,quarantined,order O044941 was quarantined upstream - payment follows its order
payments,PMT-041414,quarantined,order O044953 was quarantined upstream - payment follows its order
payments,PMT-041466,quarantined,order O045009 was quarantined upstream - payment follows its order
payments,PMT-041478,quarantined,order O045024 was quarantined upstream - payment follows its order
payments,PMT-041606,quarantined,order O045168 was quarantined upstream - payment follows its order
payments,PMT-041615,quarantined,order O045177 was quarantined upstream - payment follows its order
payments,PMT-041755,quarantined,order O045330 was quarantined upstream - payment follows its order
payments,PMT-041819,quarantined,order O045399 was quarantined upstream - payment follows its order
payments,PMT-041835,quarantined,order O045416 was quarantined upstream - payment follows its order
payments,PMT-041836,quarantined,order O045417 was quarantined upstream - payment follows its order
payments,PMT-041846,quarantined,order O045427 was quarantined upstream - payment follows its order
payments,PMT-041857,quarantined,order O045440 was quarantined upstream - payment follows its order
payments,PMT-041882,quarantined,order O045466 was quarantined upstream - payment follows its order
payments,PMT-041897,quarantined,order O045483 was quarantined upstream - payment follows its order
payments,PMT-041980,quarantined,order O045571 was quarantined upstream - payment follows its order
payments,PMT-042129,quarantined,order O045732 was quarantined upstream - payment follows its order
payments,PMT-042169,quarantined,order O045772 was quarantined upstream - payment follows its order
payments,PMT-042305,quarantined,order O045922 was quarantined upstream - payment follows its order
payments,PMT-042375,quarantined,order O046004 was quarantined upstream - payment follows its order
payments,PMT-042379,quarantined,order O046009 was quarantined upstream - payment follows its order
payments,PMT-042383,quarantined,order O046013 was quarantined upstream - payment follows its order
payments,PMT-042414,quarantined,order O046046 was quarantined upstream - payment follows its order
payments,PMT-042511,quarantined,order O046150 was quarantined upstream - payment follows its order
payments,PMT-042555,quarantined,order O046198 was quarantined upstream - payment follows its order
payments,PMT-042692,quarantined,order O046350 was quarantined upstream - payment follows its order
payments,PMT-042753,quarantined,order O046414 was quarantined upstream - payment follows its order
payments,PMT-042759,quarantined,order O046420 was quarantined upstream - payment follows its order
payments,PMT-042852,quarantined,order O046524 was quarantined upstream - payment follows its order
payments,PMT-042863,quarantined,order O046535 was quarantined upstream - payment follows its order
payments,PMT-042920,quarantined,order O046595 was quarantined upstream - payment follows its order
payments,PMT-043034,quarantined,order O046722 was quarantined upstream - payment follows its order
payments,PMT-043150,quarantined,order O046855 was quarantined upstream - payment follows its order
payments,PMT-043229,quarantined,order O046935 was quarantined upstream - payment follows its order
payments,PMT-043416,quarantined,order O047145 was quarantined upstream - payment follows its order
payments,PMT-043444,quarantined,order O047178 was quarantined upstream - payment follows its order
payments,PMT-043506,quarantined,order O047245 was quarantined upstream - payment follows its order
payments,PMT-043527,quarantined,order O047266 was quarantined upstream - payment follows its order
payments,PMT-043633,quarantined,order O047379 was quarantined upstream - payment follows its order
payments,PMT-043755,quarantined,order O047516 was quarantined upstream - payment follows its order
payments,PMT-043769,quarantined,order O047534 was quarantined upstream - payment follows its order
payments,PMT-043786,quarantined,order O047555 was quarantined upstream - payment follows its order
payments,PMT-043820,quarantined,order O047593 was quarantined upstream - payment follows its order
payments,PMT-043853,quarantined,order O047629 was quarantined upstream - payment follows its order
payments,PMT-043979,quarantined,order O047766 was quarantined upstream - payment follows its order
payments,PMT-043989,quarantined,order O047776 was quarantined upstream - payment follows its order
payments,PMT-044029,quarantined,order O047821 was quarantined upstream - payment follows its order
payments,PMT-044031,quarantined,order O047823 was quarantined upstream - payment follows its order
payments,PMT-044070,quarantined,order O047864 was quarantined upstream - payment follows its order
payments,PMT-044182,quarantined,order O047983 was quarantined upstream - payment follows its order
payments,PMT-044255,quarantined,order O048062 was quarantined upstream - payment follows its order
payments,PMT-044280,quarantined,order O048089 was quarantined upstream - payment follows its order
payments,PMT-044285,quarantined,order O048094 was quarantined upstream - payment follows its order
payments,PMT-044316,quarantined,order O048127 was quarantined upstream - payment follows its order
payments,PMT-044327,quarantined,order O048139 was quarantined upstream - payment follows its order
payments,PMT-044360,quarantined,order O048172 was quarantined upstream - payment follows its order
payments,PMT-044412,quarantined,order O048231 was quarantined upstream - payment follows its order
payments,PMT-044420,quarantined,order O048242 was quarantined upstream - payment follows its order
payments,PMT-044444,quarantined,order O048270 was quarantined upstream - payment follows its order
payments,PMT-044498,quarantined,order O048329 was quarantined upstream - payment follows its order
payments,PMT-044576,quarantined,order O048415 was quarantined upstream - payment follows its order
payments,PMT-044601,quarantined,order O048445 was quarantined upstream - payment follows its order
payments,PMT-044625,quarantined,order O048471 was quarantined upstream - payment follows its order
payments,PMT-044701,quarantined,order O048560 was quarantined upstream - payment follows its order
payments,PMT-044741,quarantined,order O048604 was quarantined upstream - payment follows its order
payments,PMT-044804,quarantined,order O048673 was quarantined upstream - payment follows its order
payments,PMT-044883,quarantined,order O048758 was quarantined upstream - payment follows its order
payments,PMT-045014,quarantined,order O048911 was quarantined upstream - payment follows its order
payments,PMT-045043,quarantined,order O048944 was quarantined upstream - payment follows its order
payments,PMT-045145,quarantined,order O049061 was quarantined upstream - payment follows its order
payments,PMT-045156,quarantined,order O049073 was quarantined upstream - payment follows its order
payments,PMT-045213,quarantined,order O049136 was quarantined upstream - payment follows its order
payments,PMT-045310,quarantined,order O049242 was quarantined upstream - payment follows its order
payments,PMT-045346,quarantined,order O049279 was quarantined upstream - payment follows its order
payments,PMT-045386,quarantined,order O049322 was quarantined upstream - payment follows its order
payments,PMT-045457,quarantined,order O049400 was quarantined upstream - payment follows its order
payments,PMT-045521,quarantined,order O049470 was quarantined upstream - payment follows its order
payments,PMT-045570,quarantined,order O049523 was quarantined upstream - payment follows its order
payments,PMT-045614,quarantined,order O049570 was quarantined upstream - payment follows its order
payments,PMT-045684,quarantined,order O049652 was quarantined upstream - payment follows its order
payments,PMT-045736,quarantined,order O049710 was quarantined upstream - payment follows its order
payments,PMT-045790,quarantined,order O049768 was quarantined upstream - payment follows its order
payments,PMT-045821,quarantined,order O049802 was quarantined upstream - payment follows its order
payments,PMT-045844,quarantined,order O049826 was quarantined upstream - payment follows its order
payments,PMT-045846,quarantined,order O049828 was quarantined upstream - payment follows its order
payments,PMT-045865,quarantined,order O049848 was quarantined upstream - payment follows its order
payments,PMT-045920,quarantined,order O049906 was quarantined upstream - payment follows its order
payments,PMT-045956,quarantined,order O049947 was quarantined upstream - payment follows its order
payments,PMT-045973,quarantined,order O049966 was quarantined upstream - payment follows its order
payments,PMT-045987,quarantined,order O049980 was quarantined upstream - payment follows its order
payments,PMT-000014,corrected,paid_at shifted +8h to UTC - region PH diagnosed as a local-time export (100% impossible latencies)
payments,PMT-000025,corrected,paid_at shifted +8h to UTC - region PH diagnosed as a local-time export (100% impossible latencies)
payments,PMT-000036,corrected,paid_at shifted +8h to UTC - region PH diagnosed as a local-time export (100% impossible latencies)
payments,PMT-000074,corrected,paid_at shifted +8h to UTC - region PH diagnosed as a local-time export (100% impossible latencies)
payments,PMT-000092,corrected,paid_at shifted +8h to UTC - region PH diagnosed as a local-time export (100% impossible latencies)
payments,PMT-000111,corrected,paid_at shifted +8h to UTC - region PH diagnosed as a local-time export (100% impossible latencies)
payments,PMT-000114,corrected,paid_at shifted +8h to UTC - region PH diagnosed as a local-time export (100% impossible latencies)
payments,PMT-000126,corrected,paid_at shifted +8h to UTC - region PH diagnosed as a local-time export (100% impossible latencies)
payments,PMT-000152,corrected,paid_at shifted +8h to UTC - region PH diagnosed as a local-time export (100% impossible latencies)
payments,PMT-000155,corrected,paid_at shifted +8h to UTC - region PH diagnosed as a local-time export (100% impossible latencies)
payments,PMT-000159,corrected,paid_at shifted +8h to UTC - region PH diagnosed as a local-time export (100% impossible latencies)
payments,PMT-000185,corrected,paid_at shifted +8h to UTC - region PH diagnosed as a local-time export (100% impossible latencies)
payments,PMT-000193,corrected,paid_at shifted +8h to UTC - region PH diagnosed as a local-time export (100% impossible latencies)
payments,PMT-000194,corrected,paid_at shifted +8h to UTC - region PH diagnosed as a local-time export (100% impossible latencies)
payments,PMT-000208,corrected,paid_at shifted +8h to UTC - region PH diagnosed as a local-time export (100% impossible latencies)
payments,PMT-000213,corrected,paid_at shifted +8h to UTC - region PH diagnosed as a local-time export (100% impossible latencies)
payments,PMT-000214,corrected,paid_at shifted +8h to UTC - region PH diagnosed as a local-time export (100% impossible latencies)
payments,PMT-000217,corrected,paid_at shifted +8h to UTC - region PH diagnosed as a local-time export (100% impossible latencies)
payments,PMT-000223,corrected,paid_at shifted +8h to UTC - region PH diagnosed as a local-time export (100% impossible latencies)
payments,PMT-000237,corrected,paid_at shifted +8h to UTC - region PH diagnosed as a local-time export (100% impossible latencies)
payments,PMT-000244,corrected,paid_at shifted +8h to UTC - region PH diagnosed as a local-time export (100% impossible latencies)
payments,PMT-000249,corrected,paid_at shifted +8h to UTC - region PH diagnosed as a local-time export (100% impossible latencies)
payments,PMT-000258,corrected,paid_at shifted +8h to UTC - region PH diagnosed as a local-time export (100% impossible latencies)
payments,PMT-000260,corrected,paid_at shifted +8h to UTC - region PH diagnosed as a local-time export (100% impossible latencies)
payments,PMT-000262,corrected,paid_at shifted +8h to UTC - region PH diagnosed as a local-time export (100% impossible latencies)
payments,PMT-000271,corrected,paid_at shifted +8h to UTC - region PH diagnosed as a local-time export (100% impossible latencies)
payments,PMT-000272,corrected,paid_at shifted +8h to UTC - region PH diagnosed as a local-time export (100% impossible latencies)
payments,PMT-000319,corrected,paid_at shifted +8h to UTC - region PH diagnosed as a local-time export (100% impossible latencies)
payments,PMT-000331,corrected,paid_at shifted +8h to UTC - region PH diagnosed as a local-time export (100% impossible latencies)
payments,PMT-000350,corrected,paid_at shifted +8h to UTC - region PH diagnosed as a local-time export (100% impossible latencies)
payments,PMT-000353,corrected,paid_at shifted +8h to UTC - region PH diagnosed as a local-time export (100% impossible latencies)
payments,PMT-000372,corrected,paid_at shifted +8h to UTC - region PH diagnosed as a local-time export (100% impossible latencies)
payments,PMT-000382,corrected,paid_at shifted +8h to UTC - region PH diagnosed as a local-time export (100% impossible latencies)
payments,PMT-000385,corrected,paid_at shifted +8h to UTC - region PH diagnosed as a local-time export (100% impossible latencies)
payments,PMT-000390,corrected,paid_at shifted +8h to UTC - region PH diagnosed as a local-time export (100% impossible latencies)
payments,PMT-000394,corrected,paid_at shifted +8h to UTC - region PH diagnosed as a local-time export (100% impossible latencies)
payments,PMT-000395,corrected,paid_at shifted +8h to UTC - region PH diagnosed as a local-time export (100% impossible latencies)
payments,PMT-000396,corrected,paid_at shifted +8h to UTC - region PH diagnosed as a local-time export (100% impossible latencies)
payments,PMT-000414,corrected,paid_at shifted +8h to UTC - region PH diagnosed as a local-time export (100% impossible latencies)
payments,PMT-000425,corrected,paid_at shifted +8h to UTC - region PH diagnosed as a local-time export (100% impossible latencies)
payments,PMT-000428,corrected,paid_at shifted +8h to UTC - region PH diagnosed as a local-time export (100% impossible latencies)
payments,PMT-000436,corrected,paid_at shifted +8h to UTC - region PH diagnosed as a local-time export (100% impossible latencies)
payments,PMT-000493,corrected,paid_at shifted +8h to UTC - region PH diagnosed as a local-time export (100% impossible latencies)
payments,PMT-000500,corrected,paid_at shifted +8h to UTC - region PH diagnosed as a local-time export (100% impossible latencies)
payments,PMT-000501,corrected,paid_at shifted +8h to UTC - region PH diagnosed as a local-time export (100% impossible latencies)
payments,PMT-000507,corrected,paid_at shifted +8h to UTC - region PH diagnosed as a local-time export (100% impossible latencies)
payments,PMT-000508,corrected,paid_at shifted +8h to UTC - region PH diagnosed as a local-time export (100% impossible latencies)
payments,PMT-000509,corrected,paid_at shifted +8h to UTC - region PH diagnosed as a local-time export (100% impossible latencies)
payments,PMT-000528,corrected,paid_at shifted +8h to UTC - region PH diagnosed as a local-time export (100% impossible latencies)
payments,PMT-000532,corrected,paid_at shifted +8h to UTC - region PH diagnosed as a local-time export (100% impossible latencies)
payments,PMT-000536,corrected,paid_at shifted +8h to UTC - region PH diagnosed as a local-time export (100% impossible latencies)
payments,PMT-000546,corrected,paid_at shifted +8h to UTC - region PH diagnosed as a local-time export (100% impossible latencies)
payments,PMT-000577,corrected,paid_at shifted +8h to UTC - region PH diagnosed as a local-time export (100% impossible latencies)
payments,PMT-000583,corrected,paid_at shifted +8h to UTC - region PH diagnosed as a local-time export (100% impossible latencies)
payments,PMT-000587,corrected,paid_at shifted +8h to UTC - region PH diagnosed as a local-time export (100% impossible latencies)
payments,PMT-000593,corrected,paid_at shifted +8h to UTC - region PH diagnosed as a local-time export (100% impossible latencies)
payments,PMT-000609,corrected,paid_at shifted +8h to UTC - region PH diagnosed as a local-time export (100% impossible latencies)
payments,PMT-000610,corrected,paid_at shifted +8h to UTC - region PH diagnosed as a local-time export (100% impossible latencies)
payments,PMT-000615,corrected,paid_at shifted +8h to UTC - region PH diagnosed as a local-time export (100% impossible latencies)
payments,PMT-000621,corrected,paid_at shifted +8h to UTC - region PH diagnosed as a local-time export (100% impossible latencies)
payments,PMT-000646,corrected,paid_at shifted +8h to UTC - region PH diagnosed as a local-time export (100% impossible latencies)
payments,PMT-000650,corrected,paid_at shifted +8h to UTC - region PH diagnosed as a local-time export (100% impossible latencies)
payments,PMT-000652,corrected,paid_at shifted +8h to UTC - region PH diagnosed as a local-time export (100% impossible latencies)
payments,PMT-000668,corrected,paid_at shifted +8h to UTC - region PH diagnosed as a local-time export (100% impossible latencies)
payments,PMT-000679,corrected,paid_at shifted +8h to UTC - region PH diagnosed as a local-time export (100% impossible latencies)
payments,PMT-000680,corrected,paid_at shifted +8h to UTC - region PH diagnosed as a local-time export (100% impossible latencies)
payments,PMT-000706,corrected,paid_at shifted +8h to UTC - region PH diagnosed as a local-time export (100% impossible latencies)
payments,PMT-000707,corrected,paid_at shifted +8h to UTC - region PH diagnosed as a local-time export (100% impossible latencies)
payments,PMT-000713,corrected,paid_at shifted +8h to UTC - region PH diagnosed as a local-time export (100% impossible latencies)
payments,PMT-000717,corrected,paid_at shifted +8h to UTC - region PH diagnosed as a local-time export (100% impossible latencies)
payments,PMT-000723,corrected,paid_at shifted +8h to UTC - region PH diagnosed as a local-time export (100% impossible latencies)
payments,PMT-000728,corrected,paid_at shifted +8h to UTC - region PH diagnosed as a local-time export (100% impossible latencies)
payments,PMT-000730,corrected,paid_at shifted +8h to UTC - region PH diagnosed as a local-time export (100% impossible latencies)
payments,PMT-000734,corrected,paid_at shifted +8h to UTC - region PH diagnosed as a local-time export (100% impossible latencies)
payments,PMT-000737,corrected,paid_at shifted +8h to UTC - region PH diagnosed as a local-time export (100% impossible latencies)
payments,PMT-000744,corrected,paid_at shifted +8h to UTC - region PH diagnosed as a local-time export (100% impossible latencies)
payments,PMT-000745,corrected,paid_at shifted +8h to UTC - region PH diagnosed as a local-time export (100% impossible latencies)
payments,PMT-000753,corrected,paid_at shifted +8h to UTC - region PH diagnosed as a local-time export (100% impossible latencies)
payments,PMT-000767,corrected,paid_at shifted +8h to UTC - region PH diagnosed as a local-time export (100% impossible latencies)
payments,PMT-000770,corrected,paid_at shifted +8h to UTC - region PH diagnosed as a local-time export (100% impossible latencies)
payments,PMT-000796,corrected,paid_at shifted +8h to UTC - region PH diagnosed as a local-time export (100% impossible latencies)
payments,PMT-000822,corrected,paid_at shifted +8h to UTC - region PH diagnosed as a local-time export (100% impossible latencies)
payments,PMT-000834,corrected,paid_at shifted +8h to UTC - region PH diagnosed as a local-time export (100% impossible latencies)
payments,PMT-000849,corrected,paid_at shifted +8h to UTC - region PH diagnosed as a local-time export (100% impossible latencies)
payments,PMT-000869,corrected,paid_at shifted +8h to UTC - region PH diagnosed as a local-time export (100% impossible latencies)
payments,PMT-000874,corrected,paid_at shifted +8h to UTC - region PH diagnosed as a local-time export (100% impossible latencies)
payments,PMT-000877,corrected,paid_at shifted +8h to UTC - region PH diagnosed as a local-time export (100% impossible latencies)
payments,PMT-000890,corrected,paid_at shifted +8h to UTC - region PH diagnosed as a local-time export (100% impossible latencies)
payments,PMT-000913,corrected,paid_at shifted +8h to UTC - region PH diagnosed as a local-time export (100% impossible latencies)
payments,PMT-000916,corrected,paid_at shifted +8h to UTC - region PH diagnosed as a local-time export (100% impossible latencies)
payments,PMT-000918,corrected,paid_at shifted +8h to UTC - region PH diagnosed as a local-time export (100% impossible latencies)
payments,PMT-000919,corrected,paid_at shifted +8h to UTC - region PH diagnosed as a local-time export (100% impossible latencies)
payments,PMT-000921,corrected,paid_at shifted +8h to UTC - region PH diagnosed as a local-time export (100% impossible latencies)
payments,PMT-000926,corrected,paid_at shifted +8h to UTC - region PH diagnosed as a local-time export (100% impossible latencies)
payments,PMT-000929,corrected,paid_at shifted +8h to UTC - region PH diagnosed as a local-time export (100% impossible latencies)
payments,PMT-000932,corrected,paid_at shifted +8h to UTC - region PH diagnosed as a local-time export (100% impossible latencies)
payments,PMT-000937,corrected,paid_at shifted +8h to UTC - region PH diagnosed as a local-time export (100% impossible latencies)
payments,PMT-000952,corrected,paid_at shifted +8h to UTC - region PH diagnosed as a local-time export (100% impossible latencies)
payments,PMT-000963,corrected,paid_at shifted +8h to UTC - region PH diagnosed as a local-time export (100% impossible latencies)
payments,PMT-000968,corrected,paid_at shifted +8h to UTC - region PH diagnosed as a local-time export (100% impossible latencies)
payments,PMT-000977,corrected,paid_at shifted +8h to UTC - region PH diagnosed as a local-time export (100% impossible latencies)
payments,PMT-000984,corrected,paid_at shifted +8h to UTC - region PH diagnosed as a local-time export (100% impossible latencies)
payments,PMT-000985,corrected,paid_at shifted +8h to UTC - region PH diagnosed as a local-time export (100% impossible latencies)
payments,PMT-000986,corrected,paid_at shifted +8h to UTC - region PH diagnosed as a local-time export (100% impossible latencies)
payments,PMT-001005,corrected,paid_at shifted +8h to UTC - region PH diagnosed as a local-time export (100% impossible latencies)
payments,PMT-001016,corrected,paid_at shifted +8h to UTC - region PH diagnosed as a local-time export (100% impossible latencies)
payments,PMT-001017,corrected,paid_at shifted +8h to UTC - region PH diagnosed as a local-time export (100% impossible latencies)
payments,PMT-001020,corrected,paid_at shifted +8h to UTC - region PH diagnosed as a local-time export (100% impossible latencies)
payments,PMT-001022,corrected,paid_at shifted +8h to UTC - region PH diagnosed as a local-time export (100% impossible latencies)
payments,PMT-001037,corrected,paid_at shifted +8h to UTC - region PH diagnosed as a local-time export (100% impossible latencies)
payments,PMT-001047,corrected,paid_at shifted +8h to UTC - region PH diagnosed as a local-time export (100% impossible latencies)
payments,PMT-001062,corrected,paid_at shifted +8h to UTC - region PH diagnosed as a local-time export (100% impossible latencies)
payments,PMT-001064,corrected,paid_at shifted +8h to UTC - region PH diagnosed as a local-time export (100% impossible latencies)
payments,PMT-001099,corrected,paid_at shifted +8h to UTC - region PH diagnosed as a local-time export (100% impossible latencies)
payments,PMT-001113,corrected,paid_at shifted +8h to UTC - region PH diagnosed as a local-time export (100% impossible latencies)
payments,PMT-001174,corrected,paid_at shifted +8h to UTC - region PH diagnosed as a local-time export (100% impossible latencies)
payments,PMT-001187,corrected,paid_at shifted +8h to UTC - region PH diagnosed as a local-time export (100% impossible latencies)
payments,PMT-001220,corrected,paid_at shifted +8h to UTC - region PH diagnosed as a local-time export (100% impossible latencies)
payments,PMT-001227,corrected,paid_at shifted +8h to UTC - region PH diagnosed as a local-time export (100% impossible latencies)
payments,PMT-001259,corrected,paid_at shifted +8h to UTC - region PH diagnosed as a local-time export (100% impossible latencies)
payments,PMT-001260,corrected,paid_at shifted +8h to UTC - region PH diagnosed as a local-time export (100% impossible latencies)
payments,PMT-001272,corrected,paid_at shifted +8h to UTC - region PH diagnosed as a local-time export (100% impossible latencies)
payments,PMT-001300,corrected,paid_at shifted +8h to UTC - region PH diagnosed as a local-time export (100% impossible latencies)
payments,PMT-001301,corrected,paid_at shifted +8h to UTC - region PH diagnosed as a local-time export (100% impossible latencies)
payments,PMT-001327,corrected,paid_at shifted +8h to UTC - region PH diagnosed as a local-time export (100% impossible latencies)
payments,PMT-001352,corrected,paid_at shifted +8h to UTC - region PH diagnosed as a local-time export (100% impossible latencies)
payments,PMT-001353,corrected,paid_at shifted +8h to UTC - region PH diagnosed as a local-time export (100% impossible latencies)
payments,PMT-001375,corrected,paid_at shifted +8h to UTC - region PH diagnosed as a local-time export (100% impossible latencies)
payments,PMT-001376,corrected,paid_at shifted +8h to UTC - region PH diagnosed as a local-time export (100% impossible latencies)
payments,PMT-001420,corrected,paid_at shifted +8h to UTC - region PH diagnosed as a local-time export (100% impossible latencies)
payments,PMT-001423,corrected,paid_at shifted +8h to UTC - region PH diagnosed as a local-time export (100% impossible latencies)
payments,PMT-001463,corrected,paid_at shifted +8h to UTC - region PH diagnosed as a local-time export (100% impossible latencies)
payments,PMT-001464,corrected,paid_at shifted +8h to UTC - region PH diagnosed as a local-time export (100% impossible latencies)
payments,PMT-001475,corrected,paid_at shifted +8h to UTC - region PH diagnosed as a local-time export (100% impossible latencies)
payments,PMT-001493,corrected,paid_at shifted +8h to UTC - region PH diagnosed as a local-time export (100% impossible latencies)
payments,PMT-001501,corrected,paid_at shifted +8h to UTC - region PH diagnosed as a local-time export (100% impossible latencies)
payments,PMT-001513,corrected,paid_at shifted +8h to UTC - region PH diagnosed as a local-time export (100% impossible latencies)
payments,PMT-001538,corrected,paid_at shifted +8h to UTC - region PH diagnosed as a local-time export (100% impossible latencies)
payments,PMT-001543,corrected,paid_at shifted +8h to UTC - region PH diagnosed as a local-time export (100% impossible latencies)
payments,PMT-001546,corrected,paid_at shifted +8h to UTC - region PH diagnosed as a local-time export (100% impossible latencies)
payments,PMT-001550,corrected,paid_at shifted +8h to UTC - region PH diagnosed as a local-time export (100% impossible latencies)
payments,PMT-001567,corrected,paid_at shifted +8h to UTC - region PH diagnosed as a local-time export (100% impossible latencies)
payments,PMT-001573,corrected,paid_at shifted +8h to UTC - region PH diagnosed as a local-time export (100% impossible latencies)
payments,PMT-001586,corrected,paid_at shifted +8h to UTC - region PH diagnosed as a local-time export (100% impossible latencies)
payments,PMT-001610,corrected,paid_at shifted +8h to UTC - region PH diagnosed as a local-time export (100% impossible latencies)
payments,PMT-001646,corrected,paid_at shifted +8h to UTC - region PH diagnosed as a local-time export (100% impossible latencies)
payments,PMT-001673,corrected,paid_at shifted +8h to UTC - region PH diagnosed as a local-time export (100% impossible latencies)
payments,PMT-001675,corrected,paid_at shifted +8h to UTC - region PH diagnosed as a local-time export (100% impossible latencies)
payments,PMT-001692,corrected,paid_at shifted +8h to UTC - region PH diagnosed as a local-time export (100% impossible latencies)
payments,PMT-001696,corrected,paid_at shifted +8h to UTC - region PH diagnosed as a local-time export (100% impossible latencies)
payments,PMT-001711,corrected,paid_at shifted +8h to UTC - region PH diagnosed as a local-time export (100% impossible latencies)
payments,PMT-001752,corrected,paid_at shifted +8h to UTC - region PH diagnosed as a local-time export (100% impossible latencies)
payments,PMT-001758,corrected,paid_at shifted +8h to UTC - region PH diagnosed as a local-time export (100% impossible latencies)
payments,PMT-001769,corrected,paid_at shifted +8h to UTC - region PH diagnosed as a local-time export (100% impossible latencies)
payments,PMT-001776,corrected,paid_at shifted +8h to UTC - region PH diagnosed as a local-time export (100% impossible latencies)
payments,PMT-001785,corrected,paid_at shifted +8h to UTC - region PH diagnosed as a local-time export (100% impossible latencies)
payments,PMT-001793,corrected,paid_at shifted +8h to UTC - region PH diagnosed as a local-time export (100% impossible latencies)
payments,PMT-001799,corrected,paid_at shifted +8h to UTC - region PH diagnosed as a local-time export (100% impossible latencies)
payments,PMT-001808,corrected,paid_at shifted +8h to UTC - region PH diagnosed as a local-time export (100% impossible latencies)
payments,PMT-001829,corrected,paid_at shifted +8h to UTC - region PH diagnosed as a local-time export (100% impossible latencies)
payments,PMT-001844,corrected,paid_at shifted +8h to UTC - region PH diagnosed as a local-time export (100% impossible latencies)
payments,PMT-001866,corrected,paid_at shifted +8h to UTC - region PH diagnosed as a local-time export (100% impossible latencies)
payments,PMT-001870,corrected,paid_at shifted +8h to UTC - region PH diagnosed as a local-time export (100% impossible latencies)
payments,PMT-001886,corrected,paid_at shifted +8h to UTC - region PH diagnosed as a local-time export (100% impossible latencies)
payments,PMT-001900,corrected,paid_at shifted +8h to UTC - region PH diagnosed as a local-time export (100% impossible latencies)
payments,PMT-001914,corrected,paid_at shifted +8h to UTC - region PH diagnosed as a local-time export (100% impossible latencies)
payments,PMT-001926,corrected,paid_at shifted +8h to UTC - region PH diagnosed as a local-time export (100% impossible latencies)
payments,PMT-001941,corrected,paid_at shifted +8h to UTC - region PH diagnosed as a local-time export (100% impossible latencies)
payments,PMT-001942,corrected,paid_at shifted +8h to UTC - region PH diagnosed as a local-time export (100% impossible latencies)
payments,PMT-001949,corrected,paid_at shifted +8h to UTC - region PH diagnosed as a local-time export (100% impossible latencies)
payments,PMT-001952,corrected,paid_at shifted +8h to UTC - region PH diagnosed as a local-time export (100% impossible latencies)
payments,PMT-001972,corrected,paid_at shifted +8h to UTC - region PH diagnosed as a local-time export (100% impossible latencies)
payments,PMT-001980,corrected,paid_at shifted +8h to UTC - region PH diagnosed as a local-time export (100% impossible latencies)
payments,PMT-001993,corrected,paid_at shifted +8h to UTC - region PH diagnosed as a local-time export (100% impossible latencies)
payments,PMT-001995,corrected,paid_at shifted +8h to UTC - region PH diagnosed as a local-time export (100% impossible latencies)
payments,PMT-002002,corrected,paid_at shifted +8h to UTC - region PH diagnosed as a local-time export (100% impossible latencies)
payments,PMT-002031,corrected,paid_at shifted +8h to UTC - region PH diagnosed as a local-time export (100% impossible latencies)
payments,PMT-002034,corrected,paid_at shifted +8h to UTC - region PH diagnosed as a local-time export (100% impossible latencies)
payments,PMT-002052,corrected,paid_at shifted +8h to UTC - region PH diagnosed as a local-time export (100% impossible latencies)
payments,PMT-002073,corrected,paid_at shifted +8h to UTC - region PH diagnosed as a local-time export (100% impossible latencies)
payments,PMT-002076,corrected,paid_at shifted +8h to UTC - region PH diagnosed as a local-time export (100% impossible latencies)
payments,PMT-002084,corrected,paid_at shifted +8h to UTC - region PH diagnosed as a local-time export (100% impossible latencies)
payments,PMT-002100,corrected,paid_at shifted +8h to UTC - region PH diagnosed as a local-time export (100% impossible latencies)
payments,PMT-002103,corrected,paid_at shifted +8h to UTC - region PH diagnosed as a local-time export (100% impossible latencies)
payments,PMT-002149,corrected,paid_at shifted +8h to UTC - region PH diagnosed as a local-time export (100% impossible latencies)
payments,PMT-002168,corrected,paid_at shifted +8h to UTC - region PH diagnosed as a local-time export (100% impossible latencies)
payments,PMT-002173,corrected,paid_at shifted +8h to UTC - region PH diagnosed as a local-time export (100% impossible latencies)
payments,PMT-002213,corrected,paid_at shifted +8h to UTC - region PH diagnosed as a local-time export (100% impossible latencies)
payments,PMT-002214,corrected,paid_at shifted +8h to UTC - region PH diagnosed as a local-time export (100% impossible latencies)
payments,PMT-002225,corrected,paid_at shifted +8h to UTC - region PH diagnosed as a local-time export (100% impossible latencies)
payments,PMT-002227,corrected,paid_at shifted +8h to UTC - region PH diagnosed as a local-time export (100% impossible latencies)
payments,PMT-002240,corrected,paid_at shifted +8h to UTC - region PH diagnosed as a local-time export (100% impossible latencies)
payments,PMT-002252,corrected,paid_at shifted +8h to UTC - region PH diagnosed as a local-time export (100% impossible latencies)
payments,PMT-002269,corrected,paid_at shifted +8h to UTC - region PH diagnosed as a local-time export (100% impossible latencies)
payments,PMT-002272,corrected,paid_at shifted +8h to UTC - region PH diagnosed as a local-time export (100% impossible latencies)
payments,PMT-002286,corrected,paid_at shifted +8h to UTC - region PH diagnosed as a local-time export (100% impossible latencies)
payments,PMT-002319,corrected,paid_at shifted +8h to UTC - region PH diagnosed as a local-time export (100% impossible latencies)
payments,PMT-002321,corrected,paid_at shifted +8h to UTC - region PH diagnosed as a local-time export (100% impossible latencies)
payments,PMT-002330,corrected,paid_at shifted +8h to UTC - region PH diagnosed as a local-time export (100% impossible latencies)
payments,PMT-002334,corrected,paid_at shifted +8h to UTC - region PH diagnosed as a local-time export (100% impossible latencies)
payments,PMT-002346,corrected,paid_at shifted +8h to UTC - region PH diagnosed as a local-time export (100% impossible latencies)
payments,PMT-002352,corrected,paid_at shifted +8h to UTC - region PH diagnosed as a local-time export (100% impossible latencies)
payments,PMT-002364,corrected,paid_at shifted +8h to UTC - region PH diagnosed as a local-time export (100% impossible latencies)
payments,PMT-002376,corrected,paid_at shifted +8h to UTC - region PH diagnosed as a local-time export (100% impossible latencies)
payments,PMT-002384,corrected,paid_at shifted +8h to UTC - region PH diagnosed as a local-time export (100% impossible latencies)
payments,PMT-002394,corrected,paid_at shifted +8h to UTC - region PH diagnosed as a local-time export (100% impossible latencies)
payments,PMT-002408,corrected,paid_at shifted +8h to UTC - region PH diagnosed as a local-time export (100% impossible latencies)
payments,PMT-002412,corrected,paid_at shifted +8h to UTC - region PH diagnosed as a local-time export (100% impossible latencies)
payments,PMT-002427,corrected,paid_at shifted +8h to UTC - region PH diagnosed as a local-time export (100% impossible latencies)
payments,PMT-002431,corrected,paid_at shifted +8h to UTC - region PH diagnosed as a local-time export (100% impossible latencies)
payments,PMT-002443,corrected,paid_at shifted +8h to UTC - region PH diagnosed as a local-time export (100% impossible latencies)
payments,PMT-002448,corrected,paid_at shifted +8h to UTC - region PH diagnosed as a local-time export (100% impossible latencies)
payments,PMT-002449,corrected,paid_at shifted +8h to UTC - region PH diagnosed as a local-time export (100% impossible latencies)
payments,PMT-002462,corrected,paid_at shifted +8h to UTC - region PH diagnosed as a local-time export (100% impossible latencies)
payments,PMT-002467,corrected,paid_at shifted +8h to UTC - region PH diagnosed as a local-time export (100% impossible latencies)
payments,PMT-002510,corrected,paid_at shifted +8h to UTC - region PH diagnosed as a local-time export (100% impossible latencies)
payments,PMT-002511,corrected,paid_at shifted +8h to UTC - region PH diagnosed as a local-time export (100% impossible latencies)
payments,PMT-002522,corrected,paid_at shifted +8h to UTC - region PH diagnosed as a local-time export (100% impossible latencies)
payments,PMT-002526,corrected,paid_at shifted +8h to UTC - region PH diagnosed as a local-time export (100% impossible latencies)
payments,PMT-002548,corrected,paid_at shifted +8h to UTC - region PH diagnosed as a local-time export (100% impossible latencies)
payments,PMT-002552,corrected,paid_at shifted +8h to UTC - region PH diagnosed as a local-time export (100% impossible latencies)
payments,PMT-002559,corrected,paid_at shifted +8h to UTC - region PH diagnosed as a local-time export (100% impossible latencies)
payments,PMT-002560,corrected,paid_at shifted +8h to UTC - region PH diagnosed as a local-time export (100% impossible latencies)
payments,PMT-002580,corrected,paid_at shifted +8h to UTC - region PH diagnosed as a local-time export (100% impossible latencies)
payments,PMT-002590,corrected,paid_at shifted +8h to UTC - region PH diagnosed as a local-time export (100% impossible latencies)
payments,PMT-002617,corrected,paid_at shifted +8h to UTC - region PH diagnosed as a local-time export (100% impossible latencies)
payments,PMT-002620,corrected,paid_at shifted +8h to UTC - region PH diagnosed as a local-time export (100% impossible latencies)
payments,PMT-002629,corrected,paid_at shifted +8h to UTC - region PH diagnosed as a local-time export (100% impossible latencies)
payments,PMT-002642,corrected,paid_at shifted +8h to UTC - region PH diagnosed as a local-time export (100% impossible latencies)
payments,PMT-002644,corrected,paid_at shifted +8h to UTC - region PH diagnosed as a local-time export (100% impossible latencies)
payments,PMT-002659,corrected,paid_at shifted +8h to UTC - region PH diagnosed as a local-time export (100% impossible latencies)
payments,PMT-002667,corrected,paid_at shifted +8h to UTC - region PH diagnosed as a local-time export (100% impossible latencies)
payments,PMT-002670,corrected,paid_at shifted +8h to UTC - region PH diagnosed as a local-time export (100% impossible latencies)
payments,PMT-002695,corrected,paid_at shifted +8h to UTC - region PH diagnosed as a local-time export (100% impossible latencies)
payments,PMT-002697,corrected,paid_at shifted +8h to UTC - region PH diagnosed as a local-time export (100% impossible latencies)
payments,PMT-002701,corrected,paid_at shifted +8h to UTC - region PH diagnosed as a local-time export (100% impossible latencies)
payments,PMT-002708,corrected,paid_at shifted +8h to UTC - region PH diagnosed as a local-time export (100% impossible latencies)
payments,PMT-002730,corrected,paid_at shifted +8h to UTC - region PH diagnosed as a local-time export (100% impossible latencies)
payments,PMT-002783,corrected,paid_at shifted +8h to UTC - region PH diagnosed as a local-time export (100% impossible latencies)
payments,PMT-002802,corrected,paid_at shifted +8h to UTC - region PH diagnosed as a local-time export (100% impossible latencies)
payments,PMT-002804,corrected,paid_at shifted +8h to UTC - region PH diagnosed as a local-time export (100% impossible latencies)
payments,PMT-002818,corrected,paid_at shifted +8h to UTC - region PH diagnosed as a local-time export (100% impossible latencies)
payments,PMT-002858,corrected,paid_at shifted +8h to UTC - region PH diagnosed as a local-time export (100% impossible latencies)
payments,PMT-002861,corrected,paid_at shifted +8h to UTC - region PH diagnosed as a local-time export (100% impossible latencies)
payments,PMT-002862,corrected,paid_at shifted +8h to UTC - region PH diagnosed as a local-time export (100% impossible latencies)
payments,PMT-002864,corrected,paid_at shifted +8h to UTC - region PH diagnosed as a local-time export (100% impossible latencies)
payments,PMT-002868,corrected,paid_at shifted +8h to UTC - region PH diagnosed as a local-time export (100% impossible latencies)
payments,PMT-002871,corrected,paid_at shifted +8h to UTC - region PH diagnosed as a local-time export (100% impossible latencies)
payments,PMT-002884,corrected,paid_at shifted +8h to UTC - region PH diagnosed as a local-time export (100% impossible latencies)
payments,PMT-002898,corrected,paid_at shifted +8h to UTC - region PH diagnosed as a local-time export (100% impossible latencies)
payments,PMT-002902,corrected,paid_at shifted +8h to UTC - region PH diagnosed as a local-time export (100% impossible latencies)
payments,PMT-002911,corrected,paid_at shifted +8h to UTC - region PH diagnosed as a local-time export (100% impossible latencies)
payments,PMT-002919,corrected,paid_at shifted +8h to UTC - region PH diagnosed as a local-time export (100% impossible latencies)
payments,PMT-002925,corrected,paid_at shifted +8h to UTC - region PH diagnosed as a local-time export (100% impossible latencies)
payments,PMT-002938,corrected,paid_at shifted +8h to UTC - region PH diagnosed as a local-time export (100% impossible latencies)
payments,PMT-002957,corrected,paid_at shifted +8h to UTC - region PH diagnosed as a local-time export (100% impossible latencies)
payments,PMT-002989,corrected,paid_at shifted +8h to UTC - region PH diagnosed as a local-time export (100% impossible latencies)
payments,PMT-002995,corrected,paid_at shifted +8h to UTC - region PH diagnosed as a local-time export (100% impossible latencies)
payments,PMT-003034,corrected,paid_at shifted +8h to UTC - region PH diagnosed as a local-time export (100% impossible latencies)
payments,PMT-003039,corrected,paid_at shifted +8h to UTC - region PH diagnosed as a local-time export (100% impossible latencies)
payments,PMT-003068,corrected,paid_at shifted +8h to UTC - region PH diagnosed as a local-time export (100% impossible latencies)
payments,PMT-003086,corrected,paid_at shifted +8h to UTC - region PH diagnosed as a local-time export (100% impossible latencies)
payments,PMT-003105,corrected,paid_at shifted +8h to UTC - region PH diagnosed as a local-time export (100% impossible latencies)
payments,PMT-003111,corrected,paid_at shifted +8h to UTC - region PH diagnosed as a local-time export (100% impossible latencies)
payments,PMT-003120,corrected,paid_at shifted +8h to UTC - region PH diagnosed as a local-time export (100% impossible latencies)
payments,PMT-003144,corrected,paid_at shifted +8h to UTC - region PH diagnosed as a local-time export (100% impossible latencies)
payments,PMT-003159,corrected,paid_at shifted +8h to UTC - region PH diagnosed as a local-time export (100% impossible latencies)
payments,PMT-003164,corrected,paid_at shifted +8h to UTC - region PH diagnosed as a local-time export (100% impossible latencies)
payments,PMT-003194,corrected,paid_at shifted +8h to UTC - region PH diagnosed as a local-time export (100% impossible latencies)
payments,PMT-003197,corrected,paid_at shifted +8h to UTC - region PH diagnosed as a local-time export (100% impossible latencies)
payments,PMT-003208,corrected,paid_at shifted +8h to UTC - region PH diagnosed as a local-time export (100% impossible latencies)
payments,PMT-003211,corrected,paid_at shifted +8h to UTC - region PH diagnosed as a local-time export (100% impossible latencies)
payments,PMT-003217,corrected,paid_at shifted +8h to UTC - region PH diagnosed as a local-time export (100% impossible latencies)
payments,PMT-003220,corrected,paid_at shifted +8h to UTC - region PH diagnosed as a local-time export (100% impossible latencies)
payments,PMT-003224,corrected,paid_at shifted +8h to UTC - region PH diagnosed as a local-time export (100% impossible latencies)
payments,PMT-003229,corrected,paid_at shifted +8h to UTC - region PH diagnosed as a local-time export (100% impossible latencies)
payments,PMT-003239,corrected,paid_at shifted +8h to UTC - region PH diagnosed as a local-time export (100% impossible latencies)
payments,PMT-003241,corrected,paid_at shifted +8h to UTC - region PH diagnosed as a local-time export (100% impossible latencies)
payments,PMT-003255,corrected,paid_at shifted +8h to UTC - region PH diagnosed as a local-time export (100% impossible latencies)
payments,PMT-003267,corrected,paid_at shifted +8h to UTC - region PH diagnosed as a local-time export (100% impossible latencies)
payments,PMT-003270,corrected,paid_at shifted +8h to UTC - region PH diagnosed as a local-time export (100% impossible latencies)
payments,PMT-003272,corrected,paid_at shifted +8h to UTC - region PH diagnosed as a local-time export (100% impossible latencies)
payments,PMT-003278,corrected,paid_at shifted +8h to UTC - region PH diagnosed as a local-time export (100% impossible latencies)
payments,PMT-003285,corrected,paid_at shifted +8h to UTC - region PH diagnosed as a local-time export (100% impossible latencies)
payments,PMT-003299,corrected,paid_at shifted +8h to UTC - region PH diagnosed as a local-time export (100% impossible latencies)
payments,PMT-003300,corrected,paid_at shifted +8h to UTC - region PH diagnosed as a local-time export (100% impossible latencies)
payments,PMT-003306,corrected,paid_at shifted +8h to UTC - region PH diagnosed as a local-time export (100% impossible latencies)
payments,PMT-003307,corrected,paid_at shifted +8h to UTC - region PH diagnosed as a local-time export (100% impossible latencies)
payments,PMT-003373,corrected,paid_at shifted +8h to UTC - region PH diagnosed as a local-time export (100% impossible latencies)
payments,PMT-003388,corrected,paid_at shifted +8h to UTC - region PH diagnosed as a local-time export (100% impossible latencies)
payments,PMT-003395,corrected,paid_at shifted +8h to UTC - region PH diagnosed as a local-time export (100% impossible latencies)
payments,PMT-003405,corrected,paid_at shifted +8h to UTC - region PH diagnosed as a local-time export (100% impossible latencies)
payments,PMT-003433,corrected,paid_at shifted +8h to UTC - region PH diagnosed as a local-time export (100% impossible latencies)
payments,PMT-003446,corrected,paid_at shifted +8h to UTC - region PH diagnosed as a local-time export (100% impossible latencies)
payments,PMT-003493,corrected,paid_at shifted +8h to UTC - region PH diagnosed as a local-time export (100% impossible latencies)
payments,PMT-003503,corrected,paid_at shifted +8h to UTC - region PH diagnosed as a local-time export (100% impossible latencies)
payments,PMT-003520,corrected,paid_at shifted +8h to UTC - region PH diagnosed as a local-time export (100% impossible latencies)
payments,PMT-003523,corrected,paid_at shifted +8h to UTC - region PH diagnosed as a local-time export (100% impossible latencies)
payments,PMT-003552,corrected,paid_at shifted +8h to UTC - region PH diagnosed as a local-time export (100% impossible latencies)
payments,PMT-003576,corrected,paid_at shifted +8h to UTC - region PH diagnosed as a local-time export (100% impossible latencies)
payments,PMT-003592,corrected,paid_at shifted +8h to UTC - region PH diagnosed as a local-time export (100% impossible latencies)
payments,PMT-003596,corrected,paid_at shifted +8h to UTC - region PH diagnosed as a local-time export (100% impossible latencies)
payments,PMT-003599,corrected,paid_at shifted +8h to UTC - region PH diagnosed as a local-time export (100% impossible latencies)
payments,PMT-003600,corrected,paid_at shifted +8h to UTC - region PH diagnosed as a local-time export (100% impossible latencies)
payments,PMT-003606,corrected,paid_at shifted +8h to UTC - region PH diagnosed as a local-time export (100% impossible latencies)
payments,PMT-003632,corrected,paid_at shifted +8h to UTC - region PH diagnosed as a local-time export (100% impossible latencies)
payments,PMT-003649,corrected,paid_at shifted +8h to UTC - region PH diagnosed as a local-time export (100% impossible latencies)
payments,PMT-003654,corrected,paid_at shifted +8h to UTC - region PH diagnosed as a local-time export (100% impossible latencies)
payments,PMT-003674,corrected,paid_at shifted +8h to UTC - region PH diagnosed as a local-time export (100% impossible latencies)
payments,PMT-003678,corrected,paid_at shifted +8h to UTC - region PH diagnosed as a local-time export (100% impossible latencies)
payments,PMT-003686,corrected,paid_at shifted +8h to UTC - region PH diagnosed as a local-time export (100% impossible latencies)
payments,PMT-003712,corrected,paid_at shifted +8h to UTC - region PH diagnosed as a local-time export (100% impossible latencies)
payments,PMT-003724,corrected,paid_at shifted +8h to UTC - region PH diagnosed as a local-time export (100% impossible latencies)
payments,PMT-003748,corrected,paid_at shifted +8h to UTC - region PH diagnosed as a local-time export (100% impossible latencies)
payments,PMT-003760,corrected,paid_at shifted +8h to UTC - region PH diagnosed as a local-time export (100% impossible latencies)
payments,PMT-003763,corrected,paid_at shifted +8h to UTC - region PH diagnosed as a local-time export (100% impossible latencies)
payments,PMT-003764,corrected,paid_at shifted +8h to UTC - region PH diagnosed as a local-time export (100% impossible latencies)
payments,PMT-003787,corrected,paid_at shifted +8h to UTC - region PH diagnosed as a local-time export (100% impossible latencies)
payments,PMT-003790,corrected,paid_at shifted +8h to UTC - region PH diagnosed as a local-time export (100% impossible latencies)
payments,PMT-003800,corrected,paid_at shifted +8h to UTC - region PH diagnosed as a local-time export (100% impossible latencies)
payments,PMT-003806,corrected,paid_at shifted +8h to UTC - region PH diagnosed as a local-time export (100% impossible latencies)
payments,PMT-003816,corrected,paid_at shifted +8h to UTC - region PH diagnosed as a local-time export (100% impossible latencies)
payments,PMT-003824,corrected,paid_at shifted +8h to UTC - region PH diagnosed as a local-time export (100% impossible latencies)
payments,PMT-003840,corrected,paid_at shifted +8h to UTC - region PH diagnosed as a local-time export (100% impossible latencies)
payments,PMT-003885,corrected,paid_at shifted +8h to UTC - region PH diagnosed as a local-time export (100% impossible latencies)
payments,PMT-003907,corrected,paid_at shifted +8h to UTC - region PH diagnosed as a local-time export (100% impossible latencies)
payments,PMT-003909,corrected,paid_at shifted +8h to UTC - region PH diagnosed as a local-time export (100% impossible latencies)
payments,PMT-003910,corrected,paid_at shifted +8h to UTC - region PH diagnosed as a local-time export (100% impossible latencies)
payments,PMT-003919,corrected,paid_at shifted +8h to UTC - region PH diagnosed as a local-time export (100% impossible latencies)
payments,PMT-003938,corrected,paid_at shifted +8h to UTC - region PH diagnosed as a local-time export (100% impossible latencies)
payments,PMT-003969,corrected,paid_at shifted +8h to UTC - region PH diagnosed as a local-time export (100% impossible latencies)
payments,PMT-003981,corrected,paid_at shifted +8h to UTC - region PH diagnosed as a local-time export (100% impossible latencies)
payments,PMT-003986,corrected,paid_at shifted +8h to UTC - region PH diagnosed as a local-time export (100% impossible latencies)
payments,PMT-003993,corrected,paid_at shifted +8h to UTC - region PH diagnosed as a local-time export (100% impossible latencies)
payments,PMT-004019,corrected,paid_at shifted +8h to UTC - region PH diagnosed as a local-time export (100% impossible latencies)
payments,PMT-004021,corrected,paid_at shifted +8h to UTC - region PH diagnosed as a local-time export (100% impossible latencies)
payments,PMT-004033,corrected,paid_at shifted +8h to UTC - region PH diagnosed as a local-time export (100% impossible latencies)
payments,PMT-004038,corrected,paid_at shifted +8h to UTC - region PH diagnosed as a local-time export (100% impossible latencies)
payments,PMT-004043,corrected,paid_at shifted +8h to UTC - region PH diagnosed as a local-time export (100% impossible latencies)
payments,PMT-004048,corrected,paid_at shifted +8h to UTC - region PH diagnosed as a local-time export (100% impossible latencies)
payments,PMT-004058,corrected,paid_at shifted +8h to UTC - region PH diagnosed as a local-time export (100% impossible latencies)
payments,PMT-004063,corrected,paid_at shifted +8h to UTC - region PH diagnosed as a local-time export (100% impossible latencies)
payments,PMT-004070,corrected,paid_at shifted +8h to UTC - region PH diagnosed as a local-time export (100% impossible latencies)
payments,PMT-004074,corrected,paid_at shifted +8h to UTC - region PH diagnosed as a local-time export (100% impossible latencies)
payments,PMT-004078,corrected,paid_at shifted +8h to UTC - region PH diagnosed as a local-time export (100% impossible latencies)
payments,PMT-004094,corrected,paid_at shifted +8h to UTC - region PH diagnosed as a local-time export (100% impossible latencies)
payments,PMT-004097,corrected,paid_at shifted +8h to UTC - region PH diagnosed as a local-time export (100% impossible latencies)
payments,PMT-004104,corrected,paid_at shifted +8h to UTC - region PH diagnosed as a local-time export (100% impossible latencies)
payments,PMT-004108,corrected,paid_at shifted +8h to UTC - region PH diagnosed as a local-time export (100% impossible latencies)
payments,PMT-004134,corrected,paid_at shifted +8h to UTC - region PH diagnosed as a local-time export (100% impossible latencies)
payments,PMT-004148,corrected,paid_at shifted +8h to UTC - region PH diagnosed as a local-time export (100% impossible latencies)
payments,PMT-004168,corrected,paid_at shifted +8h to UTC - region PH diagnosed as a local-time export (100% impossible latencies)
payments,PMT-004172,corrected,paid_at shifted +8h to UTC - region PH diagnosed as a local-time export (100% impossible latencies)
payments,PMT-004185,corrected,paid_at shifted +8h to UTC - region PH diagnosed as a local-time export (100% impossible latencies)
payments,PMT-004195,corrected,paid_at shifted +8h to UTC - region PH diagnosed as a local-time export (100% impossible latencies)
payments,PMT-004209,corrected,paid_at shifted +8h to UTC - region PH diagnosed as a local-time export (100% impossible latencies)
payments,PMT-004215,corrected,paid_at shifted +8h to UTC - region PH diagnosed as a local-time export (100% impossible latencies)
payments,PMT-004222,corrected,paid_at shifted +8h to UTC - region PH diagnosed as a local-time export (100% impossible latencies)
payments,PMT-004250,corrected,paid_at shifted +8h to UTC - region PH diagnosed as a local-time export (100% impossible latencies)
payments,PMT-004265,corrected,paid_at shifted +8h to UTC - region PH diagnosed as a local-time export (100% impossible latencies)
payments,PMT-004267,corrected,paid_at shifted +8h to UTC - region PH diagnosed as a local-time export (100% impossible latencies)
payments,PMT-004268,corrected,paid_at shifted +8h to UTC - region PH diagnosed as a local-time export (100% impossible latencies)
payments,PMT-004269,corrected,paid_at shifted +8h to UTC - region PH diagnosed as a local-time export (100% impossible latencies)
payments,PMT-004274,corrected,paid_at shifted +8h to UTC - region PH diagnosed as a local-time export (100% impossible latencies)
payments,PMT-004305,corrected,paid_at shifted +8h to UTC - region PH diagnosed as a local-time export (100% impossible latencies)
payments,PMT-004311,corrected,paid_at shifted +8h to UTC - region PH diagnosed as a local-time export (100% impossible latencies)
payments,PMT-004314,corrected,paid_at shifted +8h to UTC - region PH diagnosed as a local-time export (100% impossible latencies)
payments,PMT-004338,corrected,paid_at shifted +8h to UTC - region PH diagnosed as a local-time export (100% impossible latencies)
payments,PMT-004344,corrected,paid_at shifted +8h to UTC - region PH diagnosed as a local-time export (100% impossible latencies)
payments,PMT-004353,corrected,paid_at shifted +8h to UTC - region PH diagnosed as a local-time export (100% impossible latencies)
payments,PMT-004373,corrected,paid_at shifted +8h to UTC - region PH diagnosed as a local-time export (100% impossible latencies)
payments,PMT-004381,corrected,paid_at shifted +8h to UTC - region PH diagnosed as a local-time export (100% impossible latencies)
payments,PMT-004392,corrected,paid_at shifted +8h to UTC - region PH diagnosed as a local-time export (100% impossible latencies)
payments,PMT-004400,corrected,paid_at shifted +8h to UTC - region PH diagnosed as a local-time export (100% impossible latencies)
payments,PMT-004404,corrected,paid_at shifted +8h to UTC - region PH diagnosed as a local-time export (100% impossible latencies)
payments,PMT-004440,corrected,paid_at shifted +8h to UTC - region PH diagnosed as a local-time export (100% impossible latencies)
payments,PMT-004444,corrected,paid_at shifted +8h to UTC - region PH diagnosed as a local-time export (100% impossible latencies)
payments,PMT-004464,corrected,paid_at shifted +8h to UTC - region PH diagnosed as a local-time export (100% impossible latencies)
payments,PMT-004468,corrected,paid_at shifted +8h to UTC - region PH diagnosed as a local-time export (100% impossible latencies)
payments,PMT-004475,corrected,paid_at shifted +8h to UTC - region PH diagnosed as a local-time export (100% impossible latencies)
payments,PMT-004504,corrected,paid_at shifted +8h to UTC - region PH diagnosed as a local-time export (100% impossible latencies)
payments,PMT-004514,corrected,paid_at shifted +8h to UTC - region PH diagnosed as a local-time export (100% impossible latencies)
payments,PMT-004532,corrected,paid_at shifted +8h to UTC - region PH diagnosed as a local-time export (100% impossible latencies)
payments,PMT-004537,corrected,paid_at shifted +8h to UTC - region PH diagnosed as a local-time export (100% impossible latencies)
payments,PMT-004542,corrected,paid_at shifted +8h to UTC - region PH diagnosed as a local-time export (100% impossible latencies)
payments,PMT-004546,corrected,paid_at shifted +8h to UTC - region PH diagnosed as a local-time export (100% impossible latencies)
payments,PMT-004554,corrected,paid_at shifted +8h to UTC - region PH diagnosed as a local-time export (100% impossible latencies)
payments,PMT-004564,corrected,paid_at shifted +8h to UTC - region PH diagnosed as a local-time export (100% impossible latencies)
payments,PMT-004568,corrected,paid_at shifted +8h to UTC - region PH diagnosed as a local-time export (100% impossible latencies)
payments,PMT-004570,corrected,paid_at shifted +8h to UTC - region PH diagnosed as a local-time export (100% impossible latencies)
payments,PMT-004583,corrected,paid_at shifted +8h to UTC - region PH diagnosed as a local-time export (100% impossible latencies)
payments,PMT-004598,corrected,paid_at shifted +8h to UTC - region PH diagnosed as a local-time export (100% impossible latencies)
payments,PMT-004610,corrected,paid_at shifted +8h to UTC - region PH diagnosed as a local-time export (100% impossible latencies)
payments,PMT-004615,corrected,paid_at shifted +8h to UTC - region PH diagnosed as a local-time export (100% impossible latencies)
payments,PMT-004627,corrected,paid_at shifted +8h to UTC - region PH diagnosed as a local-time export (100% impossible latencies)
payments,PMT-004629,corrected,paid_at shifted +8h to UTC - region PH diagnosed as a local-time export (100% impossible latencies)
payments,PMT-004650,corrected,paid_at shifted +8h to UTC - region PH diagnosed as a local-time export (100% impossible latencies)
payments,PMT-004677,corrected,paid_at shifted +8h to UTC - region PH diagnosed as a local-time export (100% impossible latencies)
payments,PMT-004715,corrected,paid_at shifted +8h to UTC - region PH diagnosed as a local-time export (100% impossible latencies)
payments,PMT-004716,corrected,paid_at shifted +8h to UTC - region PH diagnosed as a local-time export (100% impossible latencies)
payments,PMT-004720,corrected,paid_at shifted +8h to UTC - region PH diagnosed as a local-time export (100% impossible latencies)
payments,PMT-004724,corrected,paid_at shifted +8h to UTC - region PH diagnosed as a local-time export (100% impossible latencies)
payments,PMT-004727,corrected,paid_at shifted +8h to UTC - region PH diagnosed as a local-time export (100% impossible latencies)
payments,PMT-004735,corrected,paid_at shifted +8h to UTC - region PH diagnosed as a local-time export (100% impossible latencies)
payments,PMT-004743,corrected,paid_at shifted +8h to UTC - region PH diagnosed as a local-time export (100% impossible latencies)
payments,PMT-004748,corrected,paid_at shifted +8h to UTC - region PH diagnosed as a local-time export (100% impossible latencies)
payments,PMT-004755,corrected,paid_at shifted +8h to UTC - region PH diagnosed as a local-time export (100% impossible latencies)
payments,PMT-004758,corrected,paid_at shifted +8h to UTC - region PH diagnosed as a local-time export (100% impossible latencies)
payments,PMT-004760,corrected,paid_at shifted +8h to UTC - region PH diagnosed as a local-time export (100% impossible latencies)
payments,PMT-004764,corrected,paid_at shifted +8h to UTC - region PH diagnosed as a local-time export (100% impossible latencies)
payments,PMT-004783,corrected,paid_at shifted +8h to UTC - region PH diagnosed as a local-time export (100% impossible latencies)
payments,PMT-004793,corrected,paid_at shifted +8h to UTC - region PH diagnosed as a local-time export (100% impossible latencies)
payments,PMT-004801,corrected,paid_at shifted +8h to UTC - region PH diagnosed as a local-time export (100% impossible latencies)
payments,PMT-004808,corrected,paid_at shifted +8h to UTC - region PH diagnosed as a local-time export (100% impossible latencies)
payments,PMT-004810,corrected,paid_at shifted +8h to UTC - region PH diagnosed as a local-time export (100% impossible latencies)
payments,PMT-004819,corrected,paid_at shifted +8h to UTC - region PH diagnosed as a local-time export (100% impossible latencies)
payments,PMT-004840,corrected,paid_at shifted +8h to UTC - region PH diagnosed as a local-time export (100% impossible latencies)
payments,PMT-004876,corrected,paid_at shifted +8h to UTC - region PH diagnosed as a local-time export (100% impossible latencies)
payments,PMT-004880,corrected,paid_at shifted +8h to UTC - region PH diagnosed as a local-time export (100% impossible latencies)
payments,PMT-004882,corrected,paid_at shifted +8h to UTC - region PH diagnosed as a local-time export (100% impossible latencies)
payments,PMT-004892,corrected,paid_at shifted +8h to UTC - region PH diagnosed as a local-time export (100% impossible latencies)
payments,PMT-004894,corrected,paid_at shifted +8h to UTC - region PH diagnosed as a local-time export (100% impossible latencies)
payments,PMT-004903,corrected,paid_at shifted +8h to UTC - region PH diagnosed as a local-time export (100% impossible latencies)
payments,PMT-004905,corrected,paid_at shifted +8h to UTC - region PH diagnosed as a local-time export (100% impossible latencies)
payments,PMT-004919,corrected,paid_at shifted +8h to UTC - region PH diagnosed as a local-time export (100% impossible latencies)
payments,PMT-004924,corrected,paid_at shifted +8h to UTC - region PH diagnosed as a local-time export (100% impossible latencies)
payments,PMT-004929,corrected,paid_at shifted +8h to UTC - region PH diagnosed as a local-time export (100% impossible latencies)
payments,PMT-004934,corrected,paid_at shifted +8h to UTC - region PH diagnosed as a local-time export (100% impossible latencies)
payments,PMT-004935,corrected,paid_at shifted +8h to UTC - region PH diagnosed as a local-time export (100% impossible latencies)
payments,PMT-004961,corrected,paid_at shifted +8h to UTC - region PH diagnosed as a local-time export (100% impossible latencies)
payments,PMT-004962,corrected,paid_at shifted +8h to UTC - region PH diagnosed as a local-time export (100% impossible latencies)
payments,PMT-004964,corrected,paid_at shifted +8h to UTC - region PH diagnosed as a local-time export (100% impossible latencies)
payments,PMT-004970,corrected,paid_at shifted +8h to UTC - region PH diagnosed as a local-time export (100% impossible latencies)
payments,PMT-004992,corrected,paid_at shifted +8h to UTC - region PH diagnosed as a local-time export (100% impossible latencies)
payments,PMT-005076,corrected,paid_at shifted +8h to UTC - region PH diagnosed as a local-time export (100% impossible latencies)
payments,PMT-005092,corrected,paid_at shifted +8h to UTC - region PH diagnosed as a local-time export (100% impossible latencies)
payments,PMT-005099,corrected,paid_at shifted +8h to UTC - region PH diagnosed as a local-time export (100% impossible latencies)
payments,PMT-005114,corrected,paid_at shifted +8h to UTC - region PH diagnosed as a local-time export (100% impossible latencies)
payments,PMT-005120,corrected,paid_at shifted +8h to UTC - region PH diagnosed as a local-time export (100% impossible latencies)
payments,PMT-005131,corrected,paid_at shifted +8h to UTC - region PH diagnosed as a local-time export (100% impossible latencies)
payments,PMT-005139,corrected,paid_at shifted +8h to UTC - region PH diagnosed as a local-time export (100% impossible latencies)
payments,PMT-005142,corrected,paid_at shifted +8h to UTC - region PH diagnosed as a local-time export (100% impossible latencies)
payments,PMT-005144,corrected,paid_at shifted +8h to UTC - region PH diagnosed as a local-time export (100% impossible latencies)
payments,PMT-005178,corrected,paid_at shifted +8h to UTC - region PH diagnosed as a local-time export (100% impossible latencies)
payments,PMT-005213,corrected,paid_at shifted +8h to UTC - region PH diagnosed as a local-time export (100% impossible latencies)
payments,PMT-005215,corrected,paid_at shifted +8h to UTC - region PH diagnosed as a local-time export (100% impossible latencies)
payments,PMT-005243,corrected,paid_at shifted +8h to UTC - region PH diagnosed as a local-time export (100% impossible latencies)
payments,PMT-005244,corrected,paid_at shifted +8h to UTC - region PH diagnosed as a local-time export (100% impossible latencies)
payments,PMT-005249,corrected,paid_at shifted +8h to UTC - region PH diagnosed as a local-time export (100% impossible latencies)
payments,PMT-005267,corrected,paid_at shifted +8h to UTC - region PH diagnosed as a local-time export (100% impossible latencies)
payments,PMT-005273,corrected,paid_at shifted +8h to UTC - region PH diagnosed as a local-time export (100% impossible latencies)
payments,PMT-005282,corrected,paid_at shifted +8h to UTC - region PH diagnosed as a local-time export (100% impossible latencies)
payments,PMT-005306,corrected,paid_at shifted +8h to UTC - region PH diagnosed as a local-time export (100% impossible latencies)
payments,PMT-005309,corrected,paid_at shifted +8h to UTC - region PH diagnosed as a local-time export (100% impossible latencies)
payments,PMT-005310,corrected,paid_at shifted +8h to UTC - region PH diagnosed as a local-time export (100% impossible latencies)
payments,PMT-005337,corrected,paid_at shifted +8h to UTC - region PH diagnosed as a local-time export (100% impossible latencies)
payments,PMT-005341,corrected,paid_at shifted +8h to UTC - region PH diagnosed as a local-time export (100% impossible latencies)
payments,PMT-005346,corrected,paid_at shifted +8h to UTC - region PH diagnosed as a local-time export (100% impossible latencies)
payments,PMT-005372,corrected,paid_at shifted +8h to UTC - region PH diagnosed as a local-time export (100% impossible latencies)
payments,PMT-005379,corrected,paid_at shifted +8h to UTC - region PH diagnosed as a local-time export (100% impossible latencies)
payments,PMT-005380,corrected,paid_at shifted +8h to UTC - region PH diagnosed as a local-time export (100% impossible latencies)
payments,PMT-005398,corrected,paid_at shifted +8h to UTC - region PH diagnosed as a local-time export (100% impossible latencies)
payments,PMT-005409,corrected,paid_at shifted +8h to UTC - region PH diagnosed as a local-time export (100% impossible latencies)
payments,PMT-005416,corrected,paid_at shifted +8h to UTC - region PH diagnosed as a local-time export (100% impossible latencies)
payments,PMT-005431,corrected,paid_at shifted +8h to UTC - region PH diagnosed as a local-time export (100% impossible latencies)
payments,PMT-005442,corrected,paid_at shifted +8h to UTC - region PH diagnosed as a local-time export (100% impossible latencies)
payments,PMT-005459,corrected,paid_at shifted +8h to UTC - region PH diagnosed as a local-time export (100% impossible latencies)
payments,PMT-005473,corrected,paid_at shifted +8h to UTC - region PH diagnosed as a local-time export (100% impossible latencies)
payments,PMT-005474,corrected,paid_at shifted +8h to UTC - region PH diagnosed as a local-time export (100% impossible latencies)
payments,PMT-005486,corrected,paid_at shifted +8h to UTC - region PH diagnosed as a local-time export (100% impossible latencies)
payments,PMT-005498,corrected,paid_at shifted +8h to UTC - region PH diagnosed as a local-time export (100% impossible latencies)
payments,PMT-005521,corrected,paid_at shifted +8h to UTC - region PH diagnosed as a local-time export (100% impossible latencies)
payments,PMT-005543,corrected,paid_at shifted +8h to UTC - region PH diagnosed as a local-time export (100% impossible latencies)
payments,PMT-005550,corrected,paid_at shifted +8h to UTC - region PH diagnosed as a local-time export (100% impossible latencies)
payments,PMT-005561,corrected,paid_at shifted +8h to UTC - region PH diagnosed as a local-time export (100% impossible latencies)
payments,PMT-005562,corrected,paid_at shifted +8h to UTC - region PH diagnosed as a local-time export (100% impossible latencies)
payments,PMT-005565,corrected,paid_at shifted +8h to UTC - region PH diagnosed as a local-time export (100% impossible latencies)
payments,PMT-005581,corrected,paid_at shifted +8h to UTC - region PH diagnosed as a local-time export (100% impossible latencies)
payments,PMT-005587,corrected,paid_at shifted +8h to UTC - region PH diagnosed as a local-time export (100% impossible latencies)
payments,PMT-005588,corrected,paid_at shifted +8h to UTC - region PH diagnosed as a local-time export (100% impossible latencies)
payments,PMT-005630,corrected,paid_at shifted +8h to UTC - region PH diagnosed as a local-time export (100% impossible latencies)
payments,PMT-005632,corrected,paid_at shifted +8h to UTC - region PH diagnosed as a local-time export (100% impossible latencies)
payments,PMT-005639,corrected,paid_at shifted +8h to UTC - region PH diagnosed as a local-time export (100% impossible latencies)
payments,PMT-005651,corrected,paid_at shifted +8h to UTC - region PH diagnosed as a local-time export (100% impossible latencies)
payments,PMT-005658,corrected,paid_at shifted +8h to UTC - region PH diagnosed as a local-time export (100% impossible latencies)
payments,PMT-005664,corrected,paid_at shifted +8h to UTC - region PH diagnosed as a local-time export (100% impossible latencies)
payments,PMT-005678,corrected,paid_at shifted +8h to UTC - region PH diagnosed as a local-time export (100% impossible latencies)
payments,PMT-005686,corrected,paid_at shifted +8h to UTC - region PH diagnosed as a local-time export (100% impossible latencies)
payments,PMT-005697,corrected,paid_at shifted +8h to UTC - region PH diagnosed as a local-time export (100% impossible latencies)
payments,PMT-005712,corrected,paid_at shifted +8h to UTC - region PH diagnosed as a local-time export (100% impossible latencies)
payments,PMT-005716,corrected,paid_at shifted +8h to UTC - region PH diagnosed as a local-time export (100% impossible latencies)
payments,PMT-005729,corrected,paid_at shifted +8h to UTC - region PH diagnosed as a local-time export (100% impossible latencies)
payments,PMT-005800,corrected,paid_at shifted +8h to UTC - region PH diagnosed as a local-time export (100% impossible latencies)
payments,PMT-005806,corrected,paid_at shifted +8h to UTC - region PH diagnosed as a local-time export (100% impossible latencies)
payments,PMT-005816,corrected,paid_at shifted +8h to UTC - region PH diagnosed as a local-time export (100% impossible latencies)
payments,PMT-005837,corrected,paid_at shifted +8h to UTC - region PH diagnosed as a local-time export (100% impossible latencies)
payments,PMT-005897,corrected,paid_at shifted +8h to UTC - region PH diagnosed as a local-time export (100% impossible latencies)
payments,PMT-005906,corrected,paid_at shifted +8h to UTC - region PH diagnosed as a local-time export (100% impossible latencies)
payments,PMT-005923,corrected,paid_at shifted +8h to UTC - region PH diagnosed as a local-time export (100% impossible latencies)
payments,PMT-005944,corrected,paid_at shifted +8h to UTC - region PH diagnosed as a local-time export (100% impossible latencies)
payments,PMT-005951,corrected,paid_at shifted +8h to UTC - region PH diagnosed as a local-time export (100% impossible latencies)
payments,PMT-006001,corrected,paid_at shifted +8h to UTC - region PH diagnosed as a local-time export (100% impossible latencies)
payments,PMT-006005,corrected,paid_at shifted +8h to UTC - region PH diagnosed as a local-time export (100% impossible latencies)
payments,PMT-006037,corrected,paid_at shifted +8h to UTC - region PH diagnosed as a local-time export (100% impossible latencies)
payments,PMT-006050,corrected,paid_at shifted +8h to UTC - region PH diagnosed as a local-time export (100% impossible latencies)
payments,PMT-006054,corrected,paid_at shifted +8h to UTC - region PH diagnosed as a local-time export (100% impossible latencies)
payments,PMT-006080,corrected,paid_at shifted +8h to UTC - region PH diagnosed as a local-time export (100% impossible latencies)
payments,PMT-006094,corrected,paid_at shifted +8h to UTC - region PH diagnosed as a local-time export (100% impossible latencies)
payments,PMT-006107,corrected,paid_at shifted +8h to UTC - region PH diagnosed as a local-time export (100% impossible latencies)
payments,PMT-006125,corrected,paid_at shifted +8h to UTC - region PH diagnosed as a local-time export (100% impossible latencies)
payments,PMT-006126,corrected,paid_at shifted +8h to UTC - region PH diagnosed as a local-time export (100% impossible latencies)
payments,PMT-006127,corrected,paid_at shifted +8h to UTC - region PH diagnosed as a local-time export (100% impossible latencies)
payments,PMT-006130,corrected,paid_at shifted +8h to UTC - region PH diagnosed as a local-time export (100% impossible latencies)
payments,PMT-006150,corrected,paid_at shifted +8h to UTC - region PH diagnosed as a local-time export (100% impossible latencies)
payments,PMT-006169,corrected,paid_at shifted +8h to UTC - region PH diagnosed as a local-time export (100% impossible latencies)
payments,PMT-006181,corrected,paid_at shifted +8h to UTC - region PH diagnosed as a local-time export (100% impossible latencies)
payments,PMT-006201,corrected,paid_at shifted +8h to UTC - region PH diagnosed as a local-time export (100% impossible latencies)
payments,PMT-006203,corrected,paid_at shifted +8h to UTC - region PH diagnosed as a local-time export (100% impossible latencies)
payments,PMT-006230,corrected,paid_at shifted +8h to UTC - region PH diagnosed as a local-time export (100% impossible latencies)
payments,PMT-006234,corrected,paid_at shifted +8h to UTC - region PH diagnosed as a local-time export (100% impossible latencies)
payments,PMT-006238,corrected,paid_at shifted +8h to UTC - region PH diagnosed as a local-time export (100% impossible latencies)
payments,PMT-006241,corrected,paid_at shifted +8h to UTC - region PH diagnosed as a local-time export (100% impossible latencies)
payments,PMT-006249,corrected,paid_at shifted +8h to UTC - region PH diagnosed as a local-time export (100% impossible latencies)
payments,PMT-006257,corrected,paid_at shifted +8h to UTC - region PH diagnosed as a local-time export (100% impossible latencies)
payments,PMT-006267,corrected,paid_at shifted +8h to UTC - region PH diagnosed as a local-time export (100% impossible latencies)
payments,PMT-006270,corrected,paid_at shifted +8h to UTC - region PH diagnosed as a local-time export (100% impossible latencies)
payments,PMT-006281,corrected,paid_at shifted +8h to UTC - region PH diagnosed as a local-time export (100% impossible latencies)
payments,PMT-006298,corrected,paid_at shifted +8h to UTC - region PH diagnosed as a local-time export (100% impossible latencies)
payments,PMT-006301,corrected,paid_at shifted +8h to UTC - region PH diagnosed as a local-time export (100% impossible latencies)
payments,PMT-006303,corrected,paid_at shifted +8h to UTC - region PH diagnosed as a local-time export (100% impossible latencies)
payments,PMT-006322,corrected,paid_at shifted +8h to UTC - region PH diagnosed as a local-time export (100% impossible latencies)
payments,PMT-006339,corrected,paid_at shifted +8h to UTC - region PH diagnosed as a local-time export (100% impossible latencies)
payments,PMT-006344,corrected,paid_at shifted +8h to UTC - region PH diagnosed as a local-time export (100% impossible latencies)
payments,PMT-006348,corrected,paid_at shifted +8h to UTC - region PH diagnosed as a local-time export (100% impossible latencies)
payments,PMT-006357,corrected,paid_at shifted +8h to UTC - region PH diagnosed as a local-time export (100% impossible latencies)
payments,PMT-006404,corrected,paid_at shifted +8h to UTC - region PH diagnosed as a local-time export (100% impossible latencies)
payments,PMT-006408,corrected,paid_at shifted +8h to UTC - region PH diagnosed as a local-time export (100% impossible latencies)
payments,PMT-006430,corrected,paid_at shifted +8h to UTC - region PH diagnosed as a local-time export (100% impossible latencies)
payments,PMT-006432,corrected,paid_at shifted +8h to UTC - region PH diagnosed as a local-time export (100% impossible latencies)
payments,PMT-006438,corrected,paid_at shifted +8h to UTC - region PH diagnosed as a local-time export (100% impossible latencies)
payments,PMT-006441,corrected,paid_at shifted +8h to UTC - region PH diagnosed as a local-time export (100% impossible latencies)
payments,PMT-006450,corrected,paid_at shifted +8h to UTC - region PH diagnosed as a local-time export (100% impossible latencies)
payments,PMT-006466,corrected,paid_at shifted +8h to UTC - region PH diagnosed as a local-time export (100% impossible latencies)
payments,PMT-006479,corrected,paid_at shifted +8h to UTC - region PH diagnosed as a local-time export (100% impossible latencies)
payments,PMT-006497,corrected,paid_at shifted +8h to UTC - region PH diagnosed as a local-time export (100% impossible latencies)
payments,PMT-006507,corrected,paid_at shifted +8h to UTC - region PH diagnosed as a local-time export (100% impossible latencies)
payments,PMT-006514,corrected,paid_at shifted +8h to UTC - region PH diagnosed as a local-time export (100% impossible latencies)
payments,PMT-006525,corrected,paid_at shifted +8h to UTC - region PH diagnosed as a local-time export (100% impossible latencies)
payments,PMT-006531,corrected,paid_at shifted +8h to UTC - region PH diagnosed as a local-time export (100% impossible latencies)
payments,PMT-006533,corrected,paid_at shifted +8h to UTC - region PH diagnosed as a local-time export (100% impossible latencies)
payments,PMT-006541,corrected,paid_at shifted +8h to UTC - region PH diagnosed as a local-time export (100% impossible latencies)
payments,PMT-006560,corrected,paid_at shifted +8h to UTC - region PH diagnosed as a local-time export (100% impossible latencies)
payments,PMT-006578,corrected,paid_at shifted +8h to UTC - region PH diagnosed as a local-time export (100% impossible latencies)
payments,PMT-006585,corrected,paid_at shifted +8h to UTC - region PH diagnosed as a local-time export (100% impossible latencies)
payments,PMT-006593,corrected,paid_at shifted +8h to UTC - region PH diagnosed as a local-time export (100% impossible latencies)
payments,PMT-006610,corrected,paid_at shifted +8h to UTC - region PH diagnosed as a local-time export (100% impossible latencies)
payments,PMT-006627,corrected,paid_at shifted +8h to UTC - region PH diagnosed as a local-time export (100% impossible latencies)
payments,PMT-006631,corrected,paid_at shifted +8h to UTC - region PH diagnosed as a local-time export (100% impossible latencies)
payments,PMT-006638,corrected,paid_at shifted +8h to UTC - region PH diagnosed as a local-time export (100% impossible latencies)
payments,PMT-006640,corrected,paid_at shifted +8h to UTC - region PH diagnosed as a local-time export (100% impossible latencies)
payments,PMT-006647,corrected,paid_at shifted +8h to UTC - region PH diagnosed as a local-time export (100% impossible latencies)
payments,PMT-006679,corrected,paid_at shifted +8h to UTC - region PH diagnosed as a local-time export (100% impossible latencies)
payments,PMT-006694,corrected,paid_at shifted +8h to UTC - region PH diagnosed as a local-time export (100% impossible latencies)
payments,PMT-006707,corrected,paid_at shifted +8h to UTC - region PH diagnosed as a local-time export (100% impossible latencies)
payments,PMT-006726,corrected,paid_at shifted +8h to UTC - region PH diagnosed as a local-time export (100% impossible latencies)
payments,PMT-006733,corrected,paid_at shifted +8h to UTC - region PH diagnosed as a local-time export (100% impossible latencies)
payments,PMT-006751,corrected,paid_at shifted +8h to UTC - region PH diagnosed as a local-time export (100% impossible latencies)
payments,PMT-006758,corrected,paid_at shifted +8h to UTC - region PH diagnosed as a local-time export (100% impossible latencies)
payments,PMT-006759,corrected,paid_at shifted +8h to UTC - region PH diagnosed as a local-time export (100% impossible latencies)
payments,PMT-006771,corrected,paid_at shifted +8h to UTC - region PH diagnosed as a local-time export (100% impossible latencies)
payments,PMT-006775,corrected,paid_at shifted +8h to UTC - region PH diagnosed as a local-time export (100% impossible latencies)
payments,PMT-006778,corrected,paid_at shifted +8h to UTC - region PH diagnosed as a local-time export (100% impossible latencies)
payments,PMT-006780,corrected,paid_at shifted +8h to UTC - region PH diagnosed as a local-time export (100% impossible latencies)
payments,PMT-006782,corrected,paid_at shifted +8h to UTC - region PH diagnosed as a local-time export (100% impossible latencies)
payments,PMT-006808,corrected,paid_at shifted +8h to UTC - region PH diagnosed as a local-time export (100% impossible latencies)
payments,PMT-006812,corrected,paid_at shifted +8h to UTC - region PH diagnosed as a local-time export (100% impossible latencies)
payments,PMT-006814,corrected,paid_at shifted +8h to UTC - region PH diagnosed as a local-time export (100% impossible latencies)
payments,PMT-006836,corrected,paid_at shifted +8h to UTC - region PH diagnosed as a local-time export (100% impossible latencies)
payments,PMT-006856,corrected,paid_at shifted +8h to UTC - region PH diagnosed as a local-time export (100% impossible latencies)
payments,PMT-006878,corrected,paid_at shifted +8h to UTC - region PH diagnosed as a local-time export (100% impossible latencies)
payments,PMT-006909,corrected,paid_at shifted +8h to UTC - region PH diagnosed as a local-time export (100% impossible latencies)
payments,PMT-006911,corrected,paid_at shifted +8h to UTC - region PH diagnosed as a local-time export (100% impossible latencies)
payments,PMT-006936,corrected,paid_at shifted +8h to UTC - region PH diagnosed as a local-time export (100% impossible latencies)
payments,PMT-006942,corrected,paid_at shifted +8h to UTC - region PH diagnosed as a local-time export (100% impossible latencies)
payments,PMT-006943,corrected,paid_at shifted +8h to UTC - region PH diagnosed as a local-time export (100% impossible latencies)
payments,PMT-006962,corrected,paid_at shifted +8h to UTC - region PH diagnosed as a local-time export (100% impossible latencies)
payments,PMT-006974,corrected,paid_at shifted +8h to UTC - region PH diagnosed as a local-time export (100% impossible latencies)
payments,PMT-007004,corrected,paid_at shifted +8h to UTC - region PH diagnosed as a local-time export (100% impossible latencies)
payments,PMT-007009,corrected,paid_at shifted +8h to UTC - region PH diagnosed as a local-time export (100% impossible latencies)
payments,PMT-007019,corrected,paid_at shifted +8h to UTC - region PH diagnosed as a local-time export (100% impossible latencies)
payments,PMT-007043,corrected,paid_at shifted +8h to UTC - region PH diagnosed as a local-time export (100% impossible latencies)
payments,PMT-007045,corrected,paid_at shifted +8h to UTC - region PH diagnosed as a local-time export (100% impossible latencies)
payments,PMT-007050,corrected,paid_at shifted +8h to UTC - region PH diagnosed as a local-time export (100% impossible latencies)
payments,PMT-007061,corrected,paid_at shifted +8h to UTC - region PH diagnosed as a local-time export (100% impossible latencies)
payments,PMT-007074,corrected,paid_at shifted +8h to UTC - region PH diagnosed as a local-time export (100% impossible latencies)
payments,PMT-007091,corrected,paid_at shifted +8h to UTC - region PH diagnosed as a local-time export (100% impossible latencies)
payments,PMT-007095,corrected,paid_at shifted +8h to UTC - region PH diagnosed as a local-time export (100% impossible latencies)
payments,PMT-007115,corrected,paid_at shifted +8h to UTC - region PH diagnosed as a local-time export (100% impossible latencies)
payments,PMT-007117,corrected,paid_at shifted +8h to UTC - region PH diagnosed as a local-time export (100% impossible latencies)
payments,PMT-007127,corrected,paid_at shifted +8h to UTC - region PH diagnosed as a local-time export (100% impossible latencies)
payments,PMT-007160,corrected,paid_at shifted +8h to UTC - region PH diagnosed as a local-time export (100% impossible latencies)
payments,PMT-007162,corrected,paid_at shifted +8h to UTC - region PH diagnosed as a local-time export (100% impossible latencies)
payments,PMT-007184,corrected,paid_at shifted +8h to UTC - region PH diagnosed as a local-time export (100% impossible latencies)
payments,PMT-007185,corrected,paid_at shifted +8h to UTC - region PH diagnosed as a local-time export (100% impossible latencies)
payments,PMT-007201,corrected,paid_at shifted +8h to UTC - region PH diagnosed as a local-time export (100% impossible latencies)
payments,PMT-007208,corrected,paid_at shifted +8h to UTC - region PH diagnosed as a local-time export (100% impossible latencies)
payments,PMT-007217,corrected,paid_at shifted +8h to UTC - region PH diagnosed as a local-time export (100% impossible latencies)
payments,PMT-007224,corrected,paid_at shifted +8h to UTC - region PH diagnosed as a local-time export (100% impossible latencies)
payments,PMT-007268,corrected,paid_at shifted +8h to UTC - region PH diagnosed as a local-time export (100% impossible latencies)
payments,PMT-007284,corrected,paid_at shifted +8h to UTC - region PH diagnosed as a local-time export (100% impossible latencies)
payments,PMT-007287,corrected,paid_at shifted +8h to UTC - region PH diagnosed as a local-time export (100% impossible latencies)
payments,PMT-007295,corrected,paid_at shifted +8h to UTC - region PH diagnosed as a local-time export (100% impossible latencies)
payments,PMT-007296,corrected,paid_at shifted +8h to UTC - region PH diagnosed as a local-time export (100% impossible latencies)
payments,PMT-007308,corrected,paid_at shifted +8h to UTC - region PH diagnosed as a local-time export (100% impossible latencies)
payments,PMT-007317,corrected,paid_at shifted +8h to UTC - region PH diagnosed as a local-time export (100% impossible latencies)
payments,PMT-007327,corrected,paid_at shifted +8h to UTC - region PH diagnosed as a local-time export (100% impossible latencies)
payments,PMT-007355,corrected,paid_at shifted +8h to UTC - region PH diagnosed as a local-time export (100% impossible latencies)
payments,PMT-007360,corrected,paid_at shifted +8h to UTC - region PH diagnosed as a local-time export (100% impossible latencies)
payments,PMT-007363,corrected,paid_at shifted +8h to UTC - region PH diagnosed as a local-time export (100% impossible latencies)
payments,PMT-007391,corrected,paid_at shifted +8h to UTC - region PH diagnosed as a local-time export (100% impossible latencies)
payments,PMT-007426,corrected,paid_at shifted +8h to UTC - region PH diagnosed as a local-time export (100% impossible latencies)
payments,PMT-007433,corrected,paid_at shifted +8h to UTC - region PH diagnosed as a local-time export (100% impossible latencies)
payments,PMT-007446,corrected,paid_at shifted +8h to UTC - region PH diagnosed as a local-time export (100% impossible latencies)
payments,PMT-007450,corrected,paid_at shifted +8h to UTC - region PH diagnosed as a local-time export (100% impossible latencies)
payments,PMT-007465,corrected,paid_at shifted +8h to UTC - region PH diagnosed as a local-time export (100% impossible latencies)
payments,PMT-007466,corrected,paid_at shifted +8h to UTC - region PH diagnosed as a local-time export (100% impossible latencies)
payments,PMT-007470,corrected,paid_at shifted +8h to UTC - region PH diagnosed as a local-time export (100% impossible latencies)
payments,PMT-007472,corrected,paid_at shifted +8h to UTC - region PH diagnosed as a local-time export (100% impossible latencies)
payments,PMT-007479,corrected,paid_at shifted +8h to UTC - region PH diagnosed as a local-time export (100% impossible latencies)
payments,PMT-007507,corrected,paid_at shifted +8h to UTC - region PH diagnosed as a local-time export (100% impossible latencies)
payments,PMT-007515,corrected,paid_at shifted +8h to UTC - region PH diagnosed as a local-time export (100% impossible latencies)
payments,PMT-007528,corrected,paid_at shifted +8h to UTC - region PH diagnosed as a local-time export (100% impossible latencies)
payments,PMT-007550,corrected,paid_at shifted +8h to UTC - region PH diagnosed as a local-time export (100% impossible latencies)
payments,PMT-007555,corrected,paid_at shifted +8h to UTC - region PH diagnosed as a local-time export (100% impossible latencies)
payments,PMT-007605,corrected,paid_at shifted +8h to UTC - region PH diagnosed as a local-time export (100% impossible latencies)
payments,PMT-007627,corrected,paid_at shifted +8h to UTC - region PH diagnosed as a local-time export (100% impossible latencies)
payments,PMT-007632,corrected,paid_at shifted +8h to UTC - region PH diagnosed as a local-time export (100% impossible latencies)
payments,PMT-007635,corrected,paid_at shifted +8h to UTC - region PH diagnosed as a local-time export (100% impossible latencies)
payments,PMT-007642,corrected,paid_at shifted +8h to UTC - region PH diagnosed as a local-time export (100% impossible latencies)
payments,PMT-007645,corrected,paid_at shifted +8h to UTC - region PH diagnosed as a local-time export (100% impossible latencies)
payments,PMT-007648,corrected,paid_at shifted +8h to UTC - region PH diagnosed as a local-time export (100% impossible latencies)
payments,PMT-007655,corrected,paid_at shifted +8h to UTC - region PH diagnosed as a local-time export (100% impossible latencies)
payments,PMT-007658,corrected,paid_at shifted +8h to UTC - region PH diagnosed as a local-time export (100% impossible latencies)
payments,PMT-007679,corrected,paid_at shifted +8h to UTC - region PH diagnosed as a local-time export (100% impossible latencies)
payments,PMT-007680,corrected,paid_at shifted +8h to UTC - region PH diagnosed as a local-time export (100% impossible latencies)
payments,PMT-007681,corrected,paid_at shifted +8h to UTC - region PH diagnosed as a local-time export (100% impossible latencies)
payments,PMT-007696,corrected,paid_at shifted +8h to UTC - region PH diagnosed as a local-time export (100% impossible latencies)
payments,PMT-007702,corrected,paid_at shifted +8h to UTC - region PH diagnosed as a local-time export (100% impossible latencies)
payments,PMT-007719,corrected,paid_at shifted +8h to UTC - region PH diagnosed as a local-time export (100% impossible latencies)
payments,PMT-007722,corrected,paid_at shifted +8h to UTC - region PH diagnosed as a local-time export (100% impossible latencies)
payments,PMT-007744,corrected,paid_at shifted +8h to UTC - region PH diagnosed as a local-time export (100% impossible latencies)
payments,PMT-007758,corrected,paid_at shifted +8h to UTC - region PH diagnosed as a local-time export (100% impossible latencies)
payments,PMT-007764,corrected,paid_at shifted +8h to UTC - region PH diagnosed as a local-time export (100% impossible latencies)
payments,PMT-007823,corrected,paid_at shifted +8h to UTC - region PH diagnosed as a local-time export (100% impossible latencies)
payments,PMT-007830,corrected,paid_at shifted +8h to UTC - region PH diagnosed as a local-time export (100% impossible latencies)
payments,PMT-007858,corrected,paid_at shifted +8h to UTC - region PH diagnosed as a local-time export (100% impossible latencies)
payments,PMT-007875,corrected,paid_at shifted +8h to UTC - region PH diagnosed as a local-time export (100% impossible latencies)
payments,PMT-007888,corrected,paid_at shifted +8h to UTC - region PH diagnosed as a local-time export (100% impossible latencies)
payments,PMT-007895,corrected,paid_at shifted +8h to UTC - region PH diagnosed as a local-time export (100% impossible latencies)
payments,PMT-007898,corrected,paid_at shifted +8h to UTC - region PH diagnosed as a local-time export (100% impossible latencies)
payments,PMT-007910,corrected,paid_at shifted +8h to UTC - region PH diagnosed as a local-time export (100% impossible latencies)
payments,PMT-007919,corrected,paid_at shifted +8h to UTC - region PH diagnosed as a local-time export (100% impossible latencies)
payments,PMT-007935,corrected,paid_at shifted +8h to UTC - region PH diagnosed as a local-time export (100% impossible latencies)
payments,PMT-007937,corrected,paid_at shifted +8h to UTC - region PH diagnosed as a local-time export (100% impossible latencies)
payments,PMT-007945,corrected,paid_at shifted +8h to UTC - region PH diagnosed as a local-time export (100% impossible latencies)
payments,PMT-007982,corrected,paid_at shifted +8h to UTC - region PH diagnosed as a local-time export (100% impossible latencies)
payments,PMT-007996,corrected,paid_at shifted +8h to UTC - region PH diagnosed as a local-time export (100% impossible latencies)
payments,PMT-007997,corrected,paid_at shifted +8h to UTC - region PH diagnosed as a local-time export (100% impossible latencies)
payments,PMT-008003,corrected,paid_at shifted +8h to UTC - region PH diagnosed as a local-time export (100% impossible latencies)
payments,PMT-008013,corrected,paid_at shifted +8h to UTC - region PH diagnosed as a local-time export (100% impossible latencies)
payments,PMT-008027,corrected,paid_at shifted +8h to UTC - region PH diagnosed as a local-time export (100% impossible latencies)
payments,PMT-008028,corrected,paid_at shifted +8h to UTC - region PH diagnosed as a local-time export (100% impossible latencies)
payments,PMT-008043,corrected,paid_at shifted +8h to UTC - region PH diagnosed as a local-time export (100% impossible latencies)
payments,PMT-008045,corrected,paid_at shifted +8h to UTC - region PH diagnosed as a local-time export (100% impossible latencies)
payments,PMT-008049,corrected,paid_at shifted +8h to UTC - region PH diagnosed as a local-time export (100% impossible latencies)
payments,PMT-008050,corrected,paid_at shifted +8h to UTC - region PH diagnosed as a local-time export (100% impossible latencies)
payments,PMT-008062,corrected,paid_at shifted +8h to UTC - region PH diagnosed as a local-time export (100% impossible latencies)
payments,PMT-008066,corrected,paid_at shifted +8h to UTC - region PH diagnosed as a local-time export (100% impossible latencies)
payments,PMT-008080,corrected,paid_at shifted +8h to UTC - region PH diagnosed as a local-time export (100% impossible latencies)
payments,PMT-008091,corrected,paid_at shifted +8h to UTC - region PH diagnosed as a local-time export (100% impossible latencies)
payments,PMT-008121,corrected,paid_at shifted +8h to UTC - region PH diagnosed as a local-time export (100% impossible latencies)
payments,PMT-008142,corrected,paid_at shifted +8h to UTC - region PH diagnosed as a local-time export (100% impossible latencies)
payments,PMT-008176,corrected,paid_at shifted +8h to UTC - region PH diagnosed as a local-time export (100% impossible latencies)
payments,PMT-008182,corrected,paid_at shifted +8h to UTC - region PH diagnosed as a local-time export (100% impossible latencies)
payments,PMT-008186,corrected,paid_at shifted +8h to UTC - region PH diagnosed as a local-time export (100% impossible latencies)
payments,PMT-008196,corrected,paid_at shifted +8h to UTC - region PH diagnosed as a local-time export (100% impossible latencies)
payments,PMT-008201,corrected,paid_at shifted +8h to UTC - region PH diagnosed as a local-time export (100% impossible latencies)
payments,PMT-008206,corrected,paid_at shifted +8h to UTC - region PH diagnosed as a local-time export (100% impossible latencies)
payments,PMT-008260,corrected,paid_at shifted +8h to UTC - region PH diagnosed as a local-time export (100% impossible latencies)
payments,PMT-008264,corrected,paid_at shifted +8h to UTC - region PH diagnosed as a local-time export (100% impossible latencies)
payments,PMT-008306,corrected,paid_at shifted +8h to UTC - region PH diagnosed as a local-time export (100% impossible latencies)
payments,PMT-008307,corrected,paid_at shifted +8h to UTC - region PH diagnosed as a local-time export (100% impossible latencies)
payments,PMT-008316,corrected,paid_at shifted +8h to UTC - region PH diagnosed as a local-time export (100% impossible latencies)
payments,PMT-008334,corrected,paid_at shifted +8h to UTC - region PH diagnosed as a local-time export (100% impossible latencies)
payments,PMT-008373,corrected,paid_at shifted +8h to UTC - region PH diagnosed as a local-time export (100% impossible latencies)
payments,PMT-008383,corrected,paid_at shifted +8h to UTC - region PH diagnosed as a local-time export (100% impossible latencies)
payments,PMT-008384,corrected,paid_at shifted +8h to UTC - region PH diagnosed as a local-time export (100% impossible latencies)
payments,PMT-008394,corrected,paid_at shifted +8h to UTC - region PH diagnosed as a local-time export (100% impossible latencies)
payments,PMT-008414,corrected,paid_at shifted +8h to UTC - region PH diagnosed as a local-time export (100% impossible latencies)
payments,PMT-008421,corrected,paid_at shifted +8h to UTC - region PH diagnosed as a local-time export (100% impossible latencies)
payments,PMT-008428,corrected,paid_at shifted +8h to UTC - region PH diagnosed as a local-time export (100% impossible latencies)
payments,PMT-008441,corrected,paid_at shifted +8h to UTC - region PH diagnosed as a local-time export (100% impossible latencies)
payments,PMT-008448,corrected,paid_at shifted +8h to UTC - region PH diagnosed as a local-time export (100% impossible latencies)
payments,PMT-008450,corrected,paid_at shifted +8h to UTC - region PH diagnosed as a local-time export (100% impossible latencies)
payments,PMT-008457,corrected,paid_at shifted +8h to UTC - region PH diagnosed as a local-time export (100% impossible latencies)
payments,PMT-008482,corrected,paid_at shifted +8h to UTC - region PH diagnosed as a local-time export (100% impossible latencies)
payments,PMT-008492,corrected,paid_at shifted +8h to UTC - region PH diagnosed as a local-time export (100% impossible latencies)
payments,PMT-008504,corrected,paid_at shifted +8h to UTC - region PH diagnosed as a local-time export (100% impossible latencies)
payments,PMT-008532,corrected,paid_at shifted +8h to UTC - region PH diagnosed as a local-time export (100% impossible latencies)
payments,PMT-008542,corrected,paid_at shifted +8h to UTC - region PH diagnosed as a local-time export (100% impossible latencies)
payments,PMT-008566,corrected,paid_at shifted +8h to UTC - region PH diagnosed as a local-time export (100% impossible latencies)
payments,PMT-008580,corrected,paid_at shifted +8h to UTC - region PH diagnosed as a local-time export (100% impossible latencies)
payments,PMT-008611,corrected,paid_at shifted +8h to UTC - region PH diagnosed as a local-time export (100% impossible latencies)
payments,PMT-008636,corrected,paid_at shifted +8h to UTC - region PH diagnosed as a local-time export (100% impossible latencies)
payments,PMT-008652,corrected,paid_at shifted +8h to UTC - region PH diagnosed as a local-time export (100% impossible latencies)
payments,PMT-008658,corrected,paid_at shifted +8h to UTC - region PH diagnosed as a local-time export (100% impossible latencies)
payments,PMT-008661,corrected,paid_at shifted +8h to UTC - region PH diagnosed as a local-time export (100% impossible latencies)
payments,PMT-008663,corrected,paid_at shifted +8h to UTC - region PH diagnosed as a local-time export (100% impossible latencies)
payments,PMT-008664,corrected,paid_at shifted +8h to UTC - region PH diagnosed as a local-time export (100% impossible latencies)
payments,PMT-008668,corrected,paid_at shifted +8h to UTC - region PH diagnosed as a local-time export (100% impossible latencies)
payments,PMT-008676,corrected,paid_at shifted +8h to UTC - region PH diagnosed as a local-time export (100% impossible latencies)
payments,PMT-008687,corrected,paid_at shifted +8h to UTC - region PH diagnosed as a local-time export (100% impossible latencies)
payments,PMT-008711,corrected,paid_at shifted +8h to UTC - region PH diagnosed as a local-time export (100% impossible latencies)
payments,PMT-008743,corrected,paid_at shifted +8h to UTC - region PH diagnosed as a local-time export (100% impossible latencies)
payments,PMT-008745,corrected,paid_at shifted +8h to UTC - region PH diagnosed as a local-time export (100% impossible latencies)
payments,PMT-008754,corrected,paid_at shifted +8h to UTC - region PH diagnosed as a local-time export (100% impossible latencies)
payments,PMT-008768,corrected,paid_at shifted +8h to UTC - region PH diagnosed as a local-time export (100% impossible latencies)
payments,PMT-008779,corrected,paid_at shifted +8h to UTC - region PH diagnosed as a local-time export (100% impossible latencies)
payments,PMT-008789,corrected,paid_at shifted +8h to UTC - region PH diagnosed as a local-time export (100% impossible latencies)
payments,PMT-008819,corrected,paid_at shifted +8h to UTC - region PH diagnosed as a local-time export (100% impossible latencies)
payments,PMT-008835,corrected,paid_at shifted +8h to UTC - region PH diagnosed as a local-time export (100% impossible latencies)
payments,PMT-008856,corrected,paid_at shifted +8h to UTC - region PH diagnosed as a local-time export (100% impossible latencies)
payments,PMT-008870,corrected,paid_at shifted +8h to UTC - region PH diagnosed as a local-time export (100% impossible latencies)
payments,PMT-008875,corrected,paid_at shifted +8h to UTC - region PH diagnosed as a local-time export (100% impossible latencies)
payments,PMT-008889,corrected,paid_at shifted +8h to UTC - region PH diagnosed as a local-time export (100% impossible latencies)
payments,PMT-008894,corrected,paid_at shifted +8h to UTC - region PH diagnosed as a local-time export (100% impossible latencies)
payments,PMT-008908,corrected,paid_at shifted +8h to UTC - region PH diagnosed as a local-time export (100% impossible latencies)
payments,PMT-008921,corrected,paid_at shifted +8h to UTC - region PH diagnosed as a local-time export (100% impossible latencies)
payments,PMT-008950,corrected,paid_at shifted +8h to UTC - region PH diagnosed as a local-time export (100% impossible latencies)
payments,PMT-008952,corrected,paid_at shifted +8h to UTC - region PH diagnosed as a local-time export (100% impossible latencies)
payments,PMT-008953,corrected,paid_at shifted +8h to UTC - region PH diagnosed as a local-time export (100% impossible latencies)
payments,PMT-008967,corrected,paid_at shifted +8h to UTC - region PH diagnosed as a local-time export (100% impossible latencies)
payments,PMT-008978,corrected,paid_at shifted +8h to UTC - region PH diagnosed as a local-time export (100% impossible latencies)
payments,PMT-008982,corrected,paid_at shifted +8h to UTC - region PH diagnosed as a local-time export (100% impossible latencies)
payments,PMT-009004,corrected,paid_at shifted +8h to UTC - region PH diagnosed as a local-time export (100% impossible latencies)
payments,PMT-009010,corrected,paid_at shifted +8h to UTC - region PH diagnosed as a local-time export (100% impossible latencies)
payments,PMT-009015,corrected,paid_at shifted +8h to UTC - region PH diagnosed as a local-time export (100% impossible latencies)
payments,PMT-009019,corrected,paid_at shifted +8h to UTC - region PH diagnosed as a local-time export (100% impossible latencies)
payments,PMT-009020,corrected,paid_at shifted +8h to UTC - region PH diagnosed as a local-time export (100% impossible latencies)
payments,PMT-009023,corrected,paid_at shifted +8h to UTC - region PH diagnosed as a local-time export (100% impossible latencies)
payments,PMT-009052,corrected,paid_at shifted +8h to UTC - region PH diagnosed as a local-time export (100% impossible latencies)
payments,PMT-009059,corrected,paid_at shifted +8h to UTC - region PH diagnosed as a local-time export (100% impossible latencies)
payments,PMT-009060,corrected,paid_at shifted +8h to UTC - region PH diagnosed as a local-time export (100% impossible latencies)
payments,PMT-009065,corrected,paid_at shifted +8h to UTC - region PH diagnosed as a local-time export (100% impossible latencies)
payments,PMT-009076,corrected,paid_at shifted +8h to UTC - region PH diagnosed as a local-time export (100% impossible latencies)
payments,PMT-009079,corrected,paid_at shifted +8h to UTC - region PH diagnosed as a local-time export (100% impossible latencies)
payments,PMT-009117,corrected,paid_at shifted +8h to UTC - region PH diagnosed as a local-time export (100% impossible latencies)
payments,PMT-009119,corrected,paid_at shifted +8h to UTC - region PH diagnosed as a local-time export (100% impossible latencies)
payments,PMT-009138,corrected,paid_at shifted +8h to UTC - region PH diagnosed as a local-time export (100% impossible latencies)
payments,PMT-009143,corrected,paid_at shifted +8h to UTC - region PH diagnosed as a local-time export (100% impossible latencies)
payments,PMT-009156,corrected,paid_at shifted +8h to UTC - region PH diagnosed as a local-time export (100% impossible latencies)
payments,PMT-009158,corrected,paid_at shifted +8h to UTC - region PH diagnosed as a local-time export (100% impossible latencies)
payments,PMT-009177,corrected,paid_at shifted +8h to UTC - region PH diagnosed as a local-time export (100% impossible latencies)
payments,PMT-009185,corrected,paid_at shifted +8h to UTC - region PH diagnosed as a local-time export (100% impossible latencies)
payments,PMT-009192,corrected,paid_at shifted +8h to UTC - region PH diagnosed as a local-time export (100% impossible latencies)
payments,PMT-009194,corrected,paid_at shifted +8h to UTC - region PH diagnosed as a local-time export (100% impossible latencies)
payments,PMT-009202,corrected,paid_at shifted +8h to UTC - region PH diagnosed as a local-time export (100% impossible latencies)
payments,PMT-009210,corrected,paid_at shifted +8h to UTC - region PH diagnosed as a local-time export (100% impossible latencies)
payments,PMT-009219,corrected,paid_at shifted +8h to UTC - region PH diagnosed as a local-time export (100% impossible latencies)
payments,PMT-009268,corrected,paid_at shifted +8h to UTC - region PH diagnosed as a local-time export (100% impossible latencies)
payments,PMT-009278,corrected,paid_at shifted +8h to UTC - region PH diagnosed as a local-time export (100% impossible latencies)
payments,PMT-009319,corrected,paid_at shifted +8h to UTC - region PH diagnosed as a local-time export (100% impossible latencies)
payments,PMT-009335,corrected,paid_at shifted +8h to UTC - region PH diagnosed as a local-time export (100% impossible latencies)
payments,PMT-009351,corrected,paid_at shifted +8h to UTC - region PH diagnosed as a local-time export (100% impossible latencies)
payments,PMT-009353,corrected,paid_at shifted +8h to UTC - region PH diagnosed as a local-time export (100% impossible latencies)
payments,PMT-009384,corrected,paid_at shifted +8h to UTC - region PH diagnosed as a local-time export (100% impossible latencies)
payments,PMT-009420,corrected,paid_at shifted +8h to UTC - region PH diagnosed as a local-time export (100% impossible latencies)
payments,PMT-009453,corrected,paid_at shifted +8h to UTC - region PH diagnosed as a local-time export (100% impossible latencies)
payments,PMT-009459,corrected,paid_at shifted +8h to UTC - region PH diagnosed as a local-time export (100% impossible latencies)
payments,PMT-009491,corrected,paid_at shifted +8h to UTC - region PH diagnosed as a local-time export (100% impossible latencies)
payments,PMT-009494,corrected,paid_at shifted +8h to UTC - region PH diagnosed as a local-time export (100% impossible latencies)
payments,PMT-009520,corrected,paid_at shifted +8h to UTC - region PH diagnosed as a local-time export (100% impossible latencies)
payments,PMT-009573,corrected,paid_at shifted +8h to UTC - region PH diagnosed as a local-time export (100% impossible latencies)
payments,PMT-009577,corrected,paid_at shifted +8h to UTC - region PH diagnosed as a local-time export (100% impossible latencies)
payments,PMT-009580,corrected,paid_at shifted +8h to UTC - region PH diagnosed as a local-time export (100% impossible latencies)
payments,PMT-009591,corrected,paid_at shifted +8h to UTC - region PH diagnosed as a local-time export (100% impossible latencies)
payments,PMT-009623,corrected,paid_at shifted +8h to UTC - region PH diagnosed as a local-time export (100% impossible latencies)
payments,PMT-009630,corrected,paid_at shifted +8h to UTC - region PH diagnosed as a local-time export (100% impossible latencies)
payments,PMT-009650,corrected,paid_at shifted +8h to UTC - region PH diagnosed as a local-time export (100% impossible latencies)
payments,PMT-009658,corrected,paid_at shifted +8h to UTC - region PH diagnosed as a local-time export (100% impossible latencies)
payments,PMT-009670,corrected,paid_at shifted +8h to UTC - region PH diagnosed as a local-time export (100% impossible latencies)
payments,PMT-009679,corrected,paid_at shifted +8h to UTC - region PH diagnosed as a local-time export (100% impossible latencies)
payments,PMT-009705,corrected,paid_at shifted +8h to UTC - region PH diagnosed as a local-time export (100% impossible latencies)
payments,PMT-009715,corrected,paid_at shifted +8h to UTC - region PH diagnosed as a local-time export (100% impossible latencies)
payments,PMT-009719,corrected,paid_at shifted +8h to UTC - region PH diagnosed as a local-time export (100% impossible latencies)
payments,PMT-009742,corrected,paid_at shifted +8h to UTC - region PH diagnosed as a local-time export (100% impossible latencies)
payments,PMT-009744,corrected,paid_at shifted +8h to UTC - region PH diagnosed as a local-time export (100% impossible latencies)
payments,PMT-009762,corrected,paid_at shifted +8h to UTC - region PH diagnosed as a local-time export (100% impossible latencies)
payments,PMT-009775,corrected,paid_at shifted +8h to UTC - region PH diagnosed as a local-time export (100% impossible latencies)
payments,PMT-009787,corrected,paid_at shifted +8h to UTC - region PH diagnosed as a local-time export (100% impossible latencies)
payments,PMT-009792,corrected,paid_at shifted +8h to UTC - region PH diagnosed as a local-time export (100% impossible latencies)
payments,PMT-009816,corrected,paid_at shifted +8h to UTC - region PH diagnosed as a local-time export (100% impossible latencies)
payments,PMT-009822,corrected,paid_at shifted +8h to UTC - region PH diagnosed as a local-time export (100% impossible latencies)
payments,PMT-009834,corrected,paid_at shifted +8h to UTC - region PH diagnosed as a local-time export (100% impossible latencies)
payments,PMT-009839,corrected,paid_at shifted +8h to UTC - region PH diagnosed as a local-time export (100% impossible latencies)
payments,PMT-009841,corrected,paid_at shifted +8h to UTC - region PH diagnosed as a local-time export (100% impossible latencies)
payments,PMT-009844,corrected,paid_at shifted +8h to UTC - region PH diagnosed as a local-time export (100% impossible latencies)
payments,PMT-009846,corrected,paid_at shifted +8h to UTC - region PH diagnosed as a local-time export (100% impossible latencies)
payments,PMT-009848,corrected,paid_at shifted +8h to UTC - region PH diagnosed as a local-time export (100% impossible latencies)
payments,PMT-009862,corrected,paid_at shifted +8h to UTC - region PH diagnosed as a local-time export (100% impossible latencies)
payments,PMT-009868,corrected,paid_at shifted +8h to UTC - region PH diagnosed as a local-time export (100% impossible latencies)
payments,PMT-009882,corrected,paid_at shifted +8h to UTC - region PH diagnosed as a local-time export (100% impossible latencies)
payments,PMT-009889,corrected,paid_at shifted +8h to UTC - region PH diagnosed as a local-time export (100% impossible latencies)
payments,PMT-009903,corrected,paid_at shifted +8h to UTC - region PH diagnosed as a local-time export (100% impossible latencies)
payments,PMT-009908,corrected,paid_at shifted +8h to UTC - region PH diagnosed as a local-time export (100% impossible latencies)
payments,PMT-009918,corrected,paid_at shifted +8h to UTC - region PH diagnosed as a local-time export (100% impossible latencies)
payments,PMT-009923,corrected,paid_at shifted +8h to UTC - region PH diagnosed as a local-time export (100% impossible latencies)
payments,PMT-009941,corrected,paid_at shifted +8h to UTC - region PH diagnosed as a local-time export (100% impossible latencies)
payments,PMT-009944,corrected,paid_at shifted +8h to UTC - region PH diagnosed as a local-time export (100% impossible latencies)
payments,PMT-009947,corrected,paid_at shifted +8h to UTC - region PH diagnosed as a local-time export (100% impossible latencies)
payments,PMT-009965,corrected,paid_at shifted +8h to UTC - region PH diagnosed as a local-time export (100% impossible latencies)
payments,PMT-009988,corrected,paid_at shifted +8h to UTC - region PH diagnosed as a local-time export (100% impossible latencies)
payments,PMT-009990,corrected,paid_at shifted +8h to UTC - region PH diagnosed as a local-time export (100% impossible latencies)
payments,PMT-009996,corrected,paid_at shifted +8h to UTC - region PH diagnosed as a local-time export (100% impossible latencies)
payments,PMT-010006,corrected,paid_at shifted +8h to UTC - region PH diagnosed as a local-time export (100% impossible latencies)
payments,PMT-010031,corrected,paid_at shifted +8h to UTC - region PH diagnosed as a local-time export (100% impossible latencies)
payments,PMT-010037,corrected,paid_at shifted +8h to UTC - region PH diagnosed as a local-time export (100% impossible latencies)
payments,PMT-010041,corrected,paid_at shifted +8h to UTC - region PH diagnosed as a local-time export (100% impossible latencies)
payments,PMT-010065,corrected,paid_at shifted +8h to UTC - region PH diagnosed as a local-time export (100% impossible latencies)
payments,PMT-010086,corrected,paid_at shifted +8h to UTC - region PH diagnosed as a local-time export (100% impossible latencies)
payments,PMT-010090,corrected,paid_at shifted +8h to UTC - region PH diagnosed as a local-time export (100% impossible latencies)
payments,PMT-010152,corrected,paid_at shifted +8h to UTC - region PH diagnosed as a local-time export (100% impossible latencies)
payments,PMT-010200,corrected,paid_at shifted +8h to UTC - region PH diagnosed as a local-time export (100% impossible latencies)
payments,PMT-010208,corrected,paid_at shifted +8h to UTC - region PH diagnosed as a local-time export (100% impossible latencies)
payments,PMT-010236,corrected,paid_at shifted +8h to UTC - region PH diagnosed as a local-time export (100% impossible latencies)
payments,PMT-010262,corrected,paid_at shifted +8h to UTC - region PH diagnosed as a local-time export (100% impossible latencies)
payments,PMT-010290,corrected,paid_at shifted +8h to UTC - region PH diagnosed as a local-time export (100% impossible latencies)
payments,PMT-010305,corrected,paid_at shifted +8h to UTC - region PH diagnosed as a local-time export (100% impossible latencies)
payments,PMT-010306,corrected,paid_at shifted +8h to UTC - region PH diagnosed as a local-time export (100% impossible latencies)
payments,PMT-010313,corrected,paid_at shifted +8h to UTC - region PH diagnosed as a local-time export (100% impossible latencies)
payments,PMT-010346,corrected,paid_at shifted +8h to UTC - region PH diagnosed as a local-time export (100% impossible latencies)
payments,PMT-010350,corrected,paid_at shifted +8h to UTC - region PH diagnosed as a local-time export (100% impossible latencies)
payments,PMT-010367,corrected,paid_at shifted +8h to UTC - region PH diagnosed as a local-time export (100% impossible latencies)
payments,PMT-010373,corrected,paid_at shifted +8h to UTC - region PH diagnosed as a local-time export (100% impossible latencies)
payments,PMT-010378,corrected,paid_at shifted +8h to UTC - region PH diagnosed as a local-time export (100% impossible latencies)
payments,PMT-010401,corrected,paid_at shifted +8h to UTC - region PH diagnosed as a local-time export (100% impossible latencies)
payments,PMT-010403,corrected,paid_at shifted +8h to UTC - region PH diagnosed as a local-time export (100% impossible latencies)
payments,PMT-010405,corrected,paid_at shifted +8h to UTC - region PH diagnosed as a local-time export (100% impossible latencies)
payments,PMT-010437,corrected,paid_at shifted +8h to UTC - region PH diagnosed as a local-time export (100% impossible latencies)
payments,PMT-010449,corrected,paid_at shifted +8h to UTC - region PH diagnosed as a local-time export (100% impossible latencies)
payments,PMT-010456,corrected,paid_at shifted +8h to UTC - region PH diagnosed as a local-time export (100% impossible latencies)
payments,PMT-010469,corrected,paid_at shifted +8h to UTC - region PH diagnosed as a local-time export (100% impossible latencies)
payments,PMT-010472,corrected,paid_at shifted +8h to UTC - region PH diagnosed as a local-time export (100% impossible latencies)
payments,PMT-010478,corrected,paid_at shifted +8h to UTC - region PH diagnosed as a local-time export (100% impossible latencies)
payments,PMT-010480,corrected,paid_at shifted +8h to UTC - region PH diagnosed as a local-time export (100% impossible latencies)
payments,PMT-010494,corrected,paid_at shifted +8h to UTC - region PH diagnosed as a local-time export (100% impossible latencies)
payments,PMT-010495,corrected,paid_at shifted +8h to UTC - region PH diagnosed as a local-time export (100% impossible latencies)
payments,PMT-010504,corrected,paid_at shifted +8h to UTC - region PH diagnosed as a local-time export (100% impossible latencies)
payments,PMT-010509,corrected,paid_at shifted +8h to UTC - region PH diagnosed as a local-time export (100% impossible latencies)
payments,PMT-010513,corrected,paid_at shifted +8h to UTC - region PH diagnosed as a local-time export (100% impossible latencies)
payments,PMT-010560,corrected,paid_at shifted +8h to UTC - region PH diagnosed as a local-time export (100% impossible latencies)
payments,PMT-010561,corrected,paid_at shifted +8h to UTC - region PH diagnosed as a local-time export (100% impossible latencies)
payments,PMT-010565,corrected,paid_at shifted +8h to UTC - region PH diagnosed as a local-time export (100% impossible latencies)
payments,PMT-010588,corrected,paid_at shifted +8h to UTC - region PH diagnosed as a local-time export (100% impossible latencies)
payments,PMT-010597,corrected,paid_at shifted +8h to UTC - region PH diagnosed as a local-time export (100% impossible latencies)
payments,PMT-010616,corrected,paid_at shifted +8h to UTC - region PH diagnosed as a local-time export (100% impossible latencies)
payments,PMT-010642,corrected,paid_at shifted +8h to UTC - region PH diagnosed as a local-time export (100% impossible latencies)
payments,PMT-010657,corrected,paid_at shifted +8h to UTC - region PH diagnosed as a local-time export (100% impossible latencies)
payments,PMT-010677,corrected,paid_at shifted +8h to UTC - region PH diagnosed as a local-time export (100% impossible latencies)
payments,PMT-010693,corrected,paid_at shifted +8h to UTC - region PH diagnosed as a local-time export (100% impossible latencies)
payments,PMT-010704,corrected,paid_at shifted +8h to UTC - region PH diagnosed as a local-time export (100% impossible latencies)
payments,PMT-010735,corrected,paid_at shifted +8h to UTC - region PH diagnosed as a local-time export (100% impossible latencies)
payments,PMT-010747,corrected,paid_at shifted +8h to UTC - region PH diagnosed as a local-time export (100% impossible latencies)
payments,PMT-010761,corrected,paid_at shifted +8h to UTC - region PH diagnosed as a local-time export (100% impossible latencies)
payments,PMT-010772,corrected,paid_at shifted +8h to UTC - region PH diagnosed as a local-time export (100% impossible latencies)
payments,PMT-010777,corrected,paid_at shifted +8h to UTC - region PH diagnosed as a local-time export (100% impossible latencies)
payments,PMT-010781,corrected,paid_at shifted +8h to UTC - region PH diagnosed as a local-time export (100% impossible latencies)
payments,PMT-010788,corrected,paid_at shifted +8h to UTC - region PH diagnosed as a local-time export (100% impossible latencies)
payments,PMT-010813,corrected,paid_at shifted +8h to UTC - region PH diagnosed as a local-time export (100% impossible latencies)
payments,PMT-010822,corrected,paid_at shifted +8h to UTC - region PH diagnosed as a local-time export (100% impossible latencies)
payments,PMT-010835,corrected,paid_at shifted +8h to UTC - region PH diagnosed as a local-time export (100% impossible latencies)
payments,PMT-010854,corrected,paid_at shifted +8h to UTC - region PH diagnosed as a local-time export (100% impossible latencies)
payments,PMT-010860,corrected,paid_at shifted +8h to UTC - region PH diagnosed as a local-time export (100% impossible latencies)
payments,PMT-010874,corrected,paid_at shifted +8h to UTC - region PH diagnosed as a local-time export (100% impossible latencies)
payments,PMT-010877,corrected,paid_at shifted +8h to UTC - region PH diagnosed as a local-time export (100% impossible latencies)
payments,PMT-010886,corrected,paid_at shifted +8h to UTC - region PH diagnosed as a local-time export (100% impossible latencies)
payments,PMT-010889,corrected,paid_at shifted +8h to UTC - region PH diagnosed as a local-time export (100% impossible latencies)
payments,PMT-010895,corrected,paid_at shifted +8h to UTC - region PH diagnosed as a local-time export (100% impossible latencies)
payments,PMT-010908,corrected,paid_at shifted +8h to UTC - region PH diagnosed as a local-time export (100% impossible latencies)
payments,PMT-010916,corrected,paid_at shifted +8h to UTC - region PH diagnosed as a local-time export (100% impossible latencies)
payments,PMT-010923,corrected,paid_at shifted +8h to UTC - region PH diagnosed as a local-time export (100% impossible latencies)
payments,PMT-010946,corrected,paid_at shifted +8h to UTC - region PH diagnosed as a local-time export (100% impossible latencies)
payments,PMT-010954,corrected,paid_at shifted +8h to UTC - region PH diagnosed as a local-time export (100% impossible latencies)
payments,PMT-010957,corrected,paid_at shifted +8h to UTC - region PH diagnosed as a local-time export (100% impossible latencies)
payments,PMT-010958,corrected,paid_at shifted +8h to UTC - region PH diagnosed as a local-time export (100% impossible latencies)
payments,PMT-010965,corrected,paid_at shifted +8h to UTC - region PH diagnosed as a local-time export (100% impossible latencies)
payments,PMT-010968,corrected,paid_at shifted +8h to UTC - region PH diagnosed as a local-time export (100% impossible latencies)
payments,PMT-010976,corrected,paid_at shifted +8h to UTC - region PH diagnosed as a local-time export (100% impossible latencies)
payments,PMT-010979,corrected,paid_at shifted +8h to UTC - region PH diagnosed as a local-time export (100% impossible latencies)
payments,PMT-011021,corrected,paid_at shifted +8h to UTC - region PH diagnosed as a local-time export (100% impossible latencies)
payments,PMT-011034,corrected,paid_at shifted +8h to UTC - region PH diagnosed as a local-time export (100% impossible latencies)
payments,PMT-011037,corrected,paid_at shifted +8h to UTC - region PH diagnosed as a local-time export (100% impossible latencies)
payments,PMT-011050,corrected,paid_at shifted +8h to UTC - region PH diagnosed as a local-time export (100% impossible latencies)
payments,PMT-011067,corrected,paid_at shifted +8h to UTC - region PH diagnosed as a local-time export (100% impossible latencies)
payments,PMT-011082,corrected,paid_at shifted +8h to UTC - region PH diagnosed as a local-time export (100% impossible latencies)
payments,PMT-011085,corrected,paid_at shifted +8h to UTC - region PH diagnosed as a local-time export (100% impossible latencies)
payments,PMT-011119,corrected,paid_at shifted +8h to UTC - region PH diagnosed as a local-time export (100% impossible latencies)
payments,PMT-011127,corrected,paid_at shifted +8h to UTC - region PH diagnosed as a local-time export (100% impossible latencies)
payments,PMT-011129,corrected,paid_at shifted +8h to UTC - region PH diagnosed as a local-time export (100% impossible latencies)
payments,PMT-011131,corrected,paid_at shifted +8h to UTC - region PH diagnosed as a local-time export (100% impossible latencies)
payments,PMT-011133,corrected,paid_at shifted +8h to UTC - region PH diagnosed as a local-time export (100% impossible latencies)
payments,PMT-011135,corrected,paid_at shifted +8h to UTC - region PH diagnosed as a local-time export (100% impossible latencies)
payments,PMT-011142,corrected,paid_at shifted +8h to UTC - region PH diagnosed as a local-time export (100% impossible latencies)
payments,PMT-011152,corrected,paid_at shifted +8h to UTC - region PH diagnosed as a local-time export (100% impossible latencies)
payments,PMT-011156,corrected,paid_at shifted +8h to UTC - region PH diagnosed as a local-time export (100% impossible latencies)
payments,PMT-011188,corrected,paid_at shifted +8h to UTC - region PH diagnosed as a local-time export (100% impossible latencies)
payments,PMT-011191,corrected,paid_at shifted +8h to UTC - region PH diagnosed as a local-time export (100% impossible latencies)
payments,PMT-011195,corrected,paid_at shifted +8h to UTC - region PH diagnosed as a local-time export (100% impossible latencies)
payments,PMT-011199,corrected,paid_at shifted +8h to UTC - region PH diagnosed as a local-time export (100% impossible latencies)
payments,PMT-011209,corrected,paid_at shifted +8h to UTC - region PH diagnosed as a local-time export (100% impossible latencies)
payments,PMT-011235,corrected,paid_at shifted +8h to UTC - region PH diagnosed as a local-time export (100% impossible latencies)
payments,PMT-011291,corrected,paid_at shifted +8h to UTC - region PH diagnosed as a local-time export (100% impossible latencies)
payments,PMT-011320,corrected,paid_at shifted +8h to UTC - region PH diagnosed as a local-time export (100% impossible latencies)
payments,PMT-011327,corrected,paid_at shifted +8h to UTC - region PH diagnosed as a local-time export (100% impossible latencies)
payments,PMT-011330,corrected,paid_at shifted +8h to UTC - region PH diagnosed as a local-time export (100% impossible latencies)
payments,PMT-011346,corrected,paid_at shifted +8h to UTC - region PH diagnosed as a local-time export (100% impossible latencies)
payments,PMT-011353,corrected,paid_at shifted +8h to UTC - region PH diagnosed as a local-time export (100% impossible latencies)
payments,PMT-011356,corrected,paid_at shifted +8h to UTC - region PH diagnosed as a local-time export (100% impossible latencies)
payments,PMT-011358,corrected,paid_at shifted +8h to UTC - region PH diagnosed as a local-time export (100% impossible latencies)
payments,PMT-011368,corrected,paid_at shifted +8h to UTC - region PH diagnosed as a local-time export (100% impossible latencies)
payments,PMT-011372,corrected,paid_at shifted +8h to UTC - region PH diagnosed as a local-time export (100% impossible latencies)
payments,PMT-011381,corrected,paid_at shifted +8h to UTC - region PH diagnosed as a local-time export (100% impossible latencies)
payments,PMT-011408,corrected,paid_at shifted +8h to UTC - region PH diagnosed as a local-time export (100% impossible latencies)
payments,PMT-011429,corrected,paid_at shifted +8h to UTC - region PH diagnosed as a local-time export (100% impossible latencies)
payments,PMT-011434,corrected,paid_at shifted +8h to UTC - region PH diagnosed as a local-time export (100% impossible latencies)
payments,PMT-011469,corrected,paid_at shifted +8h to UTC - region PH diagnosed as a local-time export (100% impossible latencies)
payments,PMT-011487,corrected,paid_at shifted +8h to UTC - region PH diagnosed as a local-time export (100% impossible latencies)
payments,PMT-011491,corrected,paid_at shifted +8h to UTC - region PH diagnosed as a local-time export (100% impossible latencies)
payments,PMT-011522,corrected,paid_at shifted +8h to UTC - region PH diagnosed as a local-time export (100% impossible latencies)
payments,PMT-011526,corrected,paid_at shifted +8h to UTC - region PH diagnosed as a local-time export (100% impossible latencies)
payments,PMT-011527,corrected,paid_at shifted +8h to UTC - region PH diagnosed as a local-time export (100% impossible latencies)
payments,PMT-011539,corrected,paid_at shifted +8h to UTC - region PH diagnosed as a local-time export (100% impossible latencies)
payments,PMT-011553,corrected,paid_at shifted +8h to UTC - region PH diagnosed as a local-time export (100% impossible latencies)
payments,PMT-011555,corrected,paid_at shifted +8h to UTC - region PH diagnosed as a local-time export (100% impossible latencies)
payments,PMT-011574,corrected,paid_at shifted +8h to UTC - region PH diagnosed as a local-time export (100% impossible latencies)
payments,PMT-011588,corrected,paid_at shifted +8h to UTC - region PH diagnosed as a local-time export (100% impossible latencies)
payments,PMT-011590,corrected,paid_at shifted +8h to UTC - region PH diagnosed as a local-time export (100% impossible latencies)
payments,PMT-011604,corrected,paid_at shifted +8h to UTC - region PH diagnosed as a local-time export (100% impossible latencies)
payments,PMT-011616,corrected,paid_at shifted +8h to UTC - region PH diagnosed as a local-time export (100% impossible latencies)
payments,PMT-011617,corrected,paid_at shifted +8h to UTC - region PH diagnosed as a local-time export (100% impossible latencies)
payments,PMT-011618,corrected,paid_at shifted +8h to UTC - region PH diagnosed as a local-time export (100% impossible latencies)
payments,PMT-011619,corrected,paid_at shifted +8h to UTC - region PH diagnosed as a local-time export (100% impossible latencies)
payments,PMT-011629,corrected,paid_at shifted +8h to UTC - region PH diagnosed as a local-time export (100% impossible latencies)
payments,PMT-011649,corrected,paid_at shifted +8h to UTC - region PH diagnosed as a local-time export (100% impossible latencies)
payments,PMT-011651,corrected,paid_at shifted +8h to UTC - region PH diagnosed as a local-time export (100% impossible latencies)
payments,PMT-011663,corrected,paid_at shifted +8h to UTC - region PH diagnosed as a local-time export (100% impossible latencies)
payments,PMT-011685,corrected,paid_at shifted +8h to UTC - region PH diagnosed as a local-time export (100% impossible latencies)
payments,PMT-011753,corrected,paid_at shifted +8h to UTC - region PH diagnosed as a local-time export (100% impossible latencies)
payments,PMT-011777,corrected,paid_at shifted +8h to UTC - region PH diagnosed as a local-time export (100% impossible latencies)
payments,PMT-011782,corrected,paid_at shifted +8h to UTC - region PH diagnosed as a local-time export (100% impossible latencies)
payments,PMT-011795,corrected,paid_at shifted +8h to UTC - region PH diagnosed as a local-time export (100% impossible latencies)
payments,PMT-011798,corrected,paid_at shifted +8h to UTC - region PH diagnosed as a local-time export (100% impossible latencies)
payments,PMT-011807,corrected,paid_at shifted +8h to UTC - region PH diagnosed as a local-time export (100% impossible latencies)
payments,PMT-011809,corrected,paid_at shifted +8h to UTC - region PH diagnosed as a local-time export (100% impossible latencies)
payments,PMT-011830,corrected,paid_at shifted +8h to UTC - region PH diagnosed as a local-time export (100% impossible latencies)
payments,PMT-011834,corrected,paid_at shifted +8h to UTC - region PH diagnosed as a local-time export (100% impossible latencies)
payments,PMT-011848,corrected,paid_at shifted +8h to UTC - region PH diagnosed as a local-time export (100% impossible latencies)
payments,PMT-011860,corrected,paid_at shifted +8h to UTC - region PH diagnosed as a local-time export (100% impossible latencies)
payments,PMT-011879,corrected,paid_at shifted +8h to UTC - region PH diagnosed as a local-time export (100% impossible latencies)
payments,PMT-011887,corrected,paid_at shifted +8h to UTC - region PH diagnosed as a local-time export (100% impossible latencies)
payments,PMT-011908,corrected,paid_at shifted +8h to UTC - region PH diagnosed as a local-time export (100% impossible latencies)
payments,PMT-011933,corrected,paid_at shifted +8h to UTC - region PH diagnosed as a local-time export (100% impossible latencies)
payments,PMT-011935,corrected,paid_at shifted +8h to UTC - region PH diagnosed as a local-time export (100% impossible latencies)
payments,PMT-011944,corrected,paid_at shifted +8h to UTC - region PH diagnosed as a local-time export (100% impossible latencies)
payments,PMT-011968,corrected,paid_at shifted +8h to UTC - region PH diagnosed as a local-time export (100% impossible latencies)
payments,PMT-011991,corrected,paid_at shifted +8h to UTC - region PH diagnosed as a local-time export (100% impossible latencies)
payments,PMT-012010,corrected,paid_at shifted +8h to UTC - region PH diagnosed as a local-time export (100% impossible latencies)
payments,PMT-012014,corrected,paid_at shifted +8h to UTC - region PH diagnosed as a local-time export (100% impossible latencies)
payments,PMT-012019,corrected,paid_at shifted +8h to UTC - region PH diagnosed as a local-time export (100% impossible latencies)
payments,PMT-012030,corrected,paid_at shifted +8h to UTC - region PH diagnosed as a local-time export (100% impossible latencies)
payments,PMT-012037,corrected,paid_at shifted +8h to UTC - region PH diagnosed as a local-time export (100% impossible latencies)
payments,PMT-012047,corrected,paid_at shifted +8h to UTC - region PH diagnosed as a local-time export (100% impossible latencies)
payments,PMT-012049,corrected,paid_at shifted +8h to UTC - region PH diagnosed as a local-time export (100% impossible latencies)
payments,PMT-012054,corrected,paid_at shifted +8h to UTC - region PH diagnosed as a local-time export (100% impossible latencies)
payments,PMT-012068,corrected,paid_at shifted +8h to UTC - region PH diagnosed as a local-time export (100% impossible latencies)
payments,PMT-012070,corrected,paid_at shifted +8h to UTC - region PH diagnosed as a local-time export (100% impossible latencies)
payments,PMT-012072,corrected,paid_at shifted +8h to UTC - region PH diagnosed as a local-time export (100% impossible latencies)
payments,PMT-012076,corrected,paid_at shifted +8h to UTC - region PH diagnosed as a local-time export (100% impossible latencies)
payments,PMT-012080,corrected,paid_at shifted +8h to UTC - region PH diagnosed as a local-time export (100% impossible latencies)
payments,PMT-012092,corrected,paid_at shifted +8h to UTC - region PH diagnosed as a local-time export (100% impossible latencies)
payments,PMT-012098,corrected,paid_at shifted +8h to UTC - region PH diagnosed as a local-time export (100% impossible latencies)
payments,PMT-012106,corrected,paid_at shifted +8h to UTC - region PH diagnosed as a local-time export (100% impossible latencies)
payments,PMT-012142,corrected,paid_at shifted +8h to UTC - region PH diagnosed as a local-time export (100% impossible latencies)
payments,PMT-012151,corrected,paid_at shifted +8h to UTC - region PH diagnosed as a local-time export (100% impossible latencies)
payments,PMT-012171,corrected,paid_at shifted +8h to UTC - region PH diagnosed as a local-time export (100% impossible latencies)
payments,PMT-012190,corrected,paid_at shifted +8h to UTC - region PH diagnosed as a local-time export (100% impossible latencies)
payments,PMT-012201,corrected,paid_at shifted +8h to UTC - region PH diagnosed as a local-time export (100% impossible latencies)
payments,PMT-012211,corrected,paid_at shifted +8h to UTC - region PH diagnosed as a local-time export (100% impossible latencies)
payments,PMT-012217,corrected,paid_at shifted +8h to UTC - region PH diagnosed as a local-time export (100% impossible latencies)
payments,PMT-012234,corrected,paid_at shifted +8h to UTC - region PH diagnosed as a local-time export (100% impossible latencies)
payments,PMT-012241,corrected,paid_at shifted +8h to UTC - region PH diagnosed as a local-time export (100% impossible latencies)
payments,PMT-012326,corrected,paid_at shifted +8h to UTC - region PH diagnosed as a local-time export (100% impossible latencies)
payments,PMT-012348,corrected,paid_at shifted +8h to UTC - region PH diagnosed as a local-time export (100% impossible latencies)
payments,PMT-012387,corrected,paid_at shifted +8h to UTC - region PH diagnosed as a local-time export (100% impossible latencies)
payments,PMT-012401,corrected,paid_at shifted +8h to UTC - region PH diagnosed as a local-time export (100% impossible latencies)
payments,PMT-012403,corrected,paid_at shifted +8h to UTC - region PH diagnosed as a local-time export (100% impossible latencies)
payments,PMT-012420,corrected,paid_at shifted +8h to UTC - region PH diagnosed as a local-time export (100% impossible latencies)
payments,PMT-012461,corrected,paid_at shifted +8h to UTC - region PH diagnosed as a local-time export (100% impossible latencies)
payments,PMT-012469,corrected,paid_at shifted +8h to UTC - region PH diagnosed as a local-time export (100% impossible latencies)
payments,PMT-012473,corrected,paid_at shifted +8h to UTC - region PH diagnosed as a local-time export (100% impossible latencies)
payments,PMT-012495,corrected,paid_at shifted +8h to UTC - region PH diagnosed as a local-time export (100% impossible latencies)
payments,PMT-012533,corrected,paid_at shifted +8h to UTC - region PH diagnosed as a local-time export (100% impossible latencies)
payments,PMT-012545,corrected,paid_at shifted +8h to UTC - region PH diagnosed as a local-time export (100% impossible latencies)
payments,PMT-012558,corrected,paid_at shifted +8h to UTC - region PH diagnosed as a local-time export (100% impossible latencies)
payments,PMT-012570,corrected,paid_at shifted +8h to UTC - region PH diagnosed as a local-time export (100% impossible latencies)
payments,PMT-012580,corrected,paid_at shifted +8h to UTC - region PH diagnosed as a local-time export (100% impossible latencies)
payments,PMT-012590,corrected,paid_at shifted +8h to UTC - region PH diagnosed as a local-time export (100% impossible latencies)
payments,PMT-012595,corrected,paid_at shifted +8h to UTC - region PH diagnosed as a local-time export (100% impossible latencies)
payments,PMT-012596,corrected,paid_at shifted +8h to UTC - region PH diagnosed as a local-time export (100% impossible latencies)
payments,PMT-012597,corrected,paid_at shifted +8h to UTC - region PH diagnosed as a local-time export (100% impossible latencies)
payments,PMT-012600,corrected,paid_at shifted +8h to UTC - region PH diagnosed as a local-time export (100% impossible latencies)
payments,PMT-012608,corrected,paid_at shifted +8h to UTC - region PH diagnosed as a local-time export (100% impossible latencies)
payments,PMT-012627,corrected,paid_at shifted +8h to UTC - region PH diagnosed as a local-time export (100% impossible latencies)
payments,PMT-012636,corrected,paid_at shifted +8h to UTC - region PH diagnosed as a local-time export (100% impossible latencies)
payments,PMT-012642,corrected,paid_at shifted +8h to UTC - region PH diagnosed as a local-time export (100% impossible latencies)
payments,PMT-012662,corrected,paid_at shifted +8h to UTC - region PH diagnosed as a local-time export (100% impossible latencies)
payments,PMT-012666,corrected,paid_at shifted +8h to UTC - region PH diagnosed as a local-time export (100% impossible latencies)
payments,PMT-012679,corrected,paid_at shifted +8h to UTC - region PH diagnosed as a local-time export (100% impossible latencies)
payments,PMT-012707,corrected,paid_at shifted +8h to UTC - region PH diagnosed as a local-time export (100% impossible latencies)
payments,PMT-012718,corrected,paid_at shifted +8h to UTC - region PH diagnosed as a local-time export (100% impossible latencies)
payments,PMT-012720,corrected,paid_at shifted +8h to UTC - region PH diagnosed as a local-time export (100% impossible latencies)
payments,PMT-012730,corrected,paid_at shifted +8h to UTC - region PH diagnosed as a local-time export (100% impossible latencies)
payments,PMT-012748,corrected,paid_at shifted +8h to UTC - region PH diagnosed as a local-time export (100% impossible latencies)
payments,PMT-012752,corrected,paid_at shifted +8h to UTC - region PH diagnosed as a local-time export (100% impossible latencies)
payments,PMT-012775,corrected,paid_at shifted +8h to UTC - region PH diagnosed as a local-time export (100% impossible latencies)
payments,PMT-012796,corrected,paid_at shifted +8h to UTC - region PH diagnosed as a local-time export (100% impossible latencies)
payments,PMT-012797,corrected,paid_at shifted +8h to UTC - region PH diagnosed as a local-time export (100% impossible latencies)
payments,PMT-012818,corrected,paid_at shifted +8h to UTC - region PH diagnosed as a local-time export (100% impossible latencies)
payments,PMT-012823,corrected,paid_at shifted +8h to UTC - region PH diagnosed as a local-time export (100% impossible latencies)
payments,PMT-012825,corrected,paid_at shifted +8h to UTC - region PH diagnosed as a local-time export (100% impossible latencies)
payments,PMT-012857,corrected,paid_at shifted +8h to UTC - region PH diagnosed as a local-time export (100% impossible latencies)
payments,PMT-012863,corrected,paid_at shifted +8h to UTC - region PH diagnosed as a local-time export (100% impossible latencies)
payments,PMT-012865,corrected,paid_at shifted +8h to UTC - region PH diagnosed as a local-time export (100% impossible latencies)
payments,PMT-012871,corrected,paid_at shifted +8h to UTC - region PH diagnosed as a local-time export (100% impossible latencies)
payments,PMT-012880,corrected,paid_at shifted +8h to UTC - region PH diagnosed as a local-time export (100% impossible latencies)
payments,PMT-012881,corrected,paid_at shifted +8h to UTC - region PH diagnosed as a local-time export (100% impossible latencies)
payments,PMT-012900,corrected,paid_at shifted +8h to UTC - region PH diagnosed as a local-time export (100% impossible latencies)
payments,PMT-012914,corrected,paid_at shifted +8h to UTC - region PH diagnosed as a local-time export (100% impossible latencies)
payments,PMT-012930,corrected,paid_at shifted +8h to UTC - region PH diagnosed as a local-time export (100% impossible latencies)
payments,PMT-012935,corrected,paid_at shifted +8h to UTC - region PH diagnosed as a local-time export (100% impossible latencies)
payments,PMT-012941,corrected,paid_at shifted +8h to UTC - region PH diagnosed as a local-time export (100% impossible latencies)
payments,PMT-012948,corrected,paid_at shifted +8h to UTC - region PH diagnosed as a local-time export (100% impossible latencies)
payments,PMT-012952,corrected,paid_at shifted +8h to UTC - region PH diagnosed as a local-time export (100% impossible latencies)
payments,PMT-012987,corrected,paid_at shifted +8h to UTC - region PH diagnosed as a local-time export (100% impossible latencies)
payments,PMT-013007,corrected,paid_at shifted +8h to UTC - region PH diagnosed as a local-time export (100% impossible latencies)
payments,PMT-013015,corrected,paid_at shifted +8h to UTC - region PH diagnosed as a local-time export (100% impossible latencies)
payments,PMT-013035,corrected,paid_at shifted +8h to UTC - region PH diagnosed as a local-time export (100% impossible latencies)
payments,PMT-013042,corrected,paid_at shifted +8h to UTC - region PH diagnosed as a local-time export (100% impossible latencies)
payments,PMT-013056,corrected,paid_at shifted +8h to UTC - region PH diagnosed as a local-time export (100% impossible latencies)
payments,PMT-013058,corrected,paid_at shifted +8h to UTC - region PH diagnosed as a local-time export (100% impossible latencies)
payments,PMT-013060,corrected,paid_at shifted +8h to UTC - region PH diagnosed as a local-time export (100% impossible latencies)
payments,PMT-013065,corrected,paid_at shifted +8h to UTC - region PH diagnosed as a local-time export (100% impossible latencies)
payments,PMT-013076,corrected,paid_at shifted +8h to UTC - region PH diagnosed as a local-time export (100% impossible latencies)
payments,PMT-013090,corrected,paid_at shifted +8h to UTC - region PH diagnosed as a local-time export (100% impossible latencies)
payments,PMT-013108,corrected,paid_at shifted +8h to UTC - region PH diagnosed as a local-time export (100% impossible latencies)
payments,PMT-013109,corrected,paid_at shifted +8h to UTC - region PH diagnosed as a local-time export (100% impossible latencies)
payments,PMT-013116,corrected,paid_at shifted +8h to UTC - region PH diagnosed as a local-time export (100% impossible latencies)
payments,PMT-013131,corrected,paid_at shifted +8h to UTC - region PH diagnosed as a local-time export (100% impossible latencies)
payments,PMT-013139,corrected,paid_at shifted +8h to UTC - region PH diagnosed as a local-time export (100% impossible latencies)
payments,PMT-013174,corrected,paid_at shifted +8h to UTC - region PH diagnosed as a local-time export (100% impossible latencies)
payments,PMT-013178,corrected,paid_at shifted +8h to UTC - region PH diagnosed as a local-time export (100% impossible latencies)
payments,PMT-013186,corrected,paid_at shifted +8h to UTC - region PH diagnosed as a local-time export (100% impossible latencies)
payments,PMT-013241,corrected,paid_at shifted +8h to UTC - region PH diagnosed as a local-time export (100% impossible latencies)
payments,PMT-013249,corrected,paid_at shifted +8h to UTC - region PH diagnosed as a local-time export (100% impossible latencies)
payments,PMT-013300,corrected,paid_at shifted +8h to UTC - region PH diagnosed as a local-time export (100% impossible latencies)
payments,PMT-013324,corrected,paid_at shifted +8h to UTC - region PH diagnosed as a local-time export (100% impossible latencies)
payments,PMT-013334,corrected,paid_at shifted +8h to UTC - region PH diagnosed as a local-time export (100% impossible latencies)
payments,PMT-013342,corrected,paid_at shifted +8h to UTC - region PH diagnosed as a local-time export (100% impossible latencies)
payments,PMT-013346,corrected,paid_at shifted +8h to UTC - region PH diagnosed as a local-time export (100% impossible latencies)
payments,PMT-013348,corrected,paid_at shifted +8h to UTC - region PH diagnosed as a local-time export (100% impossible latencies)
payments,PMT-013353,corrected,paid_at shifted +8h to UTC - region PH diagnosed as a local-time export (100% impossible latencies)
payments,PMT-013362,corrected,paid_at shifted +8h to UTC - region PH diagnosed as a local-time export (100% impossible latencies)
payments,PMT-013373,corrected,paid_at shifted +8h to UTC - region PH diagnosed as a local-time export (100% impossible latencies)
payments,PMT-013381,corrected,paid_at shifted +8h to UTC - region PH diagnosed as a local-time export (100% impossible latencies)
payments,PMT-013389,corrected,paid_at shifted +8h to UTC - region PH diagnosed as a local-time export (100% impossible latencies)
payments,PMT-013390,corrected,paid_at shifted +8h to UTC - region PH diagnosed as a local-time export (100% impossible latencies)
payments,PMT-013391,corrected,paid_at shifted +8h to UTC - region PH diagnosed as a local-time export (100% impossible latencies)
payments,PMT-013410,corrected,paid_at shifted +8h to UTC - region PH diagnosed as a local-time export (100% impossible latencies)
payments,PMT-013413,corrected,paid_at shifted +8h to UTC - region PH diagnosed as a local-time export (100% impossible latencies)
payments,PMT-013417,corrected,paid_at shifted +8h to UTC - region PH diagnosed as a local-time export (100% impossible latencies)
payments,PMT-013418,corrected,paid_at shifted +8h to UTC - region PH diagnosed as a local-time export (100% impossible latencies)
payments,PMT-013421,corrected,paid_at shifted +8h to UTC - region PH diagnosed as a local-time export (100% impossible latencies)
payments,PMT-013434,corrected,paid_at shifted +8h to UTC - region PH diagnosed as a local-time export (100% impossible latencies)
payments,PMT-013459,corrected,paid_at shifted +8h to UTC - region PH diagnosed as a local-time export (100% impossible latencies)
payments,PMT-013467,corrected,paid_at shifted +8h to UTC - region PH diagnosed as a local-time export (100% impossible latencies)
payments,PMT-013481,corrected,paid_at shifted +8h to UTC - region PH diagnosed as a local-time export (100% impossible latencies)
payments,PMT-013496,corrected,paid_at shifted +8h to UTC - region PH diagnosed as a local-time export (100% impossible latencies)
payments,PMT-013498,corrected,paid_at shifted +8h to UTC - region PH diagnosed as a local-time export (100% impossible latencies)
payments,PMT-013503,corrected,paid_at shifted +8h to UTC - region PH diagnosed as a local-time export (100% impossible latencies)
payments,PMT-013522,corrected,paid_at shifted +8h to UTC - region PH diagnosed as a local-time export (100% impossible latencies)
payments,PMT-013544,corrected,paid_at shifted +8h to UTC - region PH diagnosed as a local-time export (100% impossible latencies)
payments,PMT-013566,corrected,paid_at shifted +8h to UTC - region PH diagnosed as a local-time export (100% impossible latencies)
payments,PMT-013582,corrected,paid_at shifted +8h to UTC - region PH diagnosed as a local-time export (100% impossible latencies)
payments,PMT-013584,corrected,paid_at shifted +8h to UTC - region PH diagnosed as a local-time export (100% impossible latencies)
payments,PMT-013593,corrected,paid_at shifted +8h to UTC - region PH diagnosed as a local-time export (100% impossible latencies)
payments,PMT-013605,corrected,paid_at shifted +8h to UTC - region PH diagnosed as a local-time export (100% impossible latencies)
payments,PMT-013616,corrected,paid_at shifted +8h to UTC - region PH diagnosed as a local-time export (100% impossible latencies)
payments,PMT-013623,corrected,paid_at shifted +8h to UTC - region PH diagnosed as a local-time export (100% impossible latencies)
payments,PMT-013630,corrected,paid_at shifted +8h to UTC - region PH diagnosed as a local-time export (100% impossible latencies)
payments,PMT-013633,corrected,paid_at shifted +8h to UTC - region PH diagnosed as a local-time export (100% impossible latencies)
payments,PMT-013639,corrected,paid_at shifted +8h to UTC - region PH diagnosed as a local-time export (100% impossible latencies)
payments,PMT-013649,corrected,paid_at shifted +8h to UTC - region PH diagnosed as a local-time export (100% impossible latencies)
payments,PMT-013658,corrected,paid_at shifted +8h to UTC - region PH diagnosed as a local-time export (100% impossible latencies)
payments,PMT-013692,corrected,paid_at shifted +8h to UTC - region PH diagnosed as a local-time export (100% impossible latencies)
payments,PMT-013704,corrected,paid_at shifted +8h to UTC - region PH diagnosed as a local-time export (100% impossible latencies)
payments,PMT-013748,corrected,paid_at shifted +8h to UTC - region PH diagnosed as a local-time export (100% impossible latencies)
payments,PMT-013751,corrected,paid_at shifted +8h to UTC - region PH diagnosed as a local-time export (100% impossible latencies)
payments,PMT-013755,corrected,paid_at shifted +8h to UTC - region PH diagnosed as a local-time export (100% impossible latencies)
payments,PMT-013762,corrected,paid_at shifted +8h to UTC - region PH diagnosed as a local-time export (100% impossible latencies)
payments,PMT-013775,corrected,paid_at shifted +8h to UTC - region PH diagnosed as a local-time export (100% impossible latencies)
payments,PMT-013780,corrected,paid_at shifted +8h to UTC - region PH diagnosed as a local-time export (100% impossible latencies)
payments,PMT-013798,corrected,paid_at shifted +8h to UTC - region PH diagnosed as a local-time export (100% impossible latencies)
payments,PMT-013806,corrected,paid_at shifted +8h to UTC - region PH diagnosed as a local-time export (100% impossible latencies)
payments,PMT-013833,corrected,paid_at shifted +8h to UTC - region PH diagnosed as a local-time export (100% impossible latencies)
payments,PMT-013840,corrected,paid_at shifted +8h to UTC - region PH diagnosed as a local-time export (100% impossible latencies)
payments,PMT-013859,corrected,paid_at shifted +8h to UTC - region PH diagnosed as a local-time export (100% impossible latencies)
payments,PMT-013864,corrected,paid_at shifted +8h to UTC - region PH diagnosed as a local-time export (100% impossible latencies)
payments,PMT-013872,corrected,paid_at shifted +8h to UTC - region PH diagnosed as a local-time export (100% impossible latencies)
payments,PMT-013900,corrected,paid_at shifted +8h to UTC - region PH diagnosed as a local-time export (100% impossible latencies)
payments,PMT-013905,corrected,paid_at shifted +8h to UTC - region PH diagnosed as a local-time export (100% impossible latencies)
payments,PMT-013917,corrected,paid_at shifted +8h to UTC - region PH diagnosed as a local-time export (100% impossible latencies)
payments,PMT-013923,corrected,paid_at shifted +8h to UTC - region PH diagnosed as a local-time export (100% impossible latencies)
payments,PMT-013933,corrected,paid_at shifted +8h to UTC - region PH diagnosed as a local-time export (100% impossible latencies)
payments,PMT-013935,corrected,paid_at shifted +8h to UTC - region PH diagnosed as a local-time export (100% impossible latencies)
payments,PMT-013940,corrected,paid_at shifted +8h to UTC - region PH diagnosed as a local-time export (100% impossible latencies)
payments,PMT-013946,corrected,paid_at shifted +8h to UTC - region PH diagnosed as a local-time export (100% impossible latencies)
payments,PMT-013985,corrected,paid_at shifted +8h to UTC - region PH diagnosed as a local-time export (100% impossible latencies)
payments,PMT-013986,corrected,paid_at shifted +8h to UTC - region PH diagnosed as a local-time export (100% impossible latencies)
payments,PMT-013987,corrected,paid_at shifted +8h to UTC - region PH diagnosed as a local-time export (100% impossible latencies)
payments,PMT-013992,corrected,paid_at shifted +8h to UTC - region PH diagnosed as a local-time export (100% impossible latencies)
payments,PMT-014011,corrected,paid_at shifted +8h to UTC - region PH diagnosed as a local-time export (100% impossible latencies)
payments,PMT-014018,corrected,paid_at shifted +8h to UTC - region PH diagnosed as a local-time export (100% impossible latencies)
payments,PMT-014029,corrected,paid_at shifted +8h to UTC - region PH diagnosed as a local-time export (100% impossible latencies)
payments,PMT-014063,corrected,paid_at shifted +8h to UTC - region PH diagnosed as a local-time export (100% impossible latencies)
payments,PMT-014075,corrected,paid_at shifted +8h to UTC - region PH diagnosed as a local-time export (100% impossible latencies)
payments,PMT-014077,corrected,paid_at shifted +8h to UTC - region PH diagnosed as a local-time export (100% impossible latencies)
payments,PMT-014104,corrected,paid_at shifted +8h to UTC - region PH diagnosed as a local-time export (100% impossible latencies)
payments,PMT-014132,corrected,paid_at shifted +8h to UTC - region PH diagnosed as a local-time export (100% impossible latencies)
payments,PMT-014143,corrected,paid_at shifted +8h to UTC - region PH diagnosed as a local-time export (100% impossible latencies)
payments,PMT-014169,corrected,paid_at shifted +8h to UTC - region PH diagnosed as a local-time export (100% impossible latencies)
payments,PMT-014194,corrected,paid_at shifted +8h to UTC - region PH diagnosed as a local-time export (100% impossible latencies)
payments,PMT-014204,corrected,paid_at shifted +8h to UTC - region PH diagnosed as a local-time export (100% impossible latencies)
payments,PMT-014214,corrected,paid_at shifted +8h to UTC - region PH diagnosed as a local-time export (100% impossible latencies)
payments,PMT-014222,corrected,paid_at shifted +8h to UTC - region PH diagnosed as a local-time export (100% impossible latencies)
payments,PMT-014226,corrected,paid_at shifted +8h to UTC - region PH diagnosed as a local-time export (100% impossible latencies)
payments,PMT-014236,corrected,paid_at shifted +8h to UTC - region PH diagnosed as a local-time export (100% impossible latencies)
payments,PMT-014243,corrected,paid_at shifted +8h to UTC - region PH diagnosed as a local-time export (100% impossible latencies)
payments,PMT-014264,corrected,paid_at shifted +8h to UTC - region PH diagnosed as a local-time export (100% impossible latencies)
payments,PMT-014269,corrected,paid_at shifted +8h to UTC - region PH diagnosed as a local-time export (100% impossible latencies)
payments,PMT-014273,corrected,paid_at shifted +8h to UTC - region PH diagnosed as a local-time export (100% impossible latencies)
payments,PMT-014274,corrected,paid_at shifted +8h to UTC - region PH diagnosed as a local-time export (100% impossible latencies)
payments,PMT-014290,corrected,paid_at shifted +8h to UTC - region PH diagnosed as a local-time export (100% impossible latencies)
payments,PMT-014310,corrected,paid_at shifted +8h to UTC - region PH diagnosed as a local-time export (100% impossible latencies)
payments,PMT-014311,corrected,paid_at shifted +8h to UTC - region PH diagnosed as a local-time export (100% impossible latencies)
payments,PMT-014360,corrected,paid_at shifted +8h to UTC - region PH diagnosed as a local-time export (100% impossible latencies)
payments,PMT-014367,corrected,paid_at shifted +8h to UTC - region PH diagnosed as a local-time export (100% impossible latencies)
payments,PMT-014370,corrected,paid_at shifted +8h to UTC - region PH diagnosed as a local-time export (100% impossible latencies)
payments,PMT-014396,corrected,paid_at shifted +8h to UTC - region PH diagnosed as a local-time export (100% impossible latencies)
payments,PMT-014420,corrected,paid_at shifted +8h to UTC - region PH diagnosed as a local-time export (100% impossible latencies)
payments,PMT-014436,corrected,paid_at shifted +8h to UTC - region PH diagnosed as a local-time export (100% impossible latencies)
payments,PMT-014451,corrected,paid_at shifted +8h to UTC - region PH diagnosed as a local-time export (100% impossible latencies)
payments,PMT-014471,corrected,paid_at shifted +8h to UTC - region PH diagnosed as a local-time export (100% impossible latencies)
payments,PMT-014482,corrected,paid_at shifted +8h to UTC - region PH diagnosed as a local-time export (100% impossible latencies)
payments,PMT-014484,corrected,paid_at shifted +8h to UTC - region PH diagnosed as a local-time export (100% impossible latencies)
payments,PMT-014486,corrected,paid_at shifted +8h to UTC - region PH diagnosed as a local-time export (100% impossible latencies)
payments,PMT-014493,corrected,paid_at shifted +8h to UTC - region PH diagnosed as a local-time export (100% impossible latencies)
payments,PMT-014519,corrected,paid_at shifted +8h to UTC - region PH diagnosed as a local-time export (100% impossible latencies)
payments,PMT-014531,corrected,paid_at shifted +8h to UTC - region PH diagnosed as a local-time export (100% impossible latencies)
payments,PMT-014534,corrected,paid_at shifted +8h to UTC - region PH diagnosed as a local-time export (100% impossible latencies)
payments,PMT-014535,corrected,paid_at shifted +8h to UTC - region PH diagnosed as a local-time export (100% impossible latencies)
payments,PMT-014545,corrected,paid_at shifted +8h to UTC - region PH diagnosed as a local-time export (100% impossible latencies)
payments,PMT-014547,corrected,paid_at shifted +8h to UTC - region PH diagnosed as a local-time export (100% impossible latencies)
payments,PMT-014550,corrected,paid_at shifted +8h to UTC - region PH diagnosed as a local-time export (100% impossible latencies)
payments,PMT-014558,corrected,paid_at shifted +8h to UTC - region PH diagnosed as a local-time export (100% impossible latencies)
payments,PMT-014562,corrected,paid_at shifted +8h to UTC - region PH diagnosed as a local-time export (100% impossible latencies)
payments,PMT-014578,corrected,paid_at shifted +8h to UTC - region PH diagnosed as a local-time export (100% impossible latencies)
payments,PMT-014590,corrected,paid_at shifted +8h to UTC - region PH diagnosed as a local-time export (100% impossible latencies)
payments,PMT-014597,corrected,paid_at shifted +8h to UTC - region PH diagnosed as a local-time export (100% impossible latencies)
payments,PMT-014606,corrected,paid_at shifted +8h to UTC - region PH diagnosed as a local-time export (100% impossible latencies)
payments,PMT-014613,corrected,paid_at shifted +8h to UTC - region PH diagnosed as a local-time export (100% impossible latencies)
payments,PMT-014619,corrected,paid_at shifted +8h to UTC - region PH diagnosed as a local-time export (100% impossible latencies)
payments,PMT-014643,corrected,paid_at shifted +8h to UTC - region PH diagnosed as a local-time export (100% impossible latencies)
payments,PMT-014704,corrected,paid_at shifted +8h to UTC - region PH diagnosed as a local-time export (100% impossible latencies)
payments,PMT-014706,corrected,paid_at shifted +8h to UTC - region PH diagnosed as a local-time export (100% impossible latencies)
payments,PMT-014722,corrected,paid_at shifted +8h to UTC - region PH diagnosed as a local-time export (100% impossible latencies)
payments,PMT-014724,corrected,paid_at shifted +8h to UTC - region PH diagnosed as a local-time export (100% impossible latencies)
payments,PMT-014732,corrected,paid_at shifted +8h to UTC - region PH diagnosed as a local-time export (100% impossible latencies)
payments,PMT-014737,corrected,paid_at shifted +8h to UTC - region PH diagnosed as a local-time export (100% impossible latencies)
payments,PMT-014745,corrected,paid_at shifted +8h to UTC - region PH diagnosed as a local-time export (100% impossible latencies)
payments,PMT-014754,corrected,paid_at shifted +8h to UTC - region PH diagnosed as a local-time export (100% impossible latencies)
payments,PMT-014767,corrected,paid_at shifted +8h to UTC - region PH diagnosed as a local-time export (100% impossible latencies)
payments,PMT-014786,corrected,paid_at shifted +8h to UTC - region PH diagnosed as a local-time export (100% impossible latencies)
payments,PMT-014802,corrected,paid_at shifted +8h to UTC - region PH diagnosed as a local-time export (100% impossible latencies)
payments,PMT-014827,corrected,paid_at shifted +8h to UTC - region PH diagnosed as a local-time export (100% impossible latencies)
payments,PMT-014833,corrected,paid_at shifted +8h to UTC - region PH diagnosed as a local-time export (100% impossible latencies)
payments,PMT-014841,corrected,paid_at shifted +8h to UTC - region PH diagnosed as a local-time export (100% impossible latencies)
payments,PMT-014852,corrected,paid_at shifted +8h to UTC - region PH diagnosed as a local-time export (100% impossible latencies)
payments,PMT-014864,corrected,paid_at shifted +8h to UTC - region PH diagnosed as a local-time export (100% impossible latencies)
payments,PMT-014884,corrected,paid_at shifted +8h to UTC - region PH diagnosed as a local-time export (100% impossible latencies)
payments,PMT-014886,corrected,paid_at shifted +8h to UTC - region PH diagnosed as a local-time export (100% impossible latencies)
payments,PMT-014912,corrected,paid_at shifted +8h to UTC - region PH diagnosed as a local-time export (100% impossible latencies)
payments,PMT-014947,corrected,paid_at shifted +8h to UTC - region PH diagnosed as a local-time export (100% impossible latencies)
payments,PMT-014950,corrected,paid_at shifted +8h to UTC - region PH diagnosed as a local-time export (100% impossible latencies)
payments,PMT-014968,corrected,paid_at shifted +8h to UTC - region PH diagnosed as a local-time export (100% impossible latencies)
payments,PMT-014978,corrected,paid_at shifted +8h to UTC - region PH diagnosed as a local-time export (100% impossible latencies)
payments,PMT-014997,corrected,paid_at shifted +8h to UTC - region PH diagnosed as a local-time export (100% impossible latencies)
payments,PMT-015004,corrected,paid_at shifted +8h to UTC - region PH diagnosed as a local-time export (100% impossible latencies)
payments,PMT-015006,corrected,paid_at shifted +8h to UTC - region PH diagnosed as a local-time export (100% impossible latencies)
payments,PMT-015026,corrected,paid_at shifted +8h to UTC - region PH diagnosed as a local-time export (100% impossible latencies)
payments,PMT-015064,corrected,paid_at shifted +8h to UTC - region PH diagnosed as a local-time export (100% impossible latencies)
payments,PMT-015079,corrected,paid_at shifted +8h to UTC - region PH diagnosed as a local-time export (100% impossible latencies)
payments,PMT-015080,corrected,paid_at shifted +8h to UTC - region PH diagnosed as a local-time export (100% impossible latencies)
payments,PMT-015086,corrected,paid_at shifted +8h to UTC - region PH diagnosed as a local-time export (100% impossible latencies)
payments,PMT-015117,corrected,paid_at shifted +8h to UTC - region PH diagnosed as a local-time export (100% impossible latencies)
payments,PMT-015119,corrected,paid_at shifted +8h to UTC - region PH diagnosed as a local-time export (100% impossible latencies)
payments,PMT-015128,corrected,paid_at shifted +8h to UTC - region PH diagnosed as a local-time export (100% impossible latencies)
payments,PMT-015142,corrected,paid_at shifted +8h to UTC - region PH diagnosed as a local-time export (100% impossible latencies)
payments,PMT-015144,corrected,paid_at shifted +8h to UTC - region PH diagnosed as a local-time export (100% impossible latencies)
payments,PMT-015169,corrected,paid_at shifted +8h to UTC - region PH diagnosed as a local-time export (100% impossible latencies)
payments,PMT-015185,corrected,paid_at shifted +8h to UTC - region PH diagnosed as a local-time export (100% impossible latencies)
payments,PMT-015194,corrected,paid_at shifted +8h to UTC - region PH diagnosed as a local-time export (100% impossible latencies)
payments,PMT-015207,corrected,paid_at shifted +8h to UTC - region PH diagnosed as a local-time export (100% impossible latencies)
payments,PMT-015222,corrected,paid_at shifted +8h to UTC - region PH diagnosed as a local-time export (100% impossible latencies)
payments,PMT-015225,corrected,paid_at shifted +8h to UTC - region PH diagnosed as a local-time export (100% impossible latencies)
payments,PMT-015235,corrected,paid_at shifted +8h to UTC - region PH diagnosed as a local-time export (100% impossible latencies)
payments,PMT-015236,corrected,paid_at shifted +8h to UTC - region PH diagnosed as a local-time export (100% impossible latencies)
payments,PMT-015241,corrected,paid_at shifted +8h to UTC - region PH diagnosed as a local-time export (100% impossible latencies)
payments,PMT-015255,corrected,paid_at shifted +8h to UTC - region PH diagnosed as a local-time export (100% impossible latencies)
payments,PMT-015272,corrected,paid_at shifted +8h to UTC - region PH diagnosed as a local-time export (100% impossible latencies)
payments,PMT-015278,corrected,paid_at shifted +8h to UTC - region PH diagnosed as a local-time export (100% impossible latencies)
payments,PMT-015282,corrected,paid_at shifted +8h to UTC - region PH diagnosed as a local-time export (100% impossible latencies)
payments,PMT-015300,corrected,paid_at shifted +8h to UTC - region PH diagnosed as a local-time export (100% impossible latencies)
payments,PMT-015341,corrected,paid_at shifted +8h to UTC - region PH diagnosed as a local-time export (100% impossible latencies)
payments,PMT-015366,corrected,paid_at shifted +8h to UTC - region PH diagnosed as a local-time export (100% impossible latencies)
payments,PMT-015374,corrected,paid_at shifted +8h to UTC - region PH diagnosed as a local-time export (100% impossible latencies)
payments,PMT-015384,corrected,paid_at shifted +8h to UTC - region PH diagnosed as a local-time export (100% impossible latencies)
payments,PMT-015388,corrected,paid_at shifted +8h to UTC - region PH diagnosed as a local-time export (100% impossible latencies)
payments,PMT-015419,corrected,paid_at shifted +8h to UTC - region PH diagnosed as a local-time export (100% impossible latencies)
payments,PMT-015436,corrected,paid_at shifted +8h to UTC - region PH diagnosed as a local-time export (100% impossible latencies)
payments,PMT-015439,corrected,paid_at shifted +8h to UTC - region PH diagnosed as a local-time export (100% impossible latencies)
payments,PMT-015442,corrected,paid_at shifted +8h to UTC - region PH diagnosed as a local-time export (100% impossible latencies)
payments,PMT-015448,corrected,paid_at shifted +8h to UTC - region PH diagnosed as a local-time export (100% impossible latencies)
payments,PMT-015467,corrected,paid_at shifted +8h to UTC - region PH diagnosed as a local-time export (100% impossible latencies)
payments,PMT-015468,corrected,paid_at shifted +8h to UTC - region PH diagnosed as a local-time export (100% impossible latencies)
payments,PMT-015476,corrected,paid_at shifted +8h to UTC - region PH diagnosed as a local-time export (100% impossible latencies)
payments,PMT-015478,corrected,paid_at shifted +8h to UTC - region PH diagnosed as a local-time export (100% impossible latencies)
payments,PMT-015485,corrected,paid_at shifted +8h to UTC - region PH diagnosed as a local-time export (100% impossible latencies)
payments,PMT-015488,corrected,paid_at shifted +8h to UTC - region PH diagnosed as a local-time export (100% impossible latencies)
payments,PMT-015496,corrected,paid_at shifted +8h to UTC - region PH diagnosed as a local-time export (100% impossible latencies)
payments,PMT-015531,corrected,paid_at shifted +8h to UTC - region PH diagnosed as a local-time export (100% impossible latencies)
payments,PMT-015543,corrected,paid_at shifted +8h to UTC - region PH diagnosed as a local-time export (100% impossible latencies)
payments,PMT-015550,corrected,paid_at shifted +8h to UTC - region PH diagnosed as a local-time export (100% impossible latencies)
payments,PMT-015557,corrected,paid_at shifted +8h to UTC - region PH diagnosed as a local-time export (100% impossible latencies)
payments,PMT-015579,corrected,paid_at shifted +8h to UTC - region PH diagnosed as a local-time export (100% impossible latencies)
payments,PMT-015582,corrected,paid_at shifted +8h to UTC - region PH diagnosed as a local-time export (100% impossible latencies)
payments,PMT-015588,corrected,paid_at shifted +8h to UTC - region PH diagnosed as a local-time export (100% impossible latencies)
payments,PMT-015590,corrected,paid_at shifted +8h to UTC - region PH diagnosed as a local-time export (100% impossible latencies)
payments,PMT-015593,corrected,paid_at shifted +8h to UTC - region PH diagnosed as a local-time export (100% impossible latencies)
payments,PMT-015609,corrected,paid_at shifted +8h to UTC - region PH diagnosed as a local-time export (100% impossible latencies)
payments,PMT-015615,corrected,paid_at shifted +8h to UTC - region PH diagnosed as a local-time export (100% impossible latencies)
payments,PMT-015624,corrected,paid_at shifted +8h to UTC - region PH diagnosed as a local-time export (100% impossible latencies)
payments,PMT-015636,corrected,paid_at shifted +8h to UTC - region PH diagnosed as a local-time export (100% impossible latencies)
payments,PMT-015640,corrected,paid_at shifted +8h to UTC - region PH diagnosed as a local-time export (100% impossible latencies)
payments,PMT-015658,corrected,paid_at shifted +8h to UTC - region PH diagnosed as a local-time export (100% impossible latencies)
payments,PMT-015662,corrected,paid_at shifted +8h to UTC - region PH diagnosed as a local-time export (100% impossible latencies)
payments,PMT-015691,corrected,paid_at shifted +8h to UTC - region PH diagnosed as a local-time export (100% impossible latencies)
payments,PMT-015692,corrected,paid_at shifted +8h to UTC - region PH diagnosed as a local-time export (100% impossible latencies)
payments,PMT-015694,corrected,paid_at shifted +8h to UTC - region PH diagnosed as a local-time export (100% impossible latencies)
payments,PMT-015698,corrected,paid_at shifted +8h to UTC - region PH diagnosed as a local-time export (100% impossible latencies)
payments,PMT-015706,corrected,paid_at shifted +8h to UTC - region PH diagnosed as a local-time export (100% impossible latencies)
payments,PMT-015708,corrected,paid_at shifted +8h to UTC - region PH diagnosed as a local-time export (100% impossible latencies)
payments,PMT-015710,corrected,paid_at shifted +8h to UTC - region PH diagnosed as a local-time export (100% impossible latencies)
payments,PMT-015723,corrected,paid_at shifted +8h to UTC - region PH diagnosed as a local-time export (100% impossible latencies)
payments,PMT-015731,corrected,paid_at shifted +8h to UTC - region PH diagnosed as a local-time export (100% impossible latencies)
payments,PMT-015736,corrected,paid_at shifted +8h to UTC - region PH diagnosed as a local-time export (100% impossible latencies)
payments,PMT-015737,corrected,paid_at shifted +8h to UTC - region PH diagnosed as a local-time export (100% impossible latencies)
payments,PMT-015740,corrected,paid_at shifted +8h to UTC - region PH diagnosed as a local-time export (100% impossible latencies)
payments,PMT-015766,corrected,paid_at shifted +8h to UTC - region PH diagnosed as a local-time export (100% impossible latencies)
payments,PMT-015767,corrected,paid_at shifted +8h to UTC - region PH diagnosed as a local-time export (100% impossible latencies)
payments,PMT-015770,corrected,paid_at shifted +8h to UTC - region PH diagnosed as a local-time export (100% impossible latencies)
payments,PMT-015771,corrected,paid_at shifted +8h to UTC - region PH diagnosed as a local-time export (100% impossible latencies)
payments,PMT-015826,corrected,paid_at shifted +8h to UTC - region PH diagnosed as a local-time export (100% impossible latencies)
payments,PMT-015829,corrected,paid_at shifted +8h to UTC - region PH diagnosed as a local-time export (100% impossible latencies)
payments,PMT-015835,corrected,paid_at shifted +8h to UTC - region PH diagnosed as a local-time export (100% impossible latencies)
payments,PMT-015854,corrected,paid_at shifted +8h to UTC - region PH diagnosed as a local-time export (100% impossible latencies)
payments,PMT-015858,corrected,paid_at shifted +8h to UTC - region PH diagnosed as a local-time export (100% impossible latencies)
payments,PMT-015859,corrected,paid_at shifted +8h to UTC - region PH diagnosed as a local-time export (100% impossible latencies)
payments,PMT-015874,corrected,paid_at shifted +8h to UTC - region PH diagnosed as a local-time export (100% impossible latencies)
payments,PMT-015913,corrected,paid_at shifted +8h to UTC - region PH diagnosed as a local-time export (100% impossible latencies)
payments,PMT-015962,corrected,paid_at shifted +8h to UTC - region PH diagnosed as a local-time export (100% impossible latencies)
payments,PMT-015964,corrected,paid_at shifted +8h to UTC - region PH diagnosed as a local-time export (100% impossible latencies)
payments,PMT-015978,corrected,paid_at shifted +8h to UTC - region PH diagnosed as a local-time export (100% impossible latencies)
payments,PMT-015999,corrected,paid_at shifted +8h to UTC - region PH diagnosed as a local-time export (100% impossible latencies)
payments,PMT-016004,corrected,paid_at shifted +8h to UTC - region PH diagnosed as a local-time export (100% impossible latencies)
payments,PMT-016011,corrected,paid_at shifted +8h to UTC - region PH diagnosed as a local-time export (100% impossible latencies)
payments,PMT-016014,corrected,paid_at shifted +8h to UTC - region PH diagnosed as a local-time export (100% impossible latencies)
payments,PMT-016045,corrected,paid_at shifted +8h to UTC - region PH diagnosed as a local-time export (100% impossible latencies)
payments,PMT-016051,corrected,paid_at shifted +8h to UTC - region PH diagnosed as a local-time export (100% impossible latencies)
payments,PMT-016056,corrected,paid_at shifted +8h to UTC - region PH diagnosed as a local-time export (100% impossible latencies)
payments,PMT-016074,corrected,paid_at shifted +8h to UTC - region PH diagnosed as a local-time export (100% impossible latencies)
payments,PMT-016077,corrected,paid_at shifted +8h to UTC - region PH diagnosed as a local-time export (100% impossible latencies)
payments,PMT-016092,corrected,paid_at shifted +8h to UTC - region PH diagnosed as a local-time export (100% impossible latencies)
payments,PMT-016096,corrected,paid_at shifted +8h to UTC - region PH diagnosed as a local-time export (100% impossible latencies)
payments,PMT-016109,corrected,paid_at shifted +8h to UTC - region PH diagnosed as a local-time export (100% impossible latencies)
payments,PMT-016126,corrected,paid_at shifted +8h to UTC - region PH diagnosed as a local-time export (100% impossible latencies)
payments,PMT-016160,corrected,paid_at shifted +8h to UTC - region PH diagnosed as a local-time export (100% impossible latencies)
payments,PMT-016172,corrected,paid_at shifted +8h to UTC - region PH diagnosed as a local-time export (100% impossible latencies)
payments,PMT-016185,corrected,paid_at shifted +8h to UTC - region PH diagnosed as a local-time export (100% impossible latencies)
payments,PMT-016190,corrected,paid_at shifted +8h to UTC - region PH diagnosed as a local-time export (100% impossible latencies)
payments,PMT-016191,corrected,paid_at shifted +8h to UTC - region PH diagnosed as a local-time export (100% impossible latencies)
payments,PMT-016194,corrected,paid_at shifted +8h to UTC - region PH diagnosed as a local-time export (100% impossible latencies)
payments,PMT-016222,corrected,paid_at shifted +8h to UTC - region PH diagnosed as a local-time export (100% impossible latencies)
payments,PMT-016230,corrected,paid_at shifted +8h to UTC - region PH diagnosed as a local-time export (100% impossible latencies)
payments,PMT-016235,corrected,paid_at shifted +8h to UTC - region PH diagnosed as a local-time export (100% impossible latencies)
payments,PMT-016236,corrected,paid_at shifted +8h to UTC - region PH diagnosed as a local-time export (100% impossible latencies)
payments,PMT-016252,corrected,paid_at shifted +8h to UTC - region PH diagnosed as a local-time export (100% impossible latencies)
payments,PMT-016259,corrected,paid_at shifted +8h to UTC - region PH diagnosed as a local-time export (100% impossible latencies)
payments,PMT-016271,corrected,paid_at shifted +8h to UTC - region PH diagnosed as a local-time export (100% impossible latencies)
payments,PMT-016275,corrected,paid_at shifted +8h to UTC - region PH diagnosed as a local-time export (100% impossible latencies)
payments,PMT-016276,corrected,paid_at shifted +8h to UTC - region PH diagnosed as a local-time export (100% impossible latencies)
payments,PMT-016295,corrected,paid_at shifted +8h to UTC - region PH diagnosed as a local-time export (100% impossible latencies)
payments,PMT-016311,corrected,paid_at shifted +8h to UTC - region PH diagnosed as a local-time export (100% impossible latencies)
payments,PMT-016326,corrected,paid_at shifted +8h to UTC - region PH diagnosed as a local-time export (100% impossible latencies)
payments,PMT-016330,corrected,paid_at shifted +8h to UTC - region PH diagnosed as a local-time export (100% impossible latencies)
payments,PMT-016342,corrected,paid_at shifted +8h to UTC - region PH diagnosed as a local-time export (100% impossible latencies)
payments,PMT-016346,corrected,paid_at shifted +8h to UTC - region PH diagnosed as a local-time export (100% impossible latencies)
payments,PMT-016355,corrected,paid_at shifted +8h to UTC - region PH diagnosed as a local-time export (100% impossible latencies)
payments,PMT-016365,corrected,paid_at shifted +8h to UTC - region PH diagnosed as a local-time export (100% impossible latencies)
payments,PMT-016366,corrected,paid_at shifted +8h to UTC - region PH diagnosed as a local-time export (100% impossible latencies)
payments,PMT-016367,corrected,paid_at shifted +8h to UTC - region PH diagnosed as a local-time export (100% impossible latencies)
payments,PMT-016380,corrected,paid_at shifted +8h to UTC - region PH diagnosed as a local-time export (100% impossible latencies)
payments,PMT-016382,corrected,paid_at shifted +8h to UTC - region PH diagnosed as a local-time export (100% impossible latencies)
payments,PMT-016389,corrected,paid_at shifted +8h to UTC - region PH diagnosed as a local-time export (100% impossible latencies)
payments,PMT-016398,corrected,paid_at shifted +8h to UTC - region PH diagnosed as a local-time export (100% impossible latencies)
payments,PMT-016403,corrected,paid_at shifted +8h to UTC - region PH diagnosed as a local-time export (100% impossible latencies)
payments,PMT-016410,corrected,paid_at shifted +8h to UTC - region PH diagnosed as a local-time export (100% impossible latencies)
payments,PMT-016433,corrected,paid_at shifted +8h to UTC - region PH diagnosed as a local-time export (100% impossible latencies)
payments,PMT-016439,corrected,paid_at shifted +8h to UTC - region PH diagnosed as a local-time export (100% impossible latencies)
payments,PMT-016451,corrected,paid_at shifted +8h to UTC - region PH diagnosed as a local-time export (100% impossible latencies)
payments,PMT-016457,corrected,paid_at shifted +8h to UTC - region PH diagnosed as a local-time export (100% impossible latencies)
payments,PMT-016458,corrected,paid_at shifted +8h to UTC - region PH diagnosed as a local-time export (100% impossible latencies)
payments,PMT-016485,corrected,paid_at shifted +8h to UTC - region PH diagnosed as a local-time export (100% impossible latencies)
payments,PMT-016493,corrected,paid_at shifted +8h to UTC - region PH diagnosed as a local-time export (100% impossible latencies)
payments,PMT-016497,corrected,paid_at shifted +8h to UTC - region PH diagnosed as a local-time export (100% impossible latencies)
payments,PMT-016507,corrected,paid_at shifted +8h to UTC - region PH diagnosed as a local-time export (100% impossible latencies)
payments,PMT-016520,corrected,paid_at shifted +8h to UTC - region PH diagnosed as a local-time export (100% impossible latencies)
payments,PMT-016535,corrected,paid_at shifted +8h to UTC - region PH diagnosed as a local-time export (100% impossible latencies)
payments,PMT-016540,corrected,paid_at shifted +8h to UTC - region PH diagnosed as a local-time export (100% impossible latencies)
payments,PMT-016550,corrected,paid_at shifted +8h to UTC - region PH diagnosed as a local-time export (100% impossible latencies)
payments,PMT-016561,corrected,paid_at shifted +8h to UTC - region PH diagnosed as a local-time export (100% impossible latencies)
payments,PMT-016580,corrected,paid_at shifted +8h to UTC - region PH diagnosed as a local-time export (100% impossible latencies)
payments,PMT-016603,corrected,paid_at shifted +8h to UTC - region PH diagnosed as a local-time export (100% impossible latencies)
payments,PMT-016629,corrected,paid_at shifted +8h to UTC - region PH diagnosed as a local-time export (100% impossible latencies)
payments,PMT-016632,corrected,paid_at shifted +8h to UTC - region PH diagnosed as a local-time export (100% impossible latencies)
payments,PMT-016647,corrected,paid_at shifted +8h to UTC - region PH diagnosed as a local-time export (100% impossible latencies)
payments,PMT-016649,corrected,paid_at shifted +8h to UTC - region PH diagnosed as a local-time export (100% impossible latencies)
payments,PMT-016653,corrected,paid_at shifted +8h to UTC - region PH diagnosed as a local-time export (100% impossible latencies)
payments,PMT-016657,corrected,paid_at shifted +8h to UTC - region PH diagnosed as a local-time export (100% impossible latencies)
payments,PMT-016658,corrected,paid_at shifted +8h to UTC - region PH diagnosed as a local-time export (100% impossible latencies)
payments,PMT-016663,corrected,paid_at shifted +8h to UTC - region PH diagnosed as a local-time export (100% impossible latencies)
payments,PMT-016684,corrected,paid_at shifted +8h to UTC - region PH diagnosed as a local-time export (100% impossible latencies)
payments,PMT-016692,corrected,paid_at shifted +8h to UTC - region PH diagnosed as a local-time export (100% impossible latencies)
payments,PMT-016696,corrected,paid_at shifted +8h to UTC - region PH diagnosed as a local-time export (100% impossible latencies)
payments,PMT-016715,corrected,paid_at shifted +8h to UTC - region PH diagnosed as a local-time export (100% impossible latencies)
payments,PMT-016729,corrected,paid_at shifted +8h to UTC - region PH diagnosed as a local-time export (100% impossible latencies)
payments,PMT-016748,corrected,paid_at shifted +8h to UTC - region PH diagnosed as a local-time export (100% impossible latencies)
payments,PMT-016752,corrected,paid_at shifted +8h to UTC - region PH diagnosed as a local-time export (100% impossible latencies)
payments,PMT-016803,corrected,paid_at shifted +8h to UTC - region PH diagnosed as a local-time export (100% impossible latencies)
payments,PMT-016809,corrected,paid_at shifted +8h to UTC - region PH diagnosed as a local-time export (100% impossible latencies)
payments,PMT-016843,corrected,paid_at shifted +8h to UTC - region PH diagnosed as a local-time export (100% impossible latencies)
payments,PMT-016859,corrected,paid_at shifted +8h to UTC - region PH diagnosed as a local-time export (100% impossible latencies)
payments,PMT-016889,corrected,paid_at shifted +8h to UTC - region PH diagnosed as a local-time export (100% impossible latencies)
payments,PMT-016915,corrected,paid_at shifted +8h to UTC - region PH diagnosed as a local-time export (100% impossible latencies)
payments,PMT-016922,corrected,paid_at shifted +8h to UTC - region PH diagnosed as a local-time export (100% impossible latencies)
payments,PMT-016926,corrected,paid_at shifted +8h to UTC - region PH diagnosed as a local-time export (100% impossible latencies)
payments,PMT-016933,corrected,paid_at shifted +8h to UTC - region PH diagnosed as a local-time export (100% impossible latencies)
payments,PMT-016935,corrected,paid_at shifted +8h to UTC - region PH diagnosed as a local-time export (100% impossible latencies)
payments,PMT-016947,corrected,paid_at shifted +8h to UTC - region PH diagnosed as a local-time export (100% impossible latencies)
payments,PMT-016949,corrected,paid_at shifted +8h to UTC - region PH diagnosed as a local-time export (100% impossible latencies)
payments,PMT-016962,corrected,paid_at shifted +8h to UTC - region PH diagnosed as a local-time export (100% impossible latencies)
payments,PMT-016964,corrected,paid_at shifted +8h to UTC - region PH diagnosed as a local-time export (100% impossible latencies)
payments,PMT-016983,corrected,paid_at shifted +8h to UTC - region PH diagnosed as a local-time export (100% impossible latencies)
payments,PMT-017005,corrected,paid_at shifted +8h to UTC - region PH diagnosed as a local-time export (100% impossible latencies)
payments,PMT-017013,corrected,paid_at shifted +8h to UTC - region PH diagnosed as a local-time export (100% impossible latencies)
payments,PMT-017018,corrected,paid_at shifted +8h to UTC - region PH diagnosed as a local-time export (100% impossible latencies)
payments,PMT-017031,corrected,paid_at shifted +8h to UTC - region PH diagnosed as a local-time export (100% impossible latencies)
payments,PMT-017063,corrected,paid_at shifted +8h to UTC - region PH diagnosed as a local-time export (100% impossible latencies)
payments,PMT-017070,corrected,paid_at shifted +8h to UTC - region PH diagnosed as a local-time export (100% impossible latencies)
payments,PMT-017072,corrected,paid_at shifted +8h to UTC - region PH diagnosed as a local-time export (100% impossible latencies)
payments,PMT-017084,corrected,paid_at shifted +8h to UTC - region PH diagnosed as a local-time export (100% impossible latencies)
payments,PMT-017098,corrected,paid_at shifted +8h to UTC - region PH diagnosed as a local-time export (100% impossible latencies)
payments,PMT-017107,corrected,paid_at shifted +8h to UTC - region PH diagnosed as a local-time export (100% impossible latencies)
payments,PMT-017131,corrected,paid_at shifted +8h to UTC - region PH diagnosed as a local-time export (100% impossible latencies)
payments,PMT-017134,corrected,paid_at shifted +8h to UTC - region PH diagnosed as a local-time export (100% impossible latencies)
payments,PMT-017139,corrected,paid_at shifted +8h to UTC - region PH diagnosed as a local-time export (100% impossible latencies)
payments,PMT-017144,corrected,paid_at shifted +8h to UTC - region PH diagnosed as a local-time export (100% impossible latencies)
payments,PMT-017180,corrected,paid_at shifted +8h to UTC - region PH diagnosed as a local-time export (100% impossible latencies)
payments,PMT-017185,corrected,paid_at shifted +8h to UTC - region PH diagnosed as a local-time export (100% impossible latencies)
payments,PMT-017189,corrected,paid_at shifted +8h to UTC - region PH diagnosed as a local-time export (100% impossible latencies)
payments,PMT-017200,corrected,paid_at shifted +8h to UTC - region PH diagnosed as a local-time export (100% impossible latencies)
payments,PMT-017215,corrected,paid_at shifted +8h to UTC - region PH diagnosed as a local-time export (100% impossible latencies)
payments,PMT-017225,corrected,paid_at shifted +8h to UTC - region PH diagnosed as a local-time export (100% impossible latencies)
payments,PMT-017269,corrected,paid_at shifted +8h to UTC - region PH diagnosed as a local-time export (100% impossible latencies)
payments,PMT-017292,corrected,paid_at shifted +8h to UTC - region PH diagnosed as a local-time export (100% impossible latencies)
payments,PMT-017311,corrected,paid_at shifted +8h to UTC - region PH diagnosed as a local-time export (100% impossible latencies)
payments,PMT-017328,corrected,paid_at shifted +8h to UTC - region PH diagnosed as a local-time export (100% impossible latencies)
payments,PMT-017333,corrected,paid_at shifted +8h to UTC - region PH diagnosed as a local-time export (100% impossible latencies)
payments,PMT-017335,corrected,paid_at shifted +8h to UTC - region PH diagnosed as a local-time export (100% impossible latencies)
payments,PMT-017343,corrected,paid_at shifted +8h to UTC - region PH diagnosed as a local-time export (100% impossible latencies)
payments,PMT-017358,corrected,paid_at shifted +8h to UTC - region PH diagnosed as a local-time export (100% impossible latencies)
payments,PMT-017378,corrected,paid_at shifted +8h to UTC - region PH diagnosed as a local-time export (100% impossible latencies)
payments,PMT-017382,corrected,paid_at shifted +8h to UTC - region PH diagnosed as a local-time export (100% impossible latencies)
payments,PMT-017387,corrected,paid_at shifted +8h to UTC - region PH diagnosed as a local-time export (100% impossible latencies)
payments,PMT-017397,corrected,paid_at shifted +8h to UTC - region PH diagnosed as a local-time export (100% impossible latencies)
payments,PMT-017398,corrected,paid_at shifted +8h to UTC - region PH diagnosed as a local-time export (100% impossible latencies)
payments,PMT-017408,corrected,paid_at shifted +8h to UTC - region PH diagnosed as a local-time export (100% impossible latencies)
payments,PMT-017410,corrected,paid_at shifted +8h to UTC - region PH diagnosed as a local-time export (100% impossible latencies)
payments,PMT-017412,corrected,paid_at shifted +8h to UTC - region PH diagnosed as a local-time export (100% impossible latencies)
payments,PMT-017417,corrected,paid_at shifted +8h to UTC - region PH diagnosed as a local-time export (100% impossible latencies)
payments,PMT-017429,corrected,paid_at shifted +8h to UTC - region PH diagnosed as a local-time export (100% impossible latencies)
payments,PMT-017445,corrected,paid_at shifted +8h to UTC - region PH diagnosed as a local-time export (100% impossible latencies)
payments,PMT-017451,corrected,paid_at shifted +8h to UTC - region PH diagnosed as a local-time export (100% impossible latencies)
payments,PMT-017457,corrected,paid_at shifted +8h to UTC - region PH diagnosed as a local-time export (100% impossible latencies)
payments,PMT-017459,corrected,paid_at shifted +8h to UTC - region PH diagnosed as a local-time export (100% impossible latencies)
payments,PMT-017465,corrected,paid_at shifted +8h to UTC - region PH diagnosed as a local-time export (100% impossible latencies)
payments,PMT-017470,corrected,paid_at shifted +8h to UTC - region PH diagnosed as a local-time export (100% impossible latencies)
payments,PMT-017483,corrected,paid_at shifted +8h to UTC - region PH diagnosed as a local-time export (100% impossible latencies)
payments,PMT-017506,corrected,paid_at shifted +8h to UTC - region PH diagnosed as a local-time export (100% impossible latencies)
payments,PMT-017525,corrected,paid_at shifted +8h to UTC - region PH diagnosed as a local-time export (100% impossible latencies)
payments,PMT-017531,corrected,paid_at shifted +8h to UTC - region PH diagnosed as a local-time export (100% impossible latencies)
payments,PMT-017540,corrected,paid_at shifted +8h to UTC - region PH diagnosed as a local-time export (100% impossible latencies)
payments,PMT-017545,corrected,paid_at shifted +8h to UTC - region PH diagnosed as a local-time export (100% impossible latencies)
payments,PMT-017553,corrected,paid_at shifted +8h to UTC - region PH diagnosed as a local-time export (100% impossible latencies)
payments,PMT-017557,corrected,paid_at shifted +8h to UTC - region PH diagnosed as a local-time export (100% impossible latencies)
payments,PMT-017566,corrected,paid_at shifted +8h to UTC - region PH diagnosed as a local-time export (100% impossible latencies)
payments,PMT-017577,corrected,paid_at shifted +8h to UTC - region PH diagnosed as a local-time export (100% impossible latencies)
payments,PMT-017594,corrected,paid_at shifted +8h to UTC - region PH diagnosed as a local-time export (100% impossible latencies)
payments,PMT-017599,corrected,paid_at shifted +8h to UTC - region PH diagnosed as a local-time export (100% impossible latencies)
payments,PMT-017604,corrected,paid_at shifted +8h to UTC - region PH diagnosed as a local-time export (100% impossible latencies)
payments,PMT-017608,corrected,paid_at shifted +8h to UTC - region PH diagnosed as a local-time export (100% impossible latencies)
payments,PMT-017623,corrected,paid_at shifted +8h to UTC - region PH diagnosed as a local-time export (100% impossible latencies)
payments,PMT-017628,corrected,paid_at shifted +8h to UTC - region PH diagnosed as a local-time export (100% impossible latencies)
payments,PMT-017637,corrected,paid_at shifted +8h to UTC - region PH diagnosed as a local-time export (100% impossible latencies)
payments,PMT-017662,corrected,paid_at shifted +8h to UTC - region PH diagnosed as a local-time export (100% impossible latencies)
payments,PMT-017667,corrected,paid_at shifted +8h to UTC - region PH diagnosed as a local-time export (100% impossible latencies)
payments,PMT-017674,corrected,paid_at shifted +8h to UTC - region PH diagnosed as a local-time export (100% impossible latencies)
payments,PMT-017708,corrected,paid_at shifted +8h to UTC - region PH diagnosed as a local-time export (100% impossible latencies)
payments,PMT-017728,corrected,paid_at shifted +8h to UTC - region PH diagnosed as a local-time export (100% impossible latencies)
payments,PMT-017737,corrected,paid_at shifted +8h to UTC - region PH diagnosed as a local-time export (100% impossible latencies)
payments,PMT-017745,corrected,paid_at shifted +8h to UTC - region PH diagnosed as a local-time export (100% impossible latencies)
payments,PMT-017747,corrected,paid_at shifted +8h to UTC - region PH diagnosed as a local-time export (100% impossible latencies)
payments,PMT-017753,corrected,paid_at shifted +8h to UTC - region PH diagnosed as a local-time export (100% impossible latencies)
payments,PMT-017765,corrected,paid_at shifted +8h to UTC - region PH diagnosed as a local-time export (100% impossible latencies)
payments,PMT-017772,corrected,paid_at shifted +8h to UTC - region PH diagnosed as a local-time export (100% impossible latencies)
payments,PMT-017774,corrected,paid_at shifted +8h to UTC - region PH diagnosed as a local-time export (100% impossible latencies)
payments,PMT-017781,corrected,paid_at shifted +8h to UTC - region PH diagnosed as a local-time export (100% impossible latencies)
payments,PMT-017786,corrected,paid_at shifted +8h to UTC - region PH diagnosed as a local-time export (100% impossible latencies)
payments,PMT-017789,corrected,paid_at shifted +8h to UTC - region PH diagnosed as a local-time export (100% impossible latencies)
payments,PMT-017810,corrected,paid_at shifted +8h to UTC - region PH diagnosed as a local-time export (100% impossible latencies)
payments,PMT-017816,corrected,paid_at shifted +8h to UTC - region PH diagnosed as a local-time export (100% impossible latencies)
payments,PMT-017847,corrected,paid_at shifted +8h to UTC - region PH diagnosed as a local-time export (100% impossible latencies)
payments,PMT-017872,corrected,paid_at shifted +8h to UTC - region PH diagnosed as a local-time export (100% impossible latencies)
payments,PMT-017899,corrected,paid_at shifted +8h to UTC - region PH diagnosed as a local-time export (100% impossible latencies)
payments,PMT-017915,corrected,paid_at shifted +8h to UTC - region PH diagnosed as a local-time export (100% impossible latencies)
payments,PMT-017919,corrected,paid_at shifted +8h to UTC - region PH diagnosed as a local-time export (100% impossible latencies)
payments,PMT-017959,corrected,paid_at shifted +8h to UTC - region PH diagnosed as a local-time export (100% impossible latencies)
payments,PMT-017972,corrected,paid_at shifted +8h to UTC - region PH diagnosed as a local-time export (100% impossible latencies)
payments,PMT-017992,corrected,paid_at shifted +8h to UTC - region PH diagnosed as a local-time export (100% impossible latencies)
payments,PMT-018005,corrected,paid_at shifted +8h to UTC - region PH diagnosed as a local-time export (100% impossible latencies)
payments,PMT-018007,corrected,paid_at shifted +8h to UTC - region PH diagnosed as a local-time export (100% impossible latencies)
payments,PMT-018010,corrected,paid_at shifted +8h to UTC - region PH diagnosed as a local-time export (100% impossible latencies)
payments,PMT-018023,corrected,paid_at shifted +8h to UTC - region PH diagnosed as a local-time export (100% impossible latencies)
payments,PMT-018030,corrected,paid_at shifted +8h to UTC - region PH diagnosed as a local-time export (100% impossible latencies)
payments,PMT-018034,corrected,paid_at shifted +8h to UTC - region PH diagnosed as a local-time export (100% impossible latencies)
payments,PMT-018040,corrected,paid_at shifted +8h to UTC - region PH diagnosed as a local-time export (100% impossible latencies)
payments,PMT-018050,corrected,paid_at shifted +8h to UTC - region PH diagnosed as a local-time export (100% impossible latencies)
payments,PMT-018062,corrected,paid_at shifted +8h to UTC - region PH diagnosed as a local-time export (100% impossible latencies)
payments,PMT-018083,corrected,paid_at shifted +8h to UTC - region PH diagnosed as a local-time export (100% impossible latencies)
payments,PMT-018085,corrected,paid_at shifted +8h to UTC - region PH diagnosed as a local-time export (100% impossible latencies)
payments,PMT-018101,corrected,paid_at shifted +8h to UTC - region PH diagnosed as a local-time export (100% impossible latencies)
payments,PMT-018116,corrected,paid_at shifted +8h to UTC - region PH diagnosed as a local-time export (100% impossible latencies)
payments,PMT-018132,corrected,paid_at shifted +8h to UTC - region PH diagnosed as a local-time export (100% impossible latencies)
payments,PMT-018156,corrected,paid_at shifted +8h to UTC - region PH diagnosed as a local-time export (100% impossible latencies)
payments,PMT-018178,corrected,paid_at shifted +8h to UTC - region PH diagnosed as a local-time export (100% impossible latencies)
payments,PMT-018183,corrected,paid_at shifted +8h to UTC - region PH diagnosed as a local-time export (100% impossible latencies)
payments,PMT-018198,corrected,paid_at shifted +8h to UTC - region PH diagnosed as a local-time export (100% impossible latencies)
payments,PMT-018208,corrected,paid_at shifted +8h to UTC - region PH diagnosed as a local-time export (100% impossible latencies)
payments,PMT-018215,corrected,paid_at shifted +8h to UTC - region PH diagnosed as a local-time export (100% impossible latencies)
payments,PMT-018216,corrected,paid_at shifted +8h to UTC - region PH diagnosed as a local-time export (100% impossible latencies)
payments,PMT-018233,corrected,paid_at shifted +8h to UTC - region PH diagnosed as a local-time export (100% impossible latencies)
payments,PMT-018238,corrected,paid_at shifted +8h to UTC - region PH diagnosed as a local-time export (100% impossible latencies)
payments,PMT-018260,corrected,paid_at shifted +8h to UTC - region PH diagnosed as a local-time export (100% impossible latencies)
payments,PMT-018289,corrected,paid_at shifted +8h to UTC - region PH diagnosed as a local-time export (100% impossible latencies)
payments,PMT-018295,corrected,paid_at shifted +8h to UTC - region PH diagnosed as a local-time export (100% impossible latencies)
payments,PMT-018297,corrected,paid_at shifted +8h to UTC - region PH diagnosed as a local-time export (100% impossible latencies)
payments,PMT-018304,corrected,paid_at shifted +8h to UTC - region PH diagnosed as a local-time export (100% impossible latencies)
payments,PMT-018322,corrected,paid_at shifted +8h to UTC - region PH diagnosed as a local-time export (100% impossible latencies)
payments,PMT-018324,corrected,paid_at shifted +8h to UTC - region PH diagnosed as a local-time export (100% impossible latencies)
payments,PMT-018374,corrected,paid_at shifted +8h to UTC - region PH diagnosed as a local-time export (100% impossible latencies)
payments,PMT-018394,corrected,paid_at shifted +8h to UTC - region PH diagnosed as a local-time export (100% impossible latencies)
payments,PMT-018395,corrected,paid_at shifted +8h to UTC - region PH diagnosed as a local-time export (100% impossible latencies)
payments,PMT-018430,corrected,paid_at shifted +8h to UTC - region PH diagnosed as a local-time export (100% impossible latencies)
payments,PMT-018445,corrected,paid_at shifted +8h to UTC - region PH diagnosed as a local-time export (100% impossible latencies)
payments,PMT-018449,corrected,paid_at shifted +8h to UTC - region PH diagnosed as a local-time export (100% impossible latencies)
payments,PMT-018469,corrected,paid_at shifted +8h to UTC - region PH diagnosed as a local-time export (100% impossible latencies)
payments,PMT-018500,corrected,paid_at shifted +8h to UTC - region PH diagnosed as a local-time export (100% impossible latencies)
payments,PMT-018501,corrected,paid_at shifted +8h to UTC - region PH diagnosed as a local-time export (100% impossible latencies)
payments,PMT-018503,corrected,paid_at shifted +8h to UTC - region PH diagnosed as a local-time export (100% impossible latencies)
payments,PMT-018505,corrected,paid_at shifted +8h to UTC - region PH diagnosed as a local-time export (100% impossible latencies)
payments,PMT-018507,corrected,paid_at shifted +8h to UTC - region PH diagnosed as a local-time export (100% impossible latencies)
payments,PMT-018535,corrected,paid_at shifted +8h to UTC - region PH diagnosed as a local-time export (100% impossible latencies)
payments,PMT-018536,corrected,paid_at shifted +8h to UTC - region PH diagnosed as a local-time export (100% impossible latencies)
payments,PMT-018547,corrected,paid_at shifted +8h to UTC - region PH diagnosed as a local-time export (100% impossible latencies)
payments,PMT-018565,corrected,paid_at shifted +8h to UTC - region PH diagnosed as a local-time export (100% impossible latencies)
payments,PMT-018566,corrected,paid_at shifted +8h to UTC - region PH diagnosed as a local-time export (100% impossible latencies)
payments,PMT-018573,corrected,paid_at shifted +8h to UTC - region PH diagnosed as a local-time export (100% impossible latencies)
payments,PMT-018574,corrected,paid_at shifted +8h to UTC - region PH diagnosed as a local-time export (100% impossible latencies)
payments,PMT-018596,corrected,paid_at shifted +8h to UTC - region PH diagnosed as a local-time export (100% impossible latencies)
payments,PMT-018597,corrected,paid_at shifted +8h to UTC - region PH diagnosed as a local-time export (100% impossible latencies)
payments,PMT-018599,corrected,paid_at shifted +8h to UTC - region PH diagnosed as a local-time export (100% impossible latencies)
payments,PMT-018605,corrected,paid_at shifted +8h to UTC - region PH diagnosed as a local-time export (100% impossible latencies)
payments,PMT-018608,corrected,paid_at shifted +8h to UTC - region PH diagnosed as a local-time export (100% impossible latencies)
payments,PMT-018611,corrected,paid_at shifted +8h to UTC - region PH diagnosed as a local-time export (100% impossible latencies)
payments,PMT-018616,corrected,paid_at shifted +8h to UTC - region PH diagnosed as a local-time export (100% impossible latencies)
payments,PMT-018622,corrected,paid_at shifted +8h to UTC - region PH diagnosed as a local-time export (100% impossible latencies)
payments,PMT-018632,corrected,paid_at shifted +8h to UTC - region PH diagnosed as a local-time export (100% impossible latencies)
payments,PMT-018671,corrected,paid_at shifted +8h to UTC - region PH diagnosed as a local-time export (100% impossible latencies)
payments,PMT-018681,corrected,paid_at shifted +8h to UTC - region PH diagnosed as a local-time export (100% impossible latencies)
payments,PMT-018690,corrected,paid_at shifted +8h to UTC - region PH diagnosed as a local-time export (100% impossible latencies)
payments,PMT-018693,corrected,paid_at shifted +8h to UTC - region PH diagnosed as a local-time export (100% impossible latencies)
payments,PMT-018713,corrected,paid_at shifted +8h to UTC - region PH diagnosed as a local-time export (100% impossible latencies)
payments,PMT-018714,corrected,paid_at shifted +8h to UTC - region PH diagnosed as a local-time export (100% impossible latencies)
payments,PMT-018742,corrected,paid_at shifted +8h to UTC - region PH diagnosed as a local-time export (100% impossible latencies)
payments,PMT-018744,corrected,paid_at shifted +8h to UTC - region PH diagnosed as a local-time export (100% impossible latencies)
payments,PMT-018747,corrected,paid_at shifted +8h to UTC - region PH diagnosed as a local-time export (100% impossible latencies)
payments,PMT-018754,corrected,paid_at shifted +8h to UTC - region PH diagnosed as a local-time export (100% impossible latencies)
payments,PMT-018773,corrected,paid_at shifted +8h to UTC - region PH diagnosed as a local-time export (100% impossible latencies)
payments,PMT-018807,corrected,paid_at shifted +8h to UTC - region PH diagnosed as a local-time export (100% impossible latencies)
payments,PMT-018820,corrected,paid_at shifted +8h to UTC - region PH diagnosed as a local-time export (100% impossible latencies)
payments,PMT-018832,corrected,paid_at shifted +8h to UTC - region PH diagnosed as a local-time export (100% impossible latencies)
payments,PMT-018853,corrected,paid_at shifted +8h to UTC - region PH diagnosed as a local-time export (100% impossible latencies)
payments,PMT-018883,corrected,paid_at shifted +8h to UTC - region PH diagnosed as a local-time export (100% impossible latencies)
payments,PMT-018890,corrected,paid_at shifted +8h to UTC - region PH diagnosed as a local-time export (100% impossible latencies)
payments,PMT-018891,corrected,paid_at shifted +8h to UTC - region PH diagnosed as a local-time export (100% impossible latencies)
payments,PMT-018910,corrected,paid_at shifted +8h to UTC - region PH diagnosed as a local-time export (100% impossible latencies)
payments,PMT-018930,corrected,paid_at shifted +8h to UTC - region PH diagnosed as a local-time export (100% impossible latencies)
payments,PMT-018947,corrected,paid_at shifted +8h to UTC - region PH diagnosed as a local-time export (100% impossible latencies)
payments,PMT-018950,corrected,paid_at shifted +8h to UTC - region PH diagnosed as a local-time export (100% impossible latencies)
payments,PMT-018977,corrected,paid_at shifted +8h to UTC - region PH diagnosed as a local-time export (100% impossible latencies)
payments,PMT-018980,corrected,paid_at shifted +8h to UTC - region PH diagnosed as a local-time export (100% impossible latencies)
payments,PMT-018987,corrected,paid_at shifted +8h to UTC - region PH diagnosed as a local-time export (100% impossible latencies)
payments,PMT-018992,corrected,paid_at shifted +8h to UTC - region PH diagnosed as a local-time export (100% impossible latencies)
payments,PMT-019010,corrected,paid_at shifted +8h to UTC - region PH diagnosed as a local-time export (100% impossible latencies)
payments,PMT-019057,corrected,paid_at shifted +8h to UTC - region PH diagnosed as a local-time export (100% impossible latencies)
payments,PMT-019058,corrected,paid_at shifted +8h to UTC - region PH diagnosed as a local-time export (100% impossible latencies)
payments,PMT-019079,corrected,paid_at shifted +8h to UTC - region PH diagnosed as a local-time export (100% impossible latencies)
payments,PMT-019083,corrected,paid_at shifted +8h to UTC - region PH diagnosed as a local-time export (100% impossible latencies)
payments,PMT-019101,corrected,paid_at shifted +8h to UTC - region PH diagnosed as a local-time export (100% impossible latencies)
payments,PMT-019134,corrected,paid_at shifted +8h to UTC - region PH diagnosed as a local-time export (100% impossible latencies)
payments,PMT-019178,corrected,paid_at shifted +8h to UTC - region PH diagnosed as a local-time export (100% impossible latencies)
payments,PMT-019193,corrected,paid_at shifted +8h to UTC - region PH diagnosed as a local-time export (100% impossible latencies)
payments,PMT-019207,corrected,paid_at shifted +8h to UTC - region PH diagnosed as a local-time export (100% impossible latencies)
payments,PMT-019217,corrected,paid_at shifted +8h to UTC - region PH diagnosed as a local-time export (100% impossible latencies)
payments,PMT-019232,corrected,paid_at shifted +8h to UTC - region PH diagnosed as a local-time export (100% impossible latencies)
payments,PMT-019238,corrected,paid_at shifted +8h to UTC - region PH diagnosed as a local-time export (100% impossible latencies)
payments,PMT-019244,corrected,paid_at shifted +8h to UTC - region PH diagnosed as a local-time export (100% impossible latencies)
payments,PMT-019254,corrected,paid_at shifted +8h to UTC - region PH diagnosed as a local-time export (100% impossible latencies)
payments,PMT-019255,corrected,paid_at shifted +8h to UTC - region PH diagnosed as a local-time export (100% impossible latencies)
payments,PMT-019266,corrected,paid_at shifted +8h to UTC - region PH diagnosed as a local-time export (100% impossible latencies)
payments,PMT-019288,corrected,paid_at shifted +8h to UTC - region PH diagnosed as a local-time export (100% impossible latencies)
payments,PMT-019308,corrected,paid_at shifted +8h to UTC - region PH diagnosed as a local-time export (100% impossible latencies)
payments,PMT-019338,corrected,paid_at shifted +8h to UTC - region PH diagnosed as a local-time export (100% impossible latencies)
payments,PMT-019382,corrected,paid_at shifted +8h to UTC - region PH diagnosed as a local-time export (100% impossible latencies)
payments,PMT-019391,corrected,paid_at shifted +8h to UTC - region PH diagnosed as a local-time export (100% impossible latencies)
payments,PMT-019402,corrected,paid_at shifted +8h to UTC - region PH diagnosed as a local-time export (100% impossible latencies)
payments,PMT-019410,corrected,paid_at shifted +8h to UTC - region PH diagnosed as a local-time export (100% impossible latencies)
payments,PMT-019411,corrected,paid_at shifted +8h to UTC - region PH diagnosed as a local-time export (100% impossible latencies)
payments,PMT-019420,corrected,paid_at shifted +8h to UTC - region PH diagnosed as a local-time export (100% impossible latencies)
payments,PMT-019443,corrected,paid_at shifted +8h to UTC - region PH diagnosed as a local-time export (100% impossible latencies)
payments,PMT-019449,corrected,paid_at shifted +8h to UTC - region PH diagnosed as a local-time export (100% impossible latencies)
payments,PMT-019454,corrected,paid_at shifted +8h to UTC - region PH diagnosed as a local-time export (100% impossible latencies)
payments,PMT-019471,corrected,paid_at shifted +8h to UTC - region PH diagnosed as a local-time export (100% impossible latencies)
payments,PMT-019495,corrected,paid_at shifted +8h to UTC - region PH diagnosed as a local-time export (100% impossible latencies)
payments,PMT-019496,corrected,paid_at shifted +8h to UTC - region PH diagnosed as a local-time export (100% impossible latencies)
payments,PMT-019507,corrected,paid_at shifted +8h to UTC - region PH diagnosed as a local-time export (100% impossible latencies)
payments,PMT-019508,corrected,paid_at shifted +8h to UTC - region PH diagnosed as a local-time export (100% impossible latencies)
payments,PMT-019522,corrected,paid_at shifted +8h to UTC - region PH diagnosed as a local-time export (100% impossible latencies)
payments,PMT-019525,corrected,paid_at shifted +8h to UTC - region PH diagnosed as a local-time export (100% impossible latencies)
payments,PMT-019530,corrected,paid_at shifted +8h to UTC - region PH diagnosed as a local-time export (100% impossible latencies)
payments,PMT-019542,corrected,paid_at shifted +8h to UTC - region PH diagnosed as a local-time export (100% impossible latencies)
payments,PMT-019583,corrected,paid_at shifted +8h to UTC - region PH diagnosed as a local-time export (100% impossible latencies)
payments,PMT-019612,corrected,paid_at shifted +8h to UTC - region PH diagnosed as a local-time export (100% impossible latencies)
payments,PMT-019622,corrected,paid_at shifted +8h to UTC - region PH diagnosed as a local-time export (100% impossible latencies)
payments,PMT-019636,corrected,paid_at shifted +8h to UTC - region PH diagnosed as a local-time export (100% impossible latencies)
payments,PMT-019650,corrected,paid_at shifted +8h to UTC - region PH diagnosed as a local-time export (100% impossible latencies)
payments,PMT-019661,corrected,paid_at shifted +8h to UTC - region PH diagnosed as a local-time export (100% impossible latencies)
payments,PMT-019662,corrected,paid_at shifted +8h to UTC - region PH diagnosed as a local-time export (100% impossible latencies)
payments,PMT-019671,corrected,paid_at shifted +8h to UTC - region PH diagnosed as a local-time export (100% impossible latencies)
payments,PMT-019674,corrected,paid_at shifted +8h to UTC - region PH diagnosed as a local-time export (100% impossible latencies)
payments,PMT-019686,corrected,paid_at shifted +8h to UTC - region PH diagnosed as a local-time export (100% impossible latencies)
payments,PMT-019707,corrected,paid_at shifted +8h to UTC - region PH diagnosed as a local-time export (100% impossible latencies)
payments,PMT-019725,corrected,paid_at shifted +8h to UTC - region PH diagnosed as a local-time export (100% impossible latencies)
payments,PMT-019731,corrected,paid_at shifted +8h to UTC - region PH diagnosed as a local-time export (100% impossible latencies)
payments,PMT-019736,corrected,paid_at shifted +8h to UTC - region PH diagnosed as a local-time export (100% impossible latencies)
payments,PMT-019739,corrected,paid_at shifted +8h to UTC - region PH diagnosed as a local-time export (100% impossible latencies)
payments,PMT-019769,corrected,paid_at shifted +8h to UTC - region PH diagnosed as a local-time export (100% impossible latencies)
payments,PMT-019805,corrected,paid_at shifted +8h to UTC - region PH diagnosed as a local-time export (100% impossible latencies)
payments,PMT-019808,corrected,paid_at shifted +8h to UTC - region PH diagnosed as a local-time export (100% impossible latencies)
payments,PMT-019831,corrected,paid_at shifted +8h to UTC - region PH diagnosed as a local-time export (100% impossible latencies)
payments,PMT-019848,corrected,paid_at shifted +8h to UTC - region PH diagnosed as a local-time export (100% impossible latencies)
payments,PMT-019854,corrected,paid_at shifted +8h to UTC - region PH diagnosed as a local-time export (100% impossible latencies)
payments,PMT-019858,corrected,paid_at shifted +8h to UTC - region PH diagnosed as a local-time export (100% impossible latencies)
payments,PMT-019865,corrected,paid_at shifted +8h to UTC - region PH diagnosed as a local-time export (100% impossible latencies)
payments,PMT-019875,corrected,paid_at shifted +8h to UTC - region PH diagnosed as a local-time export (100% impossible latencies)
payments,PMT-019884,corrected,paid_at shifted +8h to UTC - region PH diagnosed as a local-time export (100% impossible latencies)
payments,PMT-019886,corrected,paid_at shifted +8h to UTC - region PH diagnosed as a local-time export (100% impossible latencies)
payments,PMT-019892,corrected,paid_at shifted +8h to UTC - region PH diagnosed as a local-time export (100% impossible latencies)
payments,PMT-019918,corrected,paid_at shifted +8h to UTC - region PH diagnosed as a local-time export (100% impossible latencies)
payments,PMT-019933,corrected,paid_at shifted +8h to UTC - region PH diagnosed as a local-time export (100% impossible latencies)
payments,PMT-019941,corrected,paid_at shifted +8h to UTC - region PH diagnosed as a local-time export (100% impossible latencies)
payments,PMT-019955,corrected,paid_at shifted +8h to UTC - region PH diagnosed as a local-time export (100% impossible latencies)
payments,PMT-019957,corrected,paid_at shifted +8h to UTC - region PH diagnosed as a local-time export (100% impossible latencies)
payments,PMT-019977,corrected,paid_at shifted +8h to UTC - region PH diagnosed as a local-time export (100% impossible latencies)
payments,PMT-020038,corrected,paid_at shifted +8h to UTC - region PH diagnosed as a local-time export (100% impossible latencies)
payments,PMT-020043,corrected,paid_at shifted +8h to UTC - region PH diagnosed as a local-time export (100% impossible latencies)
payments,PMT-020045,corrected,paid_at shifted +8h to UTC - region PH diagnosed as a local-time export (100% impossible latencies)
payments,PMT-020048,corrected,paid_at shifted +8h to UTC - region PH diagnosed as a local-time export (100% impossible latencies)
payments,PMT-020057,corrected,paid_at shifted +8h to UTC - region PH diagnosed as a local-time export (100% impossible latencies)
payments,PMT-020074,corrected,paid_at shifted +8h to UTC - region PH diagnosed as a local-time export (100% impossible latencies)
payments,PMT-020079,corrected,paid_at shifted +8h to UTC - region PH diagnosed as a local-time export (100% impossible latencies)
payments,PMT-020085,corrected,paid_at shifted +8h to UTC - region PH diagnosed as a local-time export (100% impossible latencies)
payments,PMT-020099,corrected,paid_at shifted +8h to UTC - region PH diagnosed as a local-time export (100% impossible latencies)
payments,PMT-020109,corrected,paid_at shifted +8h to UTC - region PH diagnosed as a local-time export (100% impossible latencies)
payments,PMT-020111,corrected,paid_at shifted +8h to UTC - region PH diagnosed as a local-time export (100% impossible latencies)
payments,PMT-020118,corrected,paid_at shifted +8h to UTC - region PH diagnosed as a local-time export (100% impossible latencies)
payments,PMT-020133,corrected,paid_at shifted +8h to UTC - region PH diagnosed as a local-time export (100% impossible latencies)
payments,PMT-020173,corrected,paid_at shifted +8h to UTC - region PH diagnosed as a local-time export (100% impossible latencies)
payments,PMT-020174,corrected,paid_at shifted +8h to UTC - region PH diagnosed as a local-time export (100% impossible latencies)
payments,PMT-020205,corrected,paid_at shifted +8h to UTC - region PH diagnosed as a local-time export (100% impossible latencies)
payments,PMT-020219,corrected,paid_at shifted +8h to UTC - region PH diagnosed as a local-time export (100% impossible latencies)
payments,PMT-020224,corrected,paid_at shifted +8h to UTC - region PH diagnosed as a local-time export (100% impossible latencies)
payments,PMT-020245,corrected,paid_at shifted +8h to UTC - region PH diagnosed as a local-time export (100% impossible latencies)
payments,PMT-020247,corrected,paid_at shifted +8h to UTC - region PH diagnosed as a local-time export (100% impossible latencies)
payments,PMT-020249,corrected,paid_at shifted +8h to UTC - region PH diagnosed as a local-time export (100% impossible latencies)
payments,PMT-020254,corrected,paid_at shifted +8h to UTC - region PH diagnosed as a local-time export (100% impossible latencies)
payments,PMT-020269,corrected,paid_at shifted +8h to UTC - region PH diagnosed as a local-time export (100% impossible latencies)
payments,PMT-020324,corrected,paid_at shifted +8h to UTC - region PH diagnosed as a local-time export (100% impossible latencies)
payments,PMT-020346,corrected,paid_at shifted +8h to UTC - region PH diagnosed as a local-time export (100% impossible latencies)
payments,PMT-020366,corrected,paid_at shifted +8h to UTC - region PH diagnosed as a local-time export (100% impossible latencies)
payments,PMT-020375,corrected,paid_at shifted +8h to UTC - region PH diagnosed as a local-time export (100% impossible latencies)
payments,PMT-020396,corrected,paid_at shifted +8h to UTC - region PH diagnosed as a local-time export (100% impossible latencies)
payments,PMT-020411,corrected,paid_at shifted +8h to UTC - region PH diagnosed as a local-time export (100% impossible latencies)
payments,PMT-020412,corrected,paid_at shifted +8h to UTC - region PH diagnosed as a local-time export (100% impossible latencies)
payments,PMT-020416,corrected,paid_at shifted +8h to UTC - region PH diagnosed as a local-time export (100% impossible latencies)
payments,PMT-020433,corrected,paid_at shifted +8h to UTC - region PH diagnosed as a local-time export (100% impossible latencies)
payments,PMT-020500,corrected,paid_at shifted +8h to UTC - region PH diagnosed as a local-time export (100% impossible latencies)
payments,PMT-020506,corrected,paid_at shifted +8h to UTC - region PH diagnosed as a local-time export (100% impossible latencies)
payments,PMT-020513,corrected,paid_at shifted +8h to UTC - region PH diagnosed as a local-time export (100% impossible latencies)
payments,PMT-020514,corrected,paid_at shifted +8h to UTC - region PH diagnosed as a local-time export (100% impossible latencies)
payments,PMT-020515,corrected,paid_at shifted +8h to UTC - region PH diagnosed as a local-time export (100% impossible latencies)
payments,PMT-020528,corrected,paid_at shifted +8h to UTC - region PH diagnosed as a local-time export (100% impossible latencies)
payments,PMT-020536,corrected,paid_at shifted +8h to UTC - region PH diagnosed as a local-time export (100% impossible latencies)
payments,PMT-020550,corrected,paid_at shifted +8h to UTC - region PH diagnosed as a local-time export (100% impossible latencies)
payments,PMT-020602,corrected,paid_at shifted +8h to UTC - region PH diagnosed as a local-time export (100% impossible latencies)
payments,PMT-020616,corrected,paid_at shifted +8h to UTC - region PH diagnosed as a local-time export (100% impossible latencies)
payments,PMT-020623,corrected,paid_at shifted +8h to UTC - region PH diagnosed as a local-time export (100% impossible latencies)
payments,PMT-020640,corrected,paid_at shifted +8h to UTC - region PH diagnosed as a local-time export (100% impossible latencies)
payments,PMT-020660,corrected,paid_at shifted +8h to UTC - region PH diagnosed as a local-time export (100% impossible latencies)
payments,PMT-020663,corrected,paid_at shifted +8h to UTC - region PH diagnosed as a local-time export (100% impossible latencies)
payments,PMT-020677,corrected,paid_at shifted +8h to UTC - region PH diagnosed as a local-time export (100% impossible latencies)
payments,PMT-020678,corrected,paid_at shifted +8h to UTC - region PH diagnosed as a local-time export (100% impossible latencies)
payments,PMT-020708,corrected,paid_at shifted +8h to UTC - region PH diagnosed as a local-time export (100% impossible latencies)
payments,PMT-020712,corrected,paid_at shifted +8h to UTC - region PH diagnosed as a local-time export (100% impossible latencies)
payments,PMT-020717,corrected,paid_at shifted +8h to UTC - region PH diagnosed as a local-time export (100% impossible latencies)
payments,PMT-020730,corrected,paid_at shifted +8h to UTC - region PH diagnosed as a local-time export (100% impossible latencies)
payments,PMT-020746,corrected,paid_at shifted +8h to UTC - region PH diagnosed as a local-time export (100% impossible latencies)
payments,PMT-020769,corrected,paid_at shifted +8h to UTC - region PH diagnosed as a local-time export (100% impossible latencies)
payments,PMT-020774,corrected,paid_at shifted +8h to UTC - region PH diagnosed as a local-time export (100% impossible latencies)
payments,PMT-020802,corrected,paid_at shifted +8h to UTC - region PH diagnosed as a local-time export (100% impossible latencies)
payments,PMT-020805,corrected,paid_at shifted +8h to UTC - region PH diagnosed as a local-time export (100% impossible latencies)
payments,PMT-020811,corrected,paid_at shifted +8h to UTC - region PH diagnosed as a local-time export (100% impossible latencies)
payments,PMT-020829,corrected,paid_at shifted +8h to UTC - region PH diagnosed as a local-time export (100% impossible latencies)
payments,PMT-020880,corrected,paid_at shifted +8h to UTC - region PH diagnosed as a local-time export (100% impossible latencies)
payments,PMT-020886,corrected,paid_at shifted +8h to UTC - region PH diagnosed as a local-time export (100% impossible latencies)
payments,PMT-020893,corrected,paid_at shifted +8h to UTC - region PH diagnosed as a local-time export (100% impossible latencies)
payments,PMT-020911,corrected,paid_at shifted +8h to UTC - region PH diagnosed as a local-time export (100% impossible latencies)
payments,PMT-020919,corrected,paid_at shifted +8h to UTC - region PH diagnosed as a local-time export (100% impossible latencies)
payments,PMT-020932,corrected,paid_at shifted +8h to UTC - region PH diagnosed as a local-time export (100% impossible latencies)
payments,PMT-020939,corrected,paid_at shifted +8h to UTC - region PH diagnosed as a local-time export (100% impossible latencies)
payments,PMT-020989,corrected,paid_at shifted +8h to UTC - region PH diagnosed as a local-time export (100% impossible latencies)
payments,PMT-020993,corrected,paid_at shifted +8h to UTC - region PH diagnosed as a local-time export (100% impossible latencies)
payments,PMT-020999,corrected,paid_at shifted +8h to UTC - region PH diagnosed as a local-time export (100% impossible latencies)
payments,PMT-021009,corrected,paid_at shifted +8h to UTC - region PH diagnosed as a local-time export (100% impossible latencies)
payments,PMT-021014,corrected,paid_at shifted +8h to UTC - region PH diagnosed as a local-time export (100% impossible latencies)
payments,PMT-021073,corrected,paid_at shifted +8h to UTC - region PH diagnosed as a local-time export (100% impossible latencies)
payments,PMT-021074,corrected,paid_at shifted +8h to UTC - region PH diagnosed as a local-time export (100% impossible latencies)
payments,PMT-021104,corrected,paid_at shifted +8h to UTC - region PH diagnosed as a local-time export (100% impossible latencies)
payments,PMT-021107,corrected,paid_at shifted +8h to UTC - region PH diagnosed as a local-time export (100% impossible latencies)
payments,PMT-021121,corrected,paid_at shifted +8h to UTC - region PH diagnosed as a local-time export (100% impossible latencies)
payments,PMT-021146,corrected,paid_at shifted +8h to UTC - region PH diagnosed as a local-time export (100% impossible latencies)
payments,PMT-021161,corrected,paid_at shifted +8h to UTC - region PH diagnosed as a local-time export (100% impossible latencies)
payments,PMT-021162,corrected,paid_at shifted +8h to UTC - region PH diagnosed as a local-time export (100% impossible latencies)
payments,PMT-021171,corrected,paid_at shifted +8h to UTC - region PH diagnosed as a local-time export (100% impossible latencies)
payments,PMT-021178,corrected,paid_at shifted +8h to UTC - region PH diagnosed as a local-time export (100% impossible latencies)
payments,PMT-021195,corrected,paid_at shifted +8h to UTC - region PH diagnosed as a local-time export (100% impossible latencies)
payments,PMT-021207,corrected,paid_at shifted +8h to UTC - region PH diagnosed as a local-time export (100% impossible latencies)
payments,PMT-021217,corrected,paid_at shifted +8h to UTC - region PH diagnosed as a local-time export (100% impossible latencies)
payments,PMT-021222,corrected,paid_at shifted +8h to UTC - region PH diagnosed as a local-time export (100% impossible latencies)
payments,PMT-021253,corrected,paid_at shifted +8h to UTC - region PH diagnosed as a local-time export (100% impossible latencies)
payments,PMT-021257,corrected,paid_at shifted +8h to UTC - region PH diagnosed as a local-time export (100% impossible latencies)
payments,PMT-021263,corrected,paid_at shifted +8h to UTC - region PH diagnosed as a local-time export (100% impossible latencies)
payments,PMT-021267,corrected,paid_at shifted +8h to UTC - region PH diagnosed as a local-time export (100% impossible latencies)
payments,PMT-021278,corrected,paid_at shifted +8h to UTC - region PH diagnosed as a local-time export (100% impossible latencies)
payments,PMT-021285,corrected,paid_at shifted +8h to UTC - region PH diagnosed as a local-time export (100% impossible latencies)
payments,PMT-021286,corrected,paid_at shifted +8h to UTC - region PH diagnosed as a local-time export (100% impossible latencies)
payments,PMT-021293,corrected,paid_at shifted +8h to UTC - region PH diagnosed as a local-time export (100% impossible latencies)
payments,PMT-021329,corrected,paid_at shifted +8h to UTC - region PH diagnosed as a local-time export (100% impossible latencies)
payments,PMT-021332,corrected,paid_at shifted +8h to UTC - region PH diagnosed as a local-time export (100% impossible latencies)
payments,PMT-021352,corrected,paid_at shifted +8h to UTC - region PH diagnosed as a local-time export (100% impossible latencies)
payments,PMT-021364,corrected,paid_at shifted +8h to UTC - region PH diagnosed as a local-time export (100% impossible latencies)
payments,PMT-021375,corrected,paid_at shifted +8h to UTC - region PH diagnosed as a local-time export (100% impossible latencies)
payments,PMT-021377,corrected,paid_at shifted +8h to UTC - region PH diagnosed as a local-time export (100% impossible latencies)
payments,PMT-021381,corrected,paid_at shifted +8h to UTC - region PH diagnosed as a local-time export (100% impossible latencies)
payments,PMT-021390,corrected,paid_at shifted +8h to UTC - region PH diagnosed as a local-time export (100% impossible latencies)
payments,PMT-021398,corrected,paid_at shifted +8h to UTC - region PH diagnosed as a local-time export (100% impossible latencies)
payments,PMT-021407,corrected,paid_at shifted +8h to UTC - region PH diagnosed as a local-time export (100% impossible latencies)
payments,PMT-021447,corrected,paid_at shifted +8h to UTC - region PH diagnosed as a local-time export (100% impossible latencies)
payments,PMT-021468,corrected,paid_at shifted +8h to UTC - region PH diagnosed as a local-time export (100% impossible latencies)
payments,PMT-021469,corrected,paid_at shifted +8h to UTC - region PH diagnosed as a local-time export (100% impossible latencies)
payments,PMT-021478,corrected,paid_at shifted +8h to UTC - region PH diagnosed as a local-time export (100% impossible latencies)
payments,PMT-021488,corrected,paid_at shifted +8h to UTC - region PH diagnosed as a local-time export (100% impossible latencies)
payments,PMT-021500,corrected,paid_at shifted +8h to UTC - region PH diagnosed as a local-time export (100% impossible latencies)
payments,PMT-021516,corrected,paid_at shifted +8h to UTC - region PH diagnosed as a local-time export (100% impossible latencies)
payments,PMT-021517,corrected,paid_at shifted +8h to UTC - region PH diagnosed as a local-time export (100% impossible latencies)
payments,PMT-021520,corrected,paid_at shifted +8h to UTC - region PH diagnosed as a local-time export (100% impossible latencies)
payments,PMT-021524,corrected,paid_at shifted +8h to UTC - region PH diagnosed as a local-time export (100% impossible latencies)
payments,PMT-021535,corrected,paid_at shifted +8h to UTC - region PH diagnosed as a local-time export (100% impossible latencies)
payments,PMT-021536,corrected,paid_at shifted +8h to UTC - region PH diagnosed as a local-time export (100% impossible latencies)
payments,PMT-021559,corrected,paid_at shifted +8h to UTC - region PH diagnosed as a local-time export (100% impossible latencies)
payments,PMT-021578,corrected,paid_at shifted +8h to UTC - region PH diagnosed as a local-time export (100% impossible latencies)
payments,PMT-021580,corrected,paid_at shifted +8h to UTC - region PH diagnosed as a local-time export (100% impossible latencies)
payments,PMT-021591,corrected,paid_at shifted +8h to UTC - region PH diagnosed as a local-time export (100% impossible latencies)
payments,PMT-021596,corrected,paid_at shifted +8h to UTC - region PH diagnosed as a local-time export (100% impossible latencies)
payments,PMT-021603,corrected,paid_at shifted +8h to UTC - region PH diagnosed as a local-time export (100% impossible latencies)
payments,PMT-021614,corrected,paid_at shifted +8h to UTC - region PH diagnosed as a local-time export (100% impossible latencies)
payments,PMT-021623,corrected,paid_at shifted +8h to UTC - region PH diagnosed as a local-time export (100% impossible latencies)
payments,PMT-021657,corrected,paid_at shifted +8h to UTC - region PH diagnosed as a local-time export (100% impossible latencies)
payments,PMT-021703,corrected,paid_at shifted +8h to UTC - region PH diagnosed as a local-time export (100% impossible latencies)
payments,PMT-021716,corrected,paid_at shifted +8h to UTC - region PH diagnosed as a local-time export (100% impossible latencies)
payments,PMT-021727,corrected,paid_at shifted +8h to UTC - region PH diagnosed as a local-time export (100% impossible latencies)
payments,PMT-021737,corrected,paid_at shifted +8h to UTC - region PH diagnosed as a local-time export (100% impossible latencies)
payments,PMT-021739,corrected,paid_at shifted +8h to UTC - region PH diagnosed as a local-time export (100% impossible latencies)
payments,PMT-021760,corrected,paid_at shifted +8h to UTC - region PH diagnosed as a local-time export (100% impossible latencies)
payments,PMT-021792,corrected,paid_at shifted +8h to UTC - region PH diagnosed as a local-time export (100% impossible latencies)
payments,PMT-021808,corrected,paid_at shifted +8h to UTC - region PH diagnosed as a local-time export (100% impossible latencies)
payments,PMT-021818,corrected,paid_at shifted +8h to UTC - region PH diagnosed as a local-time export (100% impossible latencies)
payments,PMT-021842,corrected,paid_at shifted +8h to UTC - region PH diagnosed as a local-time export (100% impossible latencies)
payments,PMT-021846,corrected,paid_at shifted +8h to UTC - region PH diagnosed as a local-time export (100% impossible latencies)
payments,PMT-021847,corrected,paid_at shifted +8h to UTC - region PH diagnosed as a local-time export (100% impossible latencies)
payments,PMT-021849,corrected,paid_at shifted +8h to UTC - region PH diagnosed as a local-time export (100% impossible latencies)
payments,PMT-021861,corrected,paid_at shifted +8h to UTC - region PH diagnosed as a local-time export (100% impossible latencies)
payments,PMT-021869,corrected,paid_at shifted +8h to UTC - region PH diagnosed as a local-time export (100% impossible latencies)
payments,PMT-021871,corrected,paid_at shifted +8h to UTC - region PH diagnosed as a local-time export (100% impossible latencies)
payments,PMT-021875,corrected,paid_at shifted +8h to UTC - region PH diagnosed as a local-time export (100% impossible latencies)
payments,PMT-021886,corrected,paid_at shifted +8h to UTC - region PH diagnosed as a local-time export (100% impossible latencies)
payments,PMT-021887,corrected,paid_at shifted +8h to UTC - region PH diagnosed as a local-time export (100% impossible latencies)
payments,PMT-021893,corrected,paid_at shifted +8h to UTC - region PH diagnosed as a local-time export (100% impossible latencies)
payments,PMT-021928,corrected,paid_at shifted +8h to UTC - region PH diagnosed as a local-time export (100% impossible latencies)
payments,PMT-021931,corrected,paid_at shifted +8h to UTC - region PH diagnosed as a local-time export (100% impossible latencies)
payments,PMT-021940,corrected,paid_at shifted +8h to UTC - region PH diagnosed as a local-time export (100% impossible latencies)
payments,PMT-021948,corrected,paid_at shifted +8h to UTC - region PH diagnosed as a local-time export (100% impossible latencies)
payments,PMT-021978,corrected,paid_at shifted +8h to UTC - region PH diagnosed as a local-time export (100% impossible latencies)
payments,PMT-021987,corrected,paid_at shifted +8h to UTC - region PH diagnosed as a local-time export (100% impossible latencies)
payments,PMT-021994,corrected,paid_at shifted +8h to UTC - region PH diagnosed as a local-time export (100% impossible latencies)
payments,PMT-022013,corrected,paid_at shifted +8h to UTC - region PH diagnosed as a local-time export (100% impossible latencies)
payments,PMT-022028,corrected,paid_at shifted +8h to UTC - region PH diagnosed as a local-time export (100% impossible latencies)
payments,PMT-022051,corrected,paid_at shifted +8h to UTC - region PH diagnosed as a local-time export (100% impossible latencies)
payments,PMT-022056,corrected,paid_at shifted +8h to UTC - region PH diagnosed as a local-time export (100% impossible latencies)
payments,PMT-022063,corrected,paid_at shifted +8h to UTC - region PH diagnosed as a local-time export (100% impossible latencies)
payments,PMT-022092,corrected,paid_at shifted +8h to UTC - region PH diagnosed as a local-time export (100% impossible latencies)
payments,PMT-022102,corrected,paid_at shifted +8h to UTC - region PH diagnosed as a local-time export (100% impossible latencies)
payments,PMT-022112,corrected,paid_at shifted +8h to UTC - region PH diagnosed as a local-time export (100% impossible latencies)
payments,PMT-022143,corrected,paid_at shifted +8h to UTC - region PH diagnosed as a local-time export (100% impossible latencies)
payments,PMT-022149,corrected,paid_at shifted +8h to UTC - region PH diagnosed as a local-time export (100% impossible latencies)
payments,PMT-022158,corrected,paid_at shifted +8h to UTC - region PH diagnosed as a local-time export (100% impossible latencies)
payments,PMT-022159,corrected,paid_at shifted +8h to UTC - region PH diagnosed as a local-time export (100% impossible latencies)
payments,PMT-022163,corrected,paid_at shifted +8h to UTC - region PH diagnosed as a local-time export (100% impossible latencies)
payments,PMT-022176,corrected,paid_at shifted +8h to UTC - region PH diagnosed as a local-time export (100% impossible latencies)
payments,PMT-022182,corrected,paid_at shifted +8h to UTC - region PH diagnosed as a local-time export (100% impossible latencies)
payments,PMT-022184,corrected,paid_at shifted +8h to UTC - region PH diagnosed as a local-time export (100% impossible latencies)
payments,PMT-022186,corrected,paid_at shifted +8h to UTC - region PH diagnosed as a local-time export (100% impossible latencies)
payments,PMT-022201,corrected,paid_at shifted +8h to UTC - region PH diagnosed as a local-time export (100% impossible latencies)
payments,PMT-022202,corrected,paid_at shifted +8h to UTC - region PH diagnosed as a local-time export (100% impossible latencies)
payments,PMT-022236,corrected,paid_at shifted +8h to UTC - region PH diagnosed as a local-time export (100% impossible latencies)
payments,PMT-022268,corrected,paid_at shifted +8h to UTC - region PH diagnosed as a local-time export (100% impossible latencies)
payments,PMT-022283,corrected,paid_at shifted +8h to UTC - region PH diagnosed as a local-time export (100% impossible latencies)
payments,PMT-022295,corrected,paid_at shifted +8h to UTC - region PH diagnosed as a local-time export (100% impossible latencies)
payments,PMT-022297,corrected,paid_at shifted +8h to UTC - region PH diagnosed as a local-time export (100% impossible latencies)
payments,PMT-022309,corrected,paid_at shifted +8h to UTC - region PH diagnosed as a local-time export (100% impossible latencies)
payments,PMT-022311,corrected,paid_at shifted +8h to UTC - region PH diagnosed as a local-time export (100% impossible latencies)
payments,PMT-022313,corrected,paid_at shifted +8h to UTC - region PH diagnosed as a local-time export (100% impossible latencies)
payments,PMT-022350,corrected,paid_at shifted +8h to UTC - region PH diagnosed as a local-time export (100% impossible latencies)
payments,PMT-022364,corrected,paid_at shifted +8h to UTC - region PH diagnosed as a local-time export (100% impossible latencies)
payments,PMT-022376,corrected,paid_at shifted +8h to UTC - region PH diagnosed as a local-time export (100% impossible latencies)
payments,PMT-022382,corrected,paid_at shifted +8h to UTC - region PH diagnosed as a local-time export (100% impossible latencies)
payments,PMT-022397,corrected,paid_at shifted +8h to UTC - region PH diagnosed as a local-time export (100% impossible latencies)
payments,PMT-022418,corrected,paid_at shifted +8h to UTC - region PH diagnosed as a local-time export (100% impossible latencies)
payments,PMT-022421,corrected,paid_at shifted +8h to UTC - region PH diagnosed as a local-time export (100% impossible latencies)
payments,PMT-022427,corrected,paid_at shifted +8h to UTC - region PH diagnosed as a local-time export (100% impossible latencies)
payments,PMT-022429,corrected,paid_at shifted +8h to UTC - region PH diagnosed as a local-time export (100% impossible latencies)
payments,PMT-022450,corrected,paid_at shifted +8h to UTC - region PH diagnosed as a local-time export (100% impossible latencies)
payments,PMT-022456,corrected,paid_at shifted +8h to UTC - region PH diagnosed as a local-time export (100% impossible latencies)
payments,PMT-022459,corrected,paid_at shifted +8h to UTC - region PH diagnosed as a local-time export (100% impossible latencies)
payments,PMT-022462,corrected,paid_at shifted +8h to UTC - region PH diagnosed as a local-time export (100% impossible latencies)
payments,PMT-022482,corrected,paid_at shifted +8h to UTC - region PH diagnosed as a local-time export (100% impossible latencies)
payments,PMT-022499,corrected,paid_at shifted +8h to UTC - region PH diagnosed as a local-time export (100% impossible latencies)
payments,PMT-022514,corrected,paid_at shifted +8h to UTC - region PH diagnosed as a local-time export (100% impossible latencies)
payments,PMT-022520,corrected,paid_at shifted +8h to UTC - region PH diagnosed as a local-time export (100% impossible latencies)
payments,PMT-022527,corrected,paid_at shifted +8h to UTC - region PH diagnosed as a local-time export (100% impossible latencies)
payments,PMT-022548,corrected,paid_at shifted +8h to UTC - region PH diagnosed as a local-time export (100% impossible latencies)
payments,PMT-022595,corrected,paid_at shifted +8h to UTC - region PH diagnosed as a local-time export (100% impossible latencies)
payments,PMT-022597,corrected,paid_at shifted +8h to UTC - region PH diagnosed as a local-time export (100% impossible latencies)
payments,PMT-022600,corrected,paid_at shifted +8h to UTC - region PH diagnosed as a local-time export (100% impossible latencies)
payments,PMT-022604,corrected,paid_at shifted +8h to UTC - region PH diagnosed as a local-time export (100% impossible latencies)
payments,PMT-022605,corrected,paid_at shifted +8h to UTC - region PH diagnosed as a local-time export (100% impossible latencies)
payments,PMT-022617,corrected,paid_at shifted +8h to UTC - region PH diagnosed as a local-time export (100% impossible latencies)
payments,PMT-022647,corrected,paid_at shifted +8h to UTC - region PH diagnosed as a local-time export (100% impossible latencies)
payments,PMT-022653,corrected,paid_at shifted +8h to UTC - region PH diagnosed as a local-time export (100% impossible latencies)
payments,PMT-022655,corrected,paid_at shifted +8h to UTC - region PH diagnosed as a local-time export (100% impossible latencies)
payments,PMT-022661,corrected,paid_at shifted +8h to UTC - region PH diagnosed as a local-time export (100% impossible latencies)
payments,PMT-022662,corrected,paid_at shifted +8h to UTC - region PH diagnosed as a local-time export (100% impossible latencies)
payments,PMT-022664,corrected,paid_at shifted +8h to UTC - region PH diagnosed as a local-time export (100% impossible latencies)
payments,PMT-022665,corrected,paid_at shifted +8h to UTC - region PH diagnosed as a local-time export (100% impossible latencies)
payments,PMT-022672,corrected,paid_at shifted +8h to UTC - region PH diagnosed as a local-time export (100% impossible latencies)
payments,PMT-022689,corrected,paid_at shifted +8h to UTC - region PH diagnosed as a local-time export (100% impossible latencies)
payments,PMT-022690,corrected,paid_at shifted +8h to UTC - region PH diagnosed as a local-time export (100% impossible latencies)
payments,PMT-022701,corrected,paid_at shifted +8h to UTC - region PH diagnosed as a local-time export (100% impossible latencies)
payments,PMT-022716,corrected,paid_at shifted +8h to UTC - region PH diagnosed as a local-time export (100% impossible latencies)
payments,PMT-022722,corrected,paid_at shifted +8h to UTC - region PH diagnosed as a local-time export (100% impossible latencies)
payments,PMT-022730,corrected,paid_at shifted +8h to UTC - region PH diagnosed as a local-time export (100% impossible latencies)
payments,PMT-022735,corrected,paid_at shifted +8h to UTC - region PH diagnosed as a local-time export (100% impossible latencies)
payments,PMT-022737,corrected,paid_at shifted +8h to UTC - region PH diagnosed as a local-time export (100% impossible latencies)
payments,PMT-022742,corrected,paid_at shifted +8h to UTC - region PH diagnosed as a local-time export (100% impossible latencies)
payments,PMT-022745,corrected,paid_at shifted +8h to UTC - region PH diagnosed as a local-time export (100% impossible latencies)
payments,PMT-022753,corrected,paid_at shifted +8h to UTC - region PH diagnosed as a local-time export (100% impossible latencies)
payments,PMT-022768,corrected,paid_at shifted +8h to UTC - region PH diagnosed as a local-time export (100% impossible latencies)
payments,PMT-022770,corrected,paid_at shifted +8h to UTC - region PH diagnosed as a local-time export (100% impossible latencies)
payments,PMT-022796,corrected,paid_at shifted +8h to UTC - region PH diagnosed as a local-time export (100% impossible latencies)
payments,PMT-022816,corrected,paid_at shifted +8h to UTC - region PH diagnosed as a local-time export (100% impossible latencies)
payments,PMT-022823,corrected,paid_at shifted +8h to UTC - region PH diagnosed as a local-time export (100% impossible latencies)
payments,PMT-022827,corrected,paid_at shifted +8h to UTC - region PH diagnosed as a local-time export (100% impossible latencies)
payments,PMT-022863,corrected,paid_at shifted +8h to UTC - region PH diagnosed as a local-time export (100% impossible latencies)
payments,PMT-022865,corrected,paid_at shifted +8h to UTC - region PH diagnosed as a local-time export (100% impossible latencies)
payments,PMT-022871,corrected,paid_at shifted +8h to UTC - region PH diagnosed as a local-time export (100% impossible latencies)
payments,PMT-022879,corrected,paid_at shifted +8h to UTC - region PH diagnosed as a local-time export (100% impossible latencies)
payments,PMT-022880,corrected,paid_at shifted +8h to UTC - region PH diagnosed as a local-time export (100% impossible latencies)
payments,PMT-022931,corrected,paid_at shifted +8h to UTC - region PH diagnosed as a local-time export (100% impossible latencies)
payments,PMT-022933,corrected,paid_at shifted +8h to UTC - region PH diagnosed as a local-time export (100% impossible latencies)
payments,PMT-022953,corrected,paid_at shifted +8h to UTC - region PH diagnosed as a local-time export (100% impossible latencies)
payments,PMT-022958,corrected,paid_at shifted +8h to UTC - region PH diagnosed as a local-time export (100% impossible latencies)
payments,PMT-022963,corrected,paid_at shifted +8h to UTC - region PH diagnosed as a local-time export (100% impossible latencies)
payments,PMT-022968,corrected,paid_at shifted +8h to UTC - region PH diagnosed as a local-time export (100% impossible latencies)
payments,PMT-022972,corrected,paid_at shifted +8h to UTC - region PH diagnosed as a local-time export (100% impossible latencies)
payments,PMT-022976,corrected,paid_at shifted +8h to UTC - region PH diagnosed as a local-time export (100% impossible latencies)
payments,PMT-022979,corrected,paid_at shifted +8h to UTC - region PH diagnosed as a local-time export (100% impossible latencies)
payments,PMT-022981,corrected,paid_at shifted +8h to UTC - region PH diagnosed as a local-time export (100% impossible latencies)
payments,PMT-022982,corrected,paid_at shifted +8h to UTC - region PH diagnosed as a local-time export (100% impossible latencies)
payments,PMT-022983,corrected,paid_at shifted +8h to UTC - region PH diagnosed as a local-time export (100% impossible latencies)
payments,PMT-022985,corrected,paid_at shifted +8h to UTC - region PH diagnosed as a local-time export (100% impossible latencies)
payments,PMT-022990,corrected,paid_at shifted +8h to UTC - region PH diagnosed as a local-time export (100% impossible latencies)
payments,PMT-023003,corrected,paid_at shifted +8h to UTC - region PH diagnosed as a local-time export (100% impossible latencies)
payments,PMT-023009,corrected,paid_at shifted +8h to UTC - region PH diagnosed as a local-time export (100% impossible latencies)
payments,PMT-023029,corrected,paid_at shifted +8h to UTC - region PH diagnosed as a local-time export (100% impossible latencies)
payments,PMT-023076,corrected,paid_at shifted +8h to UTC - region PH diagnosed as a local-time export (100% impossible latencies)
payments,PMT-023084,corrected,paid_at shifted +8h to UTC - region PH diagnosed as a local-time export (100% impossible latencies)
payments,PMT-023096,corrected,paid_at shifted +8h to UTC - region PH diagnosed as a local-time export (100% impossible latencies)
payments,PMT-023109,corrected,paid_at shifted +8h to UTC - region PH diagnosed as a local-time export (100% impossible latencies)
payments,PMT-023110,corrected,paid_at shifted +8h to UTC - region PH diagnosed as a local-time export (100% impossible latencies)
payments,PMT-023113,corrected,paid_at shifted +8h to UTC - region PH diagnosed as a local-time export (100% impossible latencies)
payments,PMT-023148,corrected,paid_at shifted +8h to UTC - region PH diagnosed as a local-time export (100% impossible latencies)
payments,PMT-023160,corrected,paid_at shifted +8h to UTC - region PH diagnosed as a local-time export (100% impossible latencies)
payments,PMT-023170,corrected,paid_at shifted +8h to UTC - region PH diagnosed as a local-time export (100% impossible latencies)
payments,PMT-023194,corrected,paid_at shifted +8h to UTC - region PH diagnosed as a local-time export (100% impossible latencies)
payments,PMT-023202,corrected,paid_at shifted +8h to UTC - region PH diagnosed as a local-time export (100% impossible latencies)
payments,PMT-023214,corrected,paid_at shifted +8h to UTC - region PH diagnosed as a local-time export (100% impossible latencies)
payments,PMT-023219,corrected,paid_at shifted +8h to UTC - region PH diagnosed as a local-time export (100% impossible latencies)
payments,PMT-023232,corrected,paid_at shifted +8h to UTC - region PH diagnosed as a local-time export (100% impossible latencies)
payments,PMT-023244,corrected,paid_at shifted +8h to UTC - region PH diagnosed as a local-time export (100% impossible latencies)
payments,PMT-023246,corrected,paid_at shifted +8h to UTC - region PH diagnosed as a local-time export (100% impossible latencies)
payments,PMT-023252,corrected,paid_at shifted +8h to UTC - region PH diagnosed as a local-time export (100% impossible latencies)
payments,PMT-023264,corrected,paid_at shifted +8h to UTC - region PH diagnosed as a local-time export (100% impossible latencies)
payments,PMT-023265,corrected,paid_at shifted +8h to UTC - region PH diagnosed as a local-time export (100% impossible latencies)
payments,PMT-023266,corrected,paid_at shifted +8h to UTC - region PH diagnosed as a local-time export (100% impossible latencies)
payments,PMT-023267,corrected,paid_at shifted +8h to UTC - region PH diagnosed as a local-time export (100% impossible latencies)
payments,PMT-023276,corrected,paid_at shifted +8h to UTC - region PH diagnosed as a local-time export (100% impossible latencies)
payments,PMT-023279,corrected,paid_at shifted +8h to UTC - region PH diagnosed as a local-time export (100% impossible latencies)
payments,PMT-023282,corrected,paid_at shifted +8h to UTC - region PH diagnosed as a local-time export (100% impossible latencies)
payments,PMT-023298,corrected,paid_at shifted +8h to UTC - region PH diagnosed as a local-time export (100% impossible latencies)
payments,PMT-023308,corrected,paid_at shifted +8h to UTC - region PH diagnosed as a local-time export (100% impossible latencies)
payments,PMT-023326,corrected,paid_at shifted +8h to UTC - region PH diagnosed as a local-time export (100% impossible latencies)
payments,PMT-023335,corrected,paid_at shifted +8h to UTC - region PH diagnosed as a local-time export (100% impossible latencies)
payments,PMT-023346,corrected,paid_at shifted +8h to UTC - region PH diagnosed as a local-time export (100% impossible latencies)
payments,PMT-023357,corrected,paid_at shifted +8h to UTC - region PH diagnosed as a local-time export (100% impossible latencies)
payments,PMT-023358,corrected,paid_at shifted +8h to UTC - region PH diagnosed as a local-time export (100% impossible latencies)
payments,PMT-023366,corrected,paid_at shifted +8h to UTC - region PH diagnosed as a local-time export (100% impossible latencies)
payments,PMT-023370,corrected,paid_at shifted +8h to UTC - region PH diagnosed as a local-time export (100% impossible latencies)
payments,PMT-023377,corrected,paid_at shifted +8h to UTC - region PH diagnosed as a local-time export (100% impossible latencies)
payments,PMT-023417,corrected,paid_at shifted +8h to UTC - region PH diagnosed as a local-time export (100% impossible latencies)
payments,PMT-023438,corrected,paid_at shifted +8h to UTC - region PH diagnosed as a local-time export (100% impossible latencies)
payments,PMT-023456,corrected,paid_at shifted +8h to UTC - region PH diagnosed as a local-time export (100% impossible latencies)
payments,PMT-023468,corrected,paid_at shifted +8h to UTC - region PH diagnosed as a local-time export (100% impossible latencies)
payments,PMT-023477,corrected,paid_at shifted +8h to UTC - region PH diagnosed as a local-time export (100% impossible latencies)
payments,PMT-023501,corrected,paid_at shifted +8h to UTC - region PH diagnosed as a local-time export (100% impossible latencies)
payments,PMT-023508,corrected,paid_at shifted +8h to UTC - region PH diagnosed as a local-time export (100% impossible latencies)
payments,PMT-023524,corrected,paid_at shifted +8h to UTC - region PH diagnosed as a local-time export (100% impossible latencies)
payments,PMT-023527,corrected,paid_at shifted +8h to UTC - region PH diagnosed as a local-time export (100% impossible latencies)
payments,PMT-023563,corrected,paid_at shifted +8h to UTC - region PH diagnosed as a local-time export (100% impossible latencies)
payments,PMT-023564,corrected,paid_at shifted +8h to UTC - region PH diagnosed as a local-time export (100% impossible latencies)
payments,PMT-023575,corrected,paid_at shifted +8h to UTC - region PH diagnosed as a local-time export (100% impossible latencies)
payments,PMT-023577,corrected,paid_at shifted +8h to UTC - region PH diagnosed as a local-time export (100% impossible latencies)
payments,PMT-023600,corrected,paid_at shifted +8h to UTC - region PH diagnosed as a local-time export (100% impossible latencies)
payments,PMT-023604,corrected,paid_at shifted +8h to UTC - region PH diagnosed as a local-time export (100% impossible latencies)
payments,PMT-023608,corrected,paid_at shifted +8h to UTC - region PH diagnosed as a local-time export (100% impossible latencies)
payments,PMT-023632,corrected,paid_at shifted +8h to UTC - region PH diagnosed as a local-time export (100% impossible latencies)
payments,PMT-023635,corrected,paid_at shifted +8h to UTC - region PH diagnosed as a local-time export (100% impossible latencies)
payments,PMT-023645,corrected,paid_at shifted +8h to UTC - region PH diagnosed as a local-time export (100% impossible latencies)
payments,PMT-023660,corrected,paid_at shifted +8h to UTC - region PH diagnosed as a local-time export (100% impossible latencies)
payments,PMT-023723,corrected,paid_at shifted +8h to UTC - region PH diagnosed as a local-time export (100% impossible latencies)
payments,PMT-023736,corrected,paid_at shifted +8h to UTC - region PH diagnosed as a local-time export (100% impossible latencies)
payments,PMT-023739,corrected,paid_at shifted +8h to UTC - region PH diagnosed as a local-time export (100% impossible latencies)
payments,PMT-023754,corrected,paid_at shifted +8h to UTC - region PH diagnosed as a local-time export (100% impossible latencies)
payments,PMT-023768,corrected,paid_at shifted +8h to UTC - region PH diagnosed as a local-time export (100% impossible latencies)
payments,PMT-023799,corrected,paid_at shifted +8h to UTC - region PH diagnosed as a local-time export (100% impossible latencies)
payments,PMT-023816,corrected,paid_at shifted +8h to UTC - region PH diagnosed as a local-time export (100% impossible latencies)
payments,PMT-023820,corrected,paid_at shifted +8h to UTC - region PH diagnosed as a local-time export (100% impossible latencies)
payments,PMT-023821,corrected,paid_at shifted +8h to UTC - region PH diagnosed as a local-time export (100% impossible latencies)
payments,PMT-023826,corrected,paid_at shifted +8h to UTC - region PH diagnosed as a local-time export (100% impossible latencies)
payments,PMT-023835,corrected,paid_at shifted +8h to UTC - region PH diagnosed as a local-time export (100% impossible latencies)
payments,PMT-023861,corrected,paid_at shifted +8h to UTC - region PH diagnosed as a local-time export (100% impossible latencies)
payments,PMT-023876,corrected,paid_at shifted +8h to UTC - region PH diagnosed as a local-time export (100% impossible latencies)
payments,PMT-023889,corrected,paid_at shifted +8h to UTC - region PH diagnosed as a local-time export (100% impossible latencies)
payments,PMT-023906,corrected,paid_at shifted +8h to UTC - region PH diagnosed as a local-time export (100% impossible latencies)
payments,PMT-023929,corrected,paid_at shifted +8h to UTC - region PH diagnosed as a local-time export (100% impossible latencies)
payments,PMT-023933,corrected,paid_at shifted +8h to UTC - region PH diagnosed as a local-time export (100% impossible latencies)
payments,PMT-023934,corrected,paid_at shifted +8h to UTC - region PH diagnosed as a local-time export (100% impossible latencies)
payments,PMT-023943,corrected,paid_at shifted +8h to UTC - region PH diagnosed as a local-time export (100% impossible latencies)
payments,PMT-023946,corrected,paid_at shifted +8h to UTC - region PH diagnosed as a local-time export (100% impossible latencies)
payments,PMT-023955,corrected,paid_at shifted +8h to UTC - region PH diagnosed as a local-time export (100% impossible latencies)
payments,PMT-023964,corrected,paid_at shifted +8h to UTC - region PH diagnosed as a local-time export (100% impossible latencies)
payments,PMT-023966,corrected,paid_at shifted +8h to UTC - region PH diagnosed as a local-time export (100% impossible latencies)
payments,PMT-023977,corrected,paid_at shifted +8h to UTC - region PH diagnosed as a local-time export (100% impossible latencies)
payments,PMT-023980,corrected,paid_at shifted +8h to UTC - region PH diagnosed as a local-time export (100% impossible latencies)
payments,PMT-023981,corrected,paid_at shifted +8h to UTC - region PH diagnosed as a local-time export (100% impossible latencies)
payments,PMT-023989,corrected,paid_at shifted +8h to UTC - region PH diagnosed as a local-time export (100% impossible latencies)
payments,PMT-024007,corrected,paid_at shifted +8h to UTC - region PH diagnosed as a local-time export (100% impossible latencies)
payments,PMT-024014,corrected,paid_at shifted +8h to UTC - region PH diagnosed as a local-time export (100% impossible latencies)
payments,PMT-024025,corrected,paid_at shifted +8h to UTC - region PH diagnosed as a local-time export (100% impossible latencies)
payments,PMT-024026,corrected,paid_at shifted +8h to UTC - region PH diagnosed as a local-time export (100% impossible latencies)
payments,PMT-024041,corrected,paid_at shifted +8h to UTC - region PH diagnosed as a local-time export (100% impossible latencies)
payments,PMT-024062,corrected,paid_at shifted +8h to UTC - region PH diagnosed as a local-time export (100% impossible latencies)
payments,PMT-024095,corrected,paid_at shifted +8h to UTC - region PH diagnosed as a local-time export (100% impossible latencies)
payments,PMT-024105,corrected,paid_at shifted +8h to UTC - region PH diagnosed as a local-time export (100% impossible latencies)
payments,PMT-024128,corrected,paid_at shifted +8h to UTC - region PH diagnosed as a local-time export (100% impossible latencies)
payments,PMT-024152,corrected,paid_at shifted +8h to UTC - region PH diagnosed as a local-time export (100% impossible latencies)
payments,PMT-024161,corrected,paid_at shifted +8h to UTC - region PH diagnosed as a local-time export (100% impossible latencies)
payments,PMT-024174,corrected,paid_at shifted +8h to UTC - region PH diagnosed as a local-time export (100% impossible latencies)
payments,PMT-024182,corrected,paid_at shifted +8h to UTC - region PH diagnosed as a local-time export (100% impossible latencies)
payments,PMT-024229,corrected,paid_at shifted +8h to UTC - region PH diagnosed as a local-time export (100% impossible latencies)
payments,PMT-024239,corrected,paid_at shifted +8h to UTC - region PH diagnosed as a local-time export (100% impossible latencies)
payments,PMT-024240,corrected,paid_at shifted +8h to UTC - region PH diagnosed as a local-time export (100% impossible latencies)
payments,PMT-024250,corrected,paid_at shifted +8h to UTC - region PH diagnosed as a local-time export (100% impossible latencies)
payments,PMT-024261,corrected,paid_at shifted +8h to UTC - region PH diagnosed as a local-time export (100% impossible latencies)
payments,PMT-024268,corrected,paid_at shifted +8h to UTC - region PH diagnosed as a local-time export (100% impossible latencies)
payments,PMT-024278,corrected,paid_at shifted +8h to UTC - region PH diagnosed as a local-time export (100% impossible latencies)
payments,PMT-024292,corrected,paid_at shifted +8h to UTC - region PH diagnosed as a local-time export (100% impossible latencies)
payments,PMT-024317,corrected,paid_at shifted +8h to UTC - region PH diagnosed as a local-time export (100% impossible latencies)
payments,PMT-024329,corrected,paid_at shifted +8h to UTC - region PH diagnosed as a local-time export (100% impossible latencies)
payments,PMT-024347,corrected,paid_at shifted +8h to UTC - region PH diagnosed as a local-time export (100% impossible latencies)
payments,PMT-024353,corrected,paid_at shifted +8h to UTC - region PH diagnosed as a local-time export (100% impossible latencies)
payments,PMT-024359,corrected,paid_at shifted +8h to UTC - region PH diagnosed as a local-time export (100% impossible latencies)
payments,PMT-024360,corrected,paid_at shifted +8h to UTC - region PH diagnosed as a local-time export (100% impossible latencies)
payments,PMT-024365,corrected,paid_at shifted +8h to UTC - region PH diagnosed as a local-time export (100% impossible latencies)
payments,PMT-024388,corrected,paid_at shifted +8h to UTC - region PH diagnosed as a local-time export (100% impossible latencies)
payments,PMT-024417,corrected,paid_at shifted +8h to UTC - region PH diagnosed as a local-time export (100% impossible latencies)
payments,PMT-024424,corrected,paid_at shifted +8h to UTC - region PH diagnosed as a local-time export (100% impossible latencies)
payments,PMT-024431,corrected,paid_at shifted +8h to UTC - region PH diagnosed as a local-time export (100% impossible latencies)
payments,PMT-024442,corrected,paid_at shifted +8h to UTC - region PH diagnosed as a local-time export (100% impossible latencies)
payments,PMT-024455,corrected,paid_at shifted +8h to UTC - region PH diagnosed as a local-time export (100% impossible latencies)
payments,PMT-024472,corrected,paid_at shifted +8h to UTC - region PH diagnosed as a local-time export (100% impossible latencies)
payments,PMT-024485,corrected,paid_at shifted +8h to UTC - region PH diagnosed as a local-time export (100% impossible latencies)
payments,PMT-024487,corrected,paid_at shifted +8h to UTC - region PH diagnosed as a local-time export (100% impossible latencies)
payments,PMT-024495,corrected,paid_at shifted +8h to UTC - region PH diagnosed as a local-time export (100% impossible latencies)
payments,PMT-024496,corrected,paid_at shifted +8h to UTC - region PH diagnosed as a local-time export (100% impossible latencies)
payments,PMT-024528,corrected,paid_at shifted +8h to UTC - region PH diagnosed as a local-time export (100% impossible latencies)
payments,PMT-024545,corrected,paid_at shifted +8h to UTC - region PH diagnosed as a local-time export (100% impossible latencies)
payments,PMT-024589,corrected,paid_at shifted +8h to UTC - region PH diagnosed as a local-time export (100% impossible latencies)
payments,PMT-024606,corrected,paid_at shifted +8h to UTC - region PH diagnosed as a local-time export (100% impossible latencies)
payments,PMT-024627,corrected,paid_at shifted +8h to UTC - region PH diagnosed as a local-time export (100% impossible latencies)
payments,PMT-024645,corrected,paid_at shifted +8h to UTC - region PH diagnosed as a local-time export (100% impossible latencies)
payments,PMT-024655,corrected,paid_at shifted +8h to UTC - region PH diagnosed as a local-time export (100% impossible latencies)
payments,PMT-024667,corrected,paid_at shifted +8h to UTC - region PH diagnosed as a local-time export (100% impossible latencies)
payments,PMT-024669,corrected,paid_at shifted +8h to UTC - region PH diagnosed as a local-time export (100% impossible latencies)
payments,PMT-024686,corrected,paid_at shifted +8h to UTC - region PH diagnosed as a local-time export (100% impossible latencies)
payments,PMT-024691,corrected,paid_at shifted +8h to UTC - region PH diagnosed as a local-time export (100% impossible latencies)
payments,PMT-024700,corrected,paid_at shifted +8h to UTC - region PH diagnosed as a local-time export (100% impossible latencies)
payments,PMT-024711,corrected,paid_at shifted +8h to UTC - region PH diagnosed as a local-time export (100% impossible latencies)
payments,PMT-024712,corrected,paid_at shifted +8h to UTC - region PH diagnosed as a local-time export (100% impossible latencies)
payments,PMT-024739,corrected,paid_at shifted +8h to UTC - region PH diagnosed as a local-time export (100% impossible latencies)
payments,PMT-024744,corrected,paid_at shifted +8h to UTC - region PH diagnosed as a local-time export (100% impossible latencies)
payments,PMT-024751,corrected,paid_at shifted +8h to UTC - region PH diagnosed as a local-time export (100% impossible latencies)
payments,PMT-024754,corrected,paid_at shifted +8h to UTC - region PH diagnosed as a local-time export (100% impossible latencies)
payments,PMT-024761,corrected,paid_at shifted +8h to UTC - region PH diagnosed as a local-time export (100% impossible latencies)
payments,PMT-024772,corrected,paid_at shifted +8h to UTC - region PH diagnosed as a local-time export (100% impossible latencies)
payments,PMT-024784,corrected,paid_at shifted +8h to UTC - region PH diagnosed as a local-time export (100% impossible latencies)
payments,PMT-024797,corrected,paid_at shifted +8h to UTC - region PH diagnosed as a local-time export (100% impossible latencies)
payments,PMT-024812,corrected,paid_at shifted +8h to UTC - region PH diagnosed as a local-time export (100% impossible latencies)
payments,PMT-024821,corrected,paid_at shifted +8h to UTC - region PH diagnosed as a local-time export (100% impossible latencies)
payments,PMT-024834,corrected,paid_at shifted +8h to UTC - region PH diagnosed as a local-time export (100% impossible latencies)
payments,PMT-024846,corrected,paid_at shifted +8h to UTC - region PH diagnosed as a local-time export (100% impossible latencies)
payments,PMT-024847,corrected,paid_at shifted +8h to UTC - region PH diagnosed as a local-time export (100% impossible latencies)
payments,PMT-024863,corrected,paid_at shifted +8h to UTC - region PH diagnosed as a local-time export (100% impossible latencies)
payments,PMT-024884,corrected,paid_at shifted +8h to UTC - region PH diagnosed as a local-time export (100% impossible latencies)
payments,PMT-024901,corrected,paid_at shifted +8h to UTC - region PH diagnosed as a local-time export (100% impossible latencies)
payments,PMT-024914,corrected,paid_at shifted +8h to UTC - region PH diagnosed as a local-time export (100% impossible latencies)
payments,PMT-024917,corrected,paid_at shifted +8h to UTC - region PH diagnosed as a local-time export (100% impossible latencies)
payments,PMT-024927,corrected,paid_at shifted +8h to UTC - region PH diagnosed as a local-time export (100% impossible latencies)
payments,PMT-024940,corrected,paid_at shifted +8h to UTC - region PH diagnosed as a local-time export (100% impossible latencies)
payments,PMT-024948,corrected,paid_at shifted +8h to UTC - region PH diagnosed as a local-time export (100% impossible latencies)
payments,PMT-024956,corrected,paid_at shifted +8h to UTC - region PH diagnosed as a local-time export (100% impossible latencies)
payments,PMT-024977,corrected,paid_at shifted +8h to UTC - region PH diagnosed as a local-time export (100% impossible latencies)
payments,PMT-024988,corrected,paid_at shifted +8h to UTC - region PH diagnosed as a local-time export (100% impossible latencies)
payments,PMT-024994,corrected,paid_at shifted +8h to UTC - region PH diagnosed as a local-time export (100% impossible latencies)
payments,PMT-024996,corrected,paid_at shifted +8h to UTC - region PH diagnosed as a local-time export (100% impossible latencies)
payments,PMT-025019,corrected,paid_at shifted +8h to UTC - region PH diagnosed as a local-time export (100% impossible latencies)
payments,PMT-025042,corrected,paid_at shifted +8h to UTC - region PH diagnosed as a local-time export (100% impossible latencies)
payments,PMT-025045,corrected,paid_at shifted +8h to UTC - region PH diagnosed as a local-time export (100% impossible latencies)
payments,PMT-025047,corrected,paid_at shifted +8h to UTC - region PH diagnosed as a local-time export (100% impossible latencies)
payments,PMT-025050,corrected,paid_at shifted +8h to UTC - region PH diagnosed as a local-time export (100% impossible latencies)
payments,PMT-025060,corrected,paid_at shifted +8h to UTC - region PH diagnosed as a local-time export (100% impossible latencies)
payments,PMT-025080,corrected,paid_at shifted +8h to UTC - region PH diagnosed as a local-time export (100% impossible latencies)
payments,PMT-025095,corrected,paid_at shifted +8h to UTC - region PH diagnosed as a local-time export (100% impossible latencies)
payments,PMT-025104,corrected,paid_at shifted +8h to UTC - region PH diagnosed as a local-time export (100% impossible latencies)
payments,PMT-025113,corrected,paid_at shifted +8h to UTC - region PH diagnosed as a local-time export (100% impossible latencies)
payments,PMT-025122,corrected,paid_at shifted +8h to UTC - region PH diagnosed as a local-time export (100% impossible latencies)
payments,PMT-025126,corrected,paid_at shifted +8h to UTC - region PH diagnosed as a local-time export (100% impossible latencies)
payments,PMT-025139,corrected,paid_at shifted +8h to UTC - region PH diagnosed as a local-time export (100% impossible latencies)
payments,PMT-025140,corrected,paid_at shifted +8h to UTC - region PH diagnosed as a local-time export (100% impossible latencies)
payments,PMT-025153,corrected,paid_at shifted +8h to UTC - region PH diagnosed as a local-time export (100% impossible latencies)
payments,PMT-025224,corrected,paid_at shifted +8h to UTC - region PH diagnosed as a local-time export (100% impossible latencies)
payments,PMT-025228,corrected,paid_at shifted +8h to UTC - region PH diagnosed as a local-time export (100% impossible latencies)
payments,PMT-025240,corrected,paid_at shifted +8h to UTC - region PH diagnosed as a local-time export (100% impossible latencies)
payments,PMT-025253,corrected,paid_at shifted +8h to UTC - region PH diagnosed as a local-time export (100% impossible latencies)
payments,PMT-025308,corrected,paid_at shifted +8h to UTC - region PH diagnosed as a local-time export (100% impossible latencies)
payments,PMT-025309,corrected,paid_at shifted +8h to UTC - region PH diagnosed as a local-time export (100% impossible latencies)
payments,PMT-025323,corrected,paid_at shifted +8h to UTC - region PH diagnosed as a local-time export (100% impossible latencies)
payments,PMT-025330,corrected,paid_at shifted +8h to UTC - region PH diagnosed as a local-time export (100% impossible latencies)
payments,PMT-025351,corrected,paid_at shifted +8h to UTC - region PH diagnosed as a local-time export (100% impossible latencies)
payments,PMT-025361,corrected,paid_at shifted +8h to UTC - region PH diagnosed as a local-time export (100% impossible latencies)
payments,PMT-025366,corrected,paid_at shifted +8h to UTC - region PH diagnosed as a local-time export (100% impossible latencies)
payments,PMT-025375,corrected,paid_at shifted +8h to UTC - region PH diagnosed as a local-time export (100% impossible latencies)
payments,PMT-025383,corrected,paid_at shifted +8h to UTC - region PH diagnosed as a local-time export (100% impossible latencies)
payments,PMT-025387,corrected,paid_at shifted +8h to UTC - region PH diagnosed as a local-time export (100% impossible latencies)
payments,PMT-025394,corrected,paid_at shifted +8h to UTC - region PH diagnosed as a local-time export (100% impossible latencies)
payments,PMT-025399,corrected,paid_at shifted +8h to UTC - region PH diagnosed as a local-time export (100% impossible latencies)
payments,PMT-025443,corrected,paid_at shifted +8h to UTC - region PH diagnosed as a local-time export (100% impossible latencies)
payments,PMT-025456,corrected,paid_at shifted +8h to UTC - region PH diagnosed as a local-time export (100% impossible latencies)
payments,PMT-025472,corrected,paid_at shifted +8h to UTC - region PH diagnosed as a local-time export (100% impossible latencies)
payments,PMT-025474,corrected,paid_at shifted +8h to UTC - region PH diagnosed as a local-time export (100% impossible latencies)
payments,PMT-025506,corrected,paid_at shifted +8h to UTC - region PH diagnosed as a local-time export (100% impossible latencies)
payments,PMT-025515,corrected,paid_at shifted +8h to UTC - region PH diagnosed as a local-time export (100% impossible latencies)
payments,PMT-025517,corrected,paid_at shifted +8h to UTC - region PH diagnosed as a local-time export (100% impossible latencies)
payments,PMT-025563,corrected,paid_at shifted +8h to UTC - region PH diagnosed as a local-time export (100% impossible latencies)
payments,PMT-025578,corrected,paid_at shifted +8h to UTC - region PH diagnosed as a local-time export (100% impossible latencies)
payments,PMT-025590,corrected,paid_at shifted +8h to UTC - region PH diagnosed as a local-time export (100% impossible latencies)
payments,PMT-025593,corrected,paid_at shifted +8h to UTC - region PH diagnosed as a local-time export (100% impossible latencies)
payments,PMT-025606,corrected,paid_at shifted +8h to UTC - region PH diagnosed as a local-time export (100% impossible latencies)
payments,PMT-025607,corrected,paid_at shifted +8h to UTC - region PH diagnosed as a local-time export (100% impossible latencies)
payments,PMT-025613,corrected,paid_at shifted +8h to UTC - region PH diagnosed as a local-time export (100% impossible latencies)
payments,PMT-025628,corrected,paid_at shifted +8h to UTC - region PH diagnosed as a local-time export (100% impossible latencies)
payments,PMT-025645,corrected,paid_at shifted +8h to UTC - region PH diagnosed as a local-time export (100% impossible latencies)
payments,PMT-025714,corrected,paid_at shifted +8h to UTC - region PH diagnosed as a local-time export (100% impossible latencies)
payments,PMT-025716,corrected,paid_at shifted +8h to UTC - region PH diagnosed as a local-time export (100% impossible latencies)
payments,PMT-025743,corrected,paid_at shifted +8h to UTC - region PH diagnosed as a local-time export (100% impossible latencies)
payments,PMT-025749,corrected,paid_at shifted +8h to UTC - region PH diagnosed as a local-time export (100% impossible latencies)
payments,PMT-025753,corrected,paid_at shifted +8h to UTC - region PH diagnosed as a local-time export (100% impossible latencies)
payments,PMT-025754,corrected,paid_at shifted +8h to UTC - region PH diagnosed as a local-time export (100% impossible latencies)
payments,PMT-025762,corrected,paid_at shifted +8h to UTC - region PH diagnosed as a local-time export (100% impossible latencies)
payments,PMT-025776,corrected,paid_at shifted +8h to UTC - region PH diagnosed as a local-time export (100% impossible latencies)
payments,PMT-025811,corrected,paid_at shifted +8h to UTC - region PH diagnosed as a local-time export (100% impossible latencies)
payments,PMT-025862,corrected,paid_at shifted +8h to UTC - region PH diagnosed as a local-time export (100% impossible latencies)
payments,PMT-025867,corrected,paid_at shifted +8h to UTC - region PH diagnosed as a local-time export (100% impossible latencies)
payments,PMT-025872,corrected,paid_at shifted +8h to UTC - region PH diagnosed as a local-time export (100% impossible latencies)
payments,PMT-025907,corrected,paid_at shifted +8h to UTC - region PH diagnosed as a local-time export (100% impossible latencies)
payments,PMT-025910,corrected,paid_at shifted +8h to UTC - region PH diagnosed as a local-time export (100% impossible latencies)
payments,PMT-025937,corrected,paid_at shifted +8h to UTC - region PH diagnosed as a local-time export (100% impossible latencies)
payments,PMT-025946,corrected,paid_at shifted +8h to UTC - region PH diagnosed as a local-time export (100% impossible latencies)
payments,PMT-025950,corrected,paid_at shifted +8h to UTC - region PH diagnosed as a local-time export (100% impossible latencies)
payments,PMT-025957,corrected,paid_at shifted +8h to UTC - region PH diagnosed as a local-time export (100% impossible latencies)
payments,PMT-025964,corrected,paid_at shifted +8h to UTC - region PH diagnosed as a local-time export (100% impossible latencies)
payments,PMT-025988,corrected,paid_at shifted +8h to UTC - region PH diagnosed as a local-time export (100% impossible latencies)
payments,PMT-026005,corrected,paid_at shifted +8h to UTC - region PH diagnosed as a local-time export (100% impossible latencies)
payments,PMT-026014,corrected,paid_at shifted +8h to UTC - region PH diagnosed as a local-time export (100% impossible latencies)
payments,PMT-026042,corrected,paid_at shifted +8h to UTC - region PH diagnosed as a local-time export (100% impossible latencies)
payments,PMT-026050,corrected,paid_at shifted +8h to UTC - region PH diagnosed as a local-time export (100% impossible latencies)
payments,PMT-026081,corrected,paid_at shifted +8h to UTC - region PH diagnosed as a local-time export (100% impossible latencies)
payments,PMT-026089,corrected,paid_at shifted +8h to UTC - region PH diagnosed as a local-time export (100% impossible latencies)
payments,PMT-026112,corrected,paid_at shifted +8h to UTC - region PH diagnosed as a local-time export (100% impossible latencies)
payments,PMT-026133,corrected,paid_at shifted +8h to UTC - region PH diagnosed as a local-time export (100% impossible latencies)
payments,PMT-026139,corrected,paid_at shifted +8h to UTC - region PH diagnosed as a local-time export (100% impossible latencies)
payments,PMT-026147,corrected,paid_at shifted +8h to UTC - region PH diagnosed as a local-time export (100% impossible latencies)
payments,PMT-026158,corrected,paid_at shifted +8h to UTC - region PH diagnosed as a local-time export (100% impossible latencies)
payments,PMT-026178,corrected,paid_at shifted +8h to UTC - region PH diagnosed as a local-time export (100% impossible latencies)
payments,PMT-026196,corrected,paid_at shifted +8h to UTC - region PH diagnosed as a local-time export (100% impossible latencies)
payments,PMT-026198,corrected,paid_at shifted +8h to UTC - region PH diagnosed as a local-time export (100% impossible latencies)
payments,PMT-026201,corrected,paid_at shifted +8h to UTC - region PH diagnosed as a local-time export (100% impossible latencies)
payments,PMT-026243,corrected,paid_at shifted +8h to UTC - region PH diagnosed as a local-time export (100% impossible latencies)
payments,PMT-026258,corrected,paid_at shifted +8h to UTC - region PH diagnosed as a local-time export (100% impossible latencies)
payments,PMT-026299,corrected,paid_at shifted +8h to UTC - region PH diagnosed as a local-time export (100% impossible latencies)
payments,PMT-026321,corrected,paid_at shifted +8h to UTC - region PH diagnosed as a local-time export (100% impossible latencies)
payments,PMT-026361,corrected,paid_at shifted +8h to UTC - region PH diagnosed as a local-time export (100% impossible latencies)
payments,PMT-026368,corrected,paid_at shifted +8h to UTC - region PH diagnosed as a local-time export (100% impossible latencies)
payments,PMT-026410,corrected,paid_at shifted +8h to UTC - region PH diagnosed as a local-time export (100% impossible latencies)
payments,PMT-026417,corrected,paid_at shifted +8h to UTC - region PH diagnosed as a local-time export (100% impossible latencies)
payments,PMT-026424,corrected,paid_at shifted +8h to UTC - region PH diagnosed as a local-time export (100% impossible latencies)
payments,PMT-026441,corrected,paid_at shifted +8h to UTC - region PH diagnosed as a local-time export (100% impossible latencies)
payments,PMT-026447,corrected,paid_at shifted +8h to UTC - region PH diagnosed as a local-time export (100% impossible latencies)
payments,PMT-026451,corrected,paid_at shifted +8h to UTC - region PH diagnosed as a local-time export (100% impossible latencies)
payments,PMT-026454,corrected,paid_at shifted +8h to UTC - region PH diagnosed as a local-time export (100% impossible latencies)
payments,PMT-026459,corrected,paid_at shifted +8h to UTC - region PH diagnosed as a local-time export (100% impossible latencies)
payments,PMT-026470,corrected,paid_at shifted +8h to UTC - region PH diagnosed as a local-time export (100% impossible latencies)
payments,PMT-026476,corrected,paid_at shifted +8h to UTC - region PH diagnosed as a local-time export (100% impossible latencies)
payments,PMT-026491,corrected,paid_at shifted +8h to UTC - region PH diagnosed as a local-time export (100% impossible latencies)
payments,PMT-026497,corrected,paid_at shifted +8h to UTC - region PH diagnosed as a local-time export (100% impossible latencies)
payments,PMT-026503,corrected,paid_at shifted +8h to UTC - region PH diagnosed as a local-time export (100% impossible latencies)
payments,PMT-026514,corrected,paid_at shifted +8h to UTC - region PH diagnosed as a local-time export (100% impossible latencies)
payments,PMT-026521,corrected,paid_at shifted +8h to UTC - region PH diagnosed as a local-time export (100% impossible latencies)
payments,PMT-026530,corrected,paid_at shifted +8h to UTC - region PH diagnosed as a local-time export (100% impossible latencies)
payments,PMT-026537,corrected,paid_at shifted +8h to UTC - region PH diagnosed as a local-time export (100% impossible latencies)
payments,PMT-026541,corrected,paid_at shifted +8h to UTC - region PH diagnosed as a local-time export (100% impossible latencies)
payments,PMT-026543,corrected,paid_at shifted +8h to UTC - region PH diagnosed as a local-time export (100% impossible latencies)
payments,PMT-026553,corrected,paid_at shifted +8h to UTC - region PH diagnosed as a local-time export (100% impossible latencies)
payments,PMT-026575,corrected,paid_at shifted +8h to UTC - region PH diagnosed as a local-time export (100% impossible latencies)
payments,PMT-026593,corrected,paid_at shifted +8h to UTC - region PH diagnosed as a local-time export (100% impossible latencies)
payments,PMT-026595,corrected,paid_at shifted +8h to UTC - region PH diagnosed as a local-time export (100% impossible latencies)
payments,PMT-026599,corrected,paid_at shifted +8h to UTC - region PH diagnosed as a local-time export (100% impossible latencies)
payments,PMT-026602,corrected,paid_at shifted +8h to UTC - region PH diagnosed as a local-time export (100% impossible latencies)
payments,PMT-026603,corrected,paid_at shifted +8h to UTC - region PH diagnosed as a local-time export (100% impossible latencies)
payments,PMT-026606,corrected,paid_at shifted +8h to UTC - region PH diagnosed as a local-time export (100% impossible latencies)
payments,PMT-026617,corrected,paid_at shifted +8h to UTC - region PH diagnosed as a local-time export (100% impossible latencies)
payments,PMT-026625,corrected,paid_at shifted +8h to UTC - region PH diagnosed as a local-time export (100% impossible latencies)
payments,PMT-026638,corrected,paid_at shifted +8h to UTC - region PH diagnosed as a local-time export (100% impossible latencies)
payments,PMT-026649,corrected,paid_at shifted +8h to UTC - region PH diagnosed as a local-time export (100% impossible latencies)
payments,PMT-026652,corrected,paid_at shifted +8h to UTC - region PH diagnosed as a local-time export (100% impossible latencies)
payments,PMT-026679,corrected,paid_at shifted +8h to UTC - region PH diagnosed as a local-time export (100% impossible latencies)
payments,PMT-026682,corrected,paid_at shifted +8h to UTC - region PH diagnosed as a local-time export (100% impossible latencies)
payments,PMT-026724,corrected,paid_at shifted +8h to UTC - region PH diagnosed as a local-time export (100% impossible latencies)
payments,PMT-026725,corrected,paid_at shifted +8h to UTC - region PH diagnosed as a local-time export (100% impossible latencies)
payments,PMT-026738,corrected,paid_at shifted +8h to UTC - region PH diagnosed as a local-time export (100% impossible latencies)
payments,PMT-026747,corrected,paid_at shifted +8h to UTC - region PH diagnosed as a local-time export (100% impossible latencies)
payments,PMT-026768,corrected,paid_at shifted +8h to UTC - region PH diagnosed as a local-time export (100% impossible latencies)
payments,PMT-026798,corrected,paid_at shifted +8h to UTC - region PH diagnosed as a local-time export (100% impossible latencies)
payments,PMT-026800,corrected,paid_at shifted +8h to UTC - region PH diagnosed as a local-time export (100% impossible latencies)
payments,PMT-026801,corrected,paid_at shifted +8h to UTC - region PH diagnosed as a local-time export (100% impossible latencies)
payments,PMT-026833,corrected,paid_at shifted +8h to UTC - region PH diagnosed as a local-time export (100% impossible latencies)
payments,PMT-026847,corrected,paid_at shifted +8h to UTC - region PH diagnosed as a local-time export (100% impossible latencies)
payments,PMT-026858,corrected,paid_at shifted +8h to UTC - region PH diagnosed as a local-time export (100% impossible latencies)
payments,PMT-026869,corrected,paid_at shifted +8h to UTC - region PH diagnosed as a local-time export (100% impossible latencies)
payments,PMT-026877,corrected,paid_at shifted +8h to UTC - region PH diagnosed as a local-time export (100% impossible latencies)
payments,PMT-026878,corrected,paid_at shifted +8h to UTC - region PH diagnosed as a local-time export (100% impossible latencies)
payments,PMT-026897,corrected,paid_at shifted +8h to UTC - region PH diagnosed as a local-time export (100% impossible latencies)
payments,PMT-026899,corrected,paid_at shifted +8h to UTC - region PH diagnosed as a local-time export (100% impossible latencies)
payments,PMT-026916,corrected,paid_at shifted +8h to UTC - region PH diagnosed as a local-time export (100% impossible latencies)
payments,PMT-026921,corrected,paid_at shifted +8h to UTC - region PH diagnosed as a local-time export (100% impossible latencies)
payments,PMT-026926,corrected,paid_at shifted +8h to UTC - region PH diagnosed as a local-time export (100% impossible latencies)
payments,PMT-026953,corrected,paid_at shifted +8h to UTC - region PH diagnosed as a local-time export (100% impossible latencies)
payments,PMT-026990,corrected,paid_at shifted +8h to UTC - region PH diagnosed as a local-time export (100% impossible latencies)
payments,PMT-027001,corrected,paid_at shifted +8h to UTC - region PH diagnosed as a local-time export (100% impossible latencies)
payments,PMT-027015,corrected,paid_at shifted +8h to UTC - region PH diagnosed as a local-time export (100% impossible latencies)
payments,PMT-027039,corrected,paid_at shifted +8h to UTC - region PH diagnosed as a local-time export (100% impossible latencies)
payments,PMT-027041,corrected,paid_at shifted +8h to UTC - region PH diagnosed as a local-time export (100% impossible latencies)
payments,PMT-027084,corrected,paid_at shifted +8h to UTC - region PH diagnosed as a local-time export (100% impossible latencies)
payments,PMT-027089,corrected,paid_at shifted +8h to UTC - region PH diagnosed as a local-time export (100% impossible latencies)
payments,PMT-027098,corrected,paid_at shifted +8h to UTC - region PH diagnosed as a local-time export (100% impossible latencies)
payments,PMT-027109,corrected,paid_at shifted +8h to UTC - region PH diagnosed as a local-time export (100% impossible latencies)
payments,PMT-027116,corrected,paid_at shifted +8h to UTC - region PH diagnosed as a local-time export (100% impossible latencies)
payments,PMT-027123,corrected,paid_at shifted +8h to UTC - region PH diagnosed as a local-time export (100% impossible latencies)
payments,PMT-027141,corrected,paid_at shifted +8h to UTC - region PH diagnosed as a local-time export (100% impossible latencies)
payments,PMT-027148,corrected,paid_at shifted +8h to UTC - region PH diagnosed as a local-time export (100% impossible latencies)
payments,PMT-027155,corrected,paid_at shifted +8h to UTC - region PH diagnosed as a local-time export (100% impossible latencies)
payments,PMT-027157,corrected,paid_at shifted +8h to UTC - region PH diagnosed as a local-time export (100% impossible latencies)
payments,PMT-027166,corrected,paid_at shifted +8h to UTC - region PH diagnosed as a local-time export (100% impossible latencies)
payments,PMT-027189,corrected,paid_at shifted +8h to UTC - region PH diagnosed as a local-time export (100% impossible latencies)
payments,PMT-027206,corrected,paid_at shifted +8h to UTC - region PH diagnosed as a local-time export (100% impossible latencies)
payments,PMT-027239,corrected,paid_at shifted +8h to UTC - region PH diagnosed as a local-time export (100% impossible latencies)
payments,PMT-027254,corrected,paid_at shifted +8h to UTC - region PH diagnosed as a local-time export (100% impossible latencies)
payments,PMT-027265,corrected,paid_at shifted +8h to UTC - region PH diagnosed as a local-time export (100% impossible latencies)
payments,PMT-027269,corrected,paid_at shifted +8h to UTC - region PH diagnosed as a local-time export (100% impossible latencies)
payments,PMT-027281,corrected,paid_at shifted +8h to UTC - region PH diagnosed as a local-time export (100% impossible latencies)
payments,PMT-027294,corrected,paid_at shifted +8h to UTC - region PH diagnosed as a local-time export (100% impossible latencies)
payments,PMT-027325,corrected,paid_at shifted +8h to UTC - region PH diagnosed as a local-time export (100% impossible latencies)
payments,PMT-027333,corrected,paid_at shifted +8h to UTC - region PH diagnosed as a local-time export (100% impossible latencies)
payments,PMT-027347,corrected,paid_at shifted +8h to UTC - region PH diagnosed as a local-time export (100% impossible latencies)
payments,PMT-027361,corrected,paid_at shifted +8h to UTC - region PH diagnosed as a local-time export (100% impossible latencies)
payments,PMT-027367,corrected,paid_at shifted +8h to UTC - region PH diagnosed as a local-time export (100% impossible latencies)
payments,PMT-027376,corrected,paid_at shifted +8h to UTC - region PH diagnosed as a local-time export (100% impossible latencies)
payments,PMT-027393,corrected,paid_at shifted +8h to UTC - region PH diagnosed as a local-time export (100% impossible latencies)
payments,PMT-027396,corrected,paid_at shifted +8h to UTC - region PH diagnosed as a local-time export (100% impossible latencies)
payments,PMT-027401,corrected,paid_at shifted +8h to UTC - region PH diagnosed as a local-time export (100% impossible latencies)
payments,PMT-027426,corrected,paid_at shifted +8h to UTC - region PH diagnosed as a local-time export (100% impossible latencies)
payments,PMT-027430,corrected,paid_at shifted +8h to UTC - region PH diagnosed as a local-time export (100% impossible latencies)
payments,PMT-027438,corrected,paid_at shifted +8h to UTC - region PH diagnosed as a local-time export (100% impossible latencies)
payments,PMT-027440,corrected,paid_at shifted +8h to UTC - region PH diagnosed as a local-time export (100% impossible latencies)
payments,PMT-027458,corrected,paid_at shifted +8h to UTC - region PH diagnosed as a local-time export (100% impossible latencies)
payments,PMT-027466,corrected,paid_at shifted +8h to UTC - region PH diagnosed as a local-time export (100% impossible latencies)
payments,PMT-027491,corrected,paid_at shifted +8h to UTC - region PH diagnosed as a local-time export (100% impossible latencies)
payments,PMT-027513,corrected,paid_at shifted +8h to UTC - region PH diagnosed as a local-time export (100% impossible latencies)
payments,PMT-027517,corrected,paid_at shifted +8h to UTC - region PH diagnosed as a local-time export (100% impossible latencies)
payments,PMT-027524,corrected,paid_at shifted +8h to UTC - region PH diagnosed as a local-time export (100% impossible latencies)
payments,PMT-027527,corrected,paid_at shifted +8h to UTC - region PH diagnosed as a local-time export (100% impossible latencies)
payments,PMT-027534,corrected,paid_at shifted +8h to UTC - region PH diagnosed as a local-time export (100% impossible latencies)
payments,PMT-027547,corrected,paid_at shifted +8h to UTC - region PH diagnosed as a local-time export (100% impossible latencies)
payments,PMT-027549,corrected,paid_at shifted +8h to UTC - region PH diagnosed as a local-time export (100% impossible latencies)
payments,PMT-027559,corrected,paid_at shifted +8h to UTC - region PH diagnosed as a local-time export (100% impossible latencies)
payments,PMT-027575,corrected,paid_at shifted +8h to UTC - region PH diagnosed as a local-time export (100% impossible latencies)
payments,PMT-027583,corrected,paid_at shifted +8h to UTC - region PH diagnosed as a local-time export (100% impossible latencies)
payments,PMT-027604,corrected,paid_at shifted +8h to UTC - region PH diagnosed as a local-time export (100% impossible latencies)
payments,PMT-027646,corrected,paid_at shifted +8h to UTC - region PH diagnosed as a local-time export (100% impossible latencies)
payments,PMT-027660,corrected,paid_at shifted +8h to UTC - region PH diagnosed as a local-time export (100% impossible latencies)
payments,PMT-027664,corrected,paid_at shifted +8h to UTC - region PH diagnosed as a local-time export (100% impossible latencies)
payments,PMT-027665,corrected,paid_at shifted +8h to UTC - region PH diagnosed as a local-time export (100% impossible latencies)
payments,PMT-027668,corrected,paid_at shifted +8h to UTC - region PH diagnosed as a local-time export (100% impossible latencies)
payments,PMT-027677,corrected,paid_at shifted +8h to UTC - region PH diagnosed as a local-time export (100% impossible latencies)
payments,PMT-027683,corrected,paid_at shifted +8h to UTC - region PH diagnosed as a local-time export (100% impossible latencies)
payments,PMT-027687,corrected,paid_at shifted +8h to UTC - region PH diagnosed as a local-time export (100% impossible latencies)
payments,PMT-027693,corrected,paid_at shifted +8h to UTC - region PH diagnosed as a local-time export (100% impossible latencies)
payments,PMT-027701,corrected,paid_at shifted +8h to UTC - region PH diagnosed as a local-time export (100% impossible latencies)
payments,PMT-027745,corrected,paid_at shifted +8h to UTC - region PH diagnosed as a local-time export (100% impossible latencies)
payments,PMT-027746,corrected,paid_at shifted +8h to UTC - region PH diagnosed as a local-time export (100% impossible latencies)
payments,PMT-027748,corrected,paid_at shifted +8h to UTC - region PH diagnosed as a local-time export (100% impossible latencies)
payments,PMT-027781,corrected,paid_at shifted +8h to UTC - region PH diagnosed as a local-time export (100% impossible latencies)
payments,PMT-027791,corrected,paid_at shifted +8h to UTC - region PH diagnosed as a local-time export (100% impossible latencies)
payments,PMT-027795,corrected,paid_at shifted +8h to UTC - region PH diagnosed as a local-time export (100% impossible latencies)
payments,PMT-027804,corrected,paid_at shifted +8h to UTC - region PH diagnosed as a local-time export (100% impossible latencies)
payments,PMT-027809,corrected,paid_at shifted +8h to UTC - region PH diagnosed as a local-time export (100% impossible latencies)
payments,PMT-027812,corrected,paid_at shifted +8h to UTC - region PH diagnosed as a local-time export (100% impossible latencies)
payments,PMT-027813,corrected,paid_at shifted +8h to UTC - region PH diagnosed as a local-time export (100% impossible latencies)
payments,PMT-027830,corrected,paid_at shifted +8h to UTC - region PH diagnosed as a local-time export (100% impossible latencies)
payments,PMT-027841,corrected,paid_at shifted +8h to UTC - region PH diagnosed as a local-time export (100% impossible latencies)
payments,PMT-027859,corrected,paid_at shifted +8h to UTC - region PH diagnosed as a local-time export (100% impossible latencies)
payments,PMT-027870,corrected,paid_at shifted +8h to UTC - region PH diagnosed as a local-time export (100% impossible latencies)
payments,PMT-027888,corrected,paid_at shifted +8h to UTC - region PH diagnosed as a local-time export (100% impossible latencies)
payments,PMT-027890,corrected,paid_at shifted +8h to UTC - region PH diagnosed as a local-time export (100% impossible latencies)
payments,PMT-027900,corrected,paid_at shifted +8h to UTC - region PH diagnosed as a local-time export (100% impossible latencies)
payments,PMT-027926,corrected,paid_at shifted +8h to UTC - region PH diagnosed as a local-time export (100% impossible latencies)
payments,PMT-027938,corrected,paid_at shifted +8h to UTC - region PH diagnosed as a local-time export (100% impossible latencies)
payments,PMT-027950,corrected,paid_at shifted +8h to UTC - region PH diagnosed as a local-time export (100% impossible latencies)
payments,PMT-027952,corrected,paid_at shifted +8h to UTC - region PH diagnosed as a local-time export (100% impossible latencies)
payments,PMT-027974,corrected,paid_at shifted +8h to UTC - region PH diagnosed as a local-time export (100% impossible latencies)
payments,PMT-027976,corrected,paid_at shifted +8h to UTC - region PH diagnosed as a local-time export (100% impossible latencies)
payments,PMT-027978,corrected,paid_at shifted +8h to UTC - region PH diagnosed as a local-time export (100% impossible latencies)
payments,PMT-027996,corrected,paid_at shifted +8h to UTC - region PH diagnosed as a local-time export (100% impossible latencies)
payments,PMT-027997,corrected,paid_at shifted +8h to UTC - region PH diagnosed as a local-time export (100% impossible latencies)
payments,PMT-028003,corrected,paid_at shifted +8h to UTC - region PH diagnosed as a local-time export (100% impossible latencies)
payments,PMT-028015,corrected,paid_at shifted +8h to UTC - region PH diagnosed as a local-time export (100% impossible latencies)
payments,PMT-028020,corrected,paid_at shifted +8h to UTC - region PH diagnosed as a local-time export (100% impossible latencies)
payments,PMT-028025,corrected,paid_at shifted +8h to UTC - region PH diagnosed as a local-time export (100% impossible latencies)
payments,PMT-028028,corrected,paid_at shifted +8h to UTC - region PH diagnosed as a local-time export (100% impossible latencies)
payments,PMT-028037,corrected,paid_at shifted +8h to UTC - region PH diagnosed as a local-time export (100% impossible latencies)
payments,PMT-028041,corrected,paid_at shifted +8h to UTC - region PH diagnosed as a local-time export (100% impossible latencies)
payments,PMT-028053,corrected,paid_at shifted +8h to UTC - region PH diagnosed as a local-time export (100% impossible latencies)
payments,PMT-028059,corrected,paid_at shifted +8h to UTC - region PH diagnosed as a local-time export (100% impossible latencies)
payments,PMT-028063,corrected,paid_at shifted +8h to UTC - region PH diagnosed as a local-time export (100% impossible latencies)
payments,PMT-028068,corrected,paid_at shifted +8h to UTC - region PH diagnosed as a local-time export (100% impossible latencies)
payments,PMT-028089,corrected,paid_at shifted +8h to UTC - region PH diagnosed as a local-time export (100% impossible latencies)
payments,PMT-028091,corrected,paid_at shifted +8h to UTC - region PH diagnosed as a local-time export (100% impossible latencies)
payments,PMT-028103,corrected,paid_at shifted +8h to UTC - region PH diagnosed as a local-time export (100% impossible latencies)
payments,PMT-028122,corrected,paid_at shifted +8h to UTC - region PH diagnosed as a local-time export (100% impossible latencies)
payments,PMT-028132,corrected,paid_at shifted +8h to UTC - region PH diagnosed as a local-time export (100% impossible latencies)
payments,PMT-028137,corrected,paid_at shifted +8h to UTC - region PH diagnosed as a local-time export (100% impossible latencies)
payments,PMT-028153,corrected,paid_at shifted +8h to UTC - region PH diagnosed as a local-time export (100% impossible latencies)
payments,PMT-028167,corrected,paid_at shifted +8h to UTC - region PH diagnosed as a local-time export (100% impossible latencies)
payments,PMT-028169,corrected,paid_at shifted +8h to UTC - region PH diagnosed as a local-time export (100% impossible latencies)
payments,PMT-028205,corrected,paid_at shifted +8h to UTC - region PH diagnosed as a local-time export (100% impossible latencies)
payments,PMT-028218,corrected,paid_at shifted +8h to UTC - region PH diagnosed as a local-time export (100% impossible latencies)
payments,PMT-028242,corrected,paid_at shifted +8h to UTC - region PH diagnosed as a local-time export (100% impossible latencies)
payments,PMT-028248,corrected,paid_at shifted +8h to UTC - region PH diagnosed as a local-time export (100% impossible latencies)
payments,PMT-028253,corrected,paid_at shifted +8h to UTC - region PH diagnosed as a local-time export (100% impossible latencies)
payments,PMT-028260,corrected,paid_at shifted +8h to UTC - region PH diagnosed as a local-time export (100% impossible latencies)
payments,PMT-028263,corrected,paid_at shifted +8h to UTC - region PH diagnosed as a local-time export (100% impossible latencies)
payments,PMT-028275,corrected,paid_at shifted +8h to UTC - region PH diagnosed as a local-time export (100% impossible latencies)
payments,PMT-028288,corrected,paid_at shifted +8h to UTC - region PH diagnosed as a local-time export (100% impossible latencies)
payments,PMT-028294,corrected,paid_at shifted +8h to UTC - region PH diagnosed as a local-time export (100% impossible latencies)
payments,PMT-028301,corrected,paid_at shifted +8h to UTC - region PH diagnosed as a local-time export (100% impossible latencies)
payments,PMT-028307,corrected,paid_at shifted +8h to UTC - region PH diagnosed as a local-time export (100% impossible latencies)
payments,PMT-028308,corrected,paid_at shifted +8h to UTC - region PH diagnosed as a local-time export (100% impossible latencies)
payments,PMT-028314,corrected,paid_at shifted +8h to UTC - region PH diagnosed as a local-time export (100% impossible latencies)
payments,PMT-028364,corrected,paid_at shifted +8h to UTC - region PH diagnosed as a local-time export (100% impossible latencies)
payments,PMT-028385,corrected,paid_at shifted +8h to UTC - region PH diagnosed as a local-time export (100% impossible latencies)
payments,PMT-028391,corrected,paid_at shifted +8h to UTC - region PH diagnosed as a local-time export (100% impossible latencies)
payments,PMT-028439,corrected,paid_at shifted +8h to UTC - region PH diagnosed as a local-time export (100% impossible latencies)
payments,PMT-028443,corrected,paid_at shifted +8h to UTC - region PH diagnosed as a local-time export (100% impossible latencies)
payments,PMT-028444,corrected,paid_at shifted +8h to UTC - region PH diagnosed as a local-time export (100% impossible latencies)
payments,PMT-028448,corrected,paid_at shifted +8h to UTC - region PH diagnosed as a local-time export (100% impossible latencies)
payments,PMT-028465,corrected,paid_at shifted +8h to UTC - region PH diagnosed as a local-time export (100% impossible latencies)
payments,PMT-028482,corrected,paid_at shifted +8h to UTC - region PH diagnosed as a local-time export (100% impossible latencies)
payments,PMT-028522,corrected,paid_at shifted +8h to UTC - region PH diagnosed as a local-time export (100% impossible latencies)
payments,PMT-028534,corrected,paid_at shifted +8h to UTC - region PH diagnosed as a local-time export (100% impossible latencies)
payments,PMT-028547,corrected,paid_at shifted +8h to UTC - region PH diagnosed as a local-time export (100% impossible latencies)
payments,PMT-028563,corrected,paid_at shifted +8h to UTC - region PH diagnosed as a local-time export (100% impossible latencies)
payments,PMT-028582,corrected,paid_at shifted +8h to UTC - region PH diagnosed as a local-time export (100% impossible latencies)
payments,PMT-028593,corrected,paid_at shifted +8h to UTC - region PH diagnosed as a local-time export (100% impossible latencies)
payments,PMT-028600,corrected,paid_at shifted +8h to UTC - region PH diagnosed as a local-time export (100% impossible latencies)
payments,PMT-028603,corrected,paid_at shifted +8h to UTC - region PH diagnosed as a local-time export (100% impossible latencies)
payments,PMT-028610,corrected,paid_at shifted +8h to UTC - region PH diagnosed as a local-time export (100% impossible latencies)
payments,PMT-028626,corrected,paid_at shifted +8h to UTC - region PH diagnosed as a local-time export (100% impossible latencies)
payments,PMT-028631,corrected,paid_at shifted +8h to UTC - region PH diagnosed as a local-time export (100% impossible latencies)
payments,PMT-028650,corrected,paid_at shifted +8h to UTC - region PH diagnosed as a local-time export (100% impossible latencies)
payments,PMT-028665,corrected,paid_at shifted +8h to UTC - region PH diagnosed as a local-time export (100% impossible latencies)
payments,PMT-028667,corrected,paid_at shifted +8h to UTC - region PH diagnosed as a local-time export (100% impossible latencies)
payments,PMT-028671,corrected,paid_at shifted +8h to UTC - region PH diagnosed as a local-time export (100% impossible latencies)
payments,PMT-028677,corrected,paid_at shifted +8h to UTC - region PH diagnosed as a local-time export (100% impossible latencies)
payments,PMT-028688,corrected,paid_at shifted +8h to UTC - region PH diagnosed as a local-time export (100% impossible latencies)
payments,PMT-028696,corrected,paid_at shifted +8h to UTC - region PH diagnosed as a local-time export (100% impossible latencies)
payments,PMT-028705,corrected,paid_at shifted +8h to UTC - region PH diagnosed as a local-time export (100% impossible latencies)
payments,PMT-028710,corrected,paid_at shifted +8h to UTC - region PH diagnosed as a local-time export (100% impossible latencies)
payments,PMT-028723,corrected,paid_at shifted +8h to UTC - region PH diagnosed as a local-time export (100% impossible latencies)
payments,PMT-028725,corrected,paid_at shifted +8h to UTC - region PH diagnosed as a local-time export (100% impossible latencies)
payments,PMT-028733,corrected,paid_at shifted +8h to UTC - region PH diagnosed as a local-time export (100% impossible latencies)
payments,PMT-028735,corrected,paid_at shifted +8h to UTC - region PH diagnosed as a local-time export (100% impossible latencies)
payments,PMT-028756,corrected,paid_at shifted +8h to UTC - region PH diagnosed as a local-time export (100% impossible latencies)
payments,PMT-028768,corrected,paid_at shifted +8h to UTC - region PH diagnosed as a local-time export (100% impossible latencies)
payments,PMT-028778,corrected,paid_at shifted +8h to UTC - region PH diagnosed as a local-time export (100% impossible latencies)
payments,PMT-028788,corrected,paid_at shifted +8h to UTC - region PH diagnosed as a local-time export (100% impossible latencies)
payments,PMT-028807,corrected,paid_at shifted +8h to UTC - region PH diagnosed as a local-time export (100% impossible latencies)
payments,PMT-028813,corrected,paid_at shifted +8h to UTC - region PH diagnosed as a local-time export (100% impossible latencies)
payments,PMT-028819,corrected,paid_at shifted +8h to UTC - region PH diagnosed as a local-time export (100% impossible latencies)
payments,PMT-028820,corrected,paid_at shifted +8h to UTC - region PH diagnosed as a local-time export (100% impossible latencies)
payments,PMT-028839,corrected,paid_at shifted +8h to UTC - region PH diagnosed as a local-time export (100% impossible latencies)
payments,PMT-028855,corrected,paid_at shifted +8h to UTC - region PH diagnosed as a local-time export (100% impossible latencies)
payments,PMT-028858,corrected,paid_at shifted +8h to UTC - region PH diagnosed as a local-time export (100% impossible latencies)
payments,PMT-028868,corrected,paid_at shifted +8h to UTC - region PH diagnosed as a local-time export (100% impossible latencies)
payments,PMT-028875,corrected,paid_at shifted +8h to UTC - region PH diagnosed as a local-time export (100% impossible latencies)
payments,PMT-028881,corrected,paid_at shifted +8h to UTC - region PH diagnosed as a local-time export (100% impossible latencies)
payments,PMT-028884,corrected,paid_at shifted +8h to UTC - region PH diagnosed as a local-time export (100% impossible latencies)
payments,PMT-028899,corrected,paid_at shifted +8h to UTC - region PH diagnosed as a local-time export (100% impossible latencies)
payments,PMT-028918,corrected,paid_at shifted +8h to UTC - region PH diagnosed as a local-time export (100% impossible latencies)
payments,PMT-028925,corrected,paid_at shifted +8h to UTC - region PH diagnosed as a local-time export (100% impossible latencies)
payments,PMT-028932,corrected,paid_at shifted +8h to UTC - region PH diagnosed as a local-time export (100% impossible latencies)
payments,PMT-028938,corrected,paid_at shifted +8h to UTC - region PH diagnosed as a local-time export (100% impossible latencies)
payments,PMT-028946,corrected,paid_at shifted +8h to UTC - region PH diagnosed as a local-time export (100% impossible latencies)
payments,PMT-028964,corrected,paid_at shifted +8h to UTC - region PH diagnosed as a local-time export (100% impossible latencies)
payments,PMT-028969,corrected,paid_at shifted +8h to UTC - region PH diagnosed as a local-time export (100% impossible latencies)
payments,PMT-028971,corrected,paid_at shifted +8h to UTC - region PH diagnosed as a local-time export (100% impossible latencies)
payments,PMT-028982,corrected,paid_at shifted +8h to UTC - region PH diagnosed as a local-time export (100% impossible latencies)
payments,PMT-028999,corrected,paid_at shifted +8h to UTC - region PH diagnosed as a local-time export (100% impossible latencies)
payments,PMT-029010,corrected,paid_at shifted +8h to UTC - region PH diagnosed as a local-time export (100% impossible latencies)
payments,PMT-029015,corrected,paid_at shifted +8h to UTC - region PH diagnosed as a local-time export (100% impossible latencies)
payments,PMT-029038,corrected,paid_at shifted +8h to UTC - region PH diagnosed as a local-time export (100% impossible latencies)
payments,PMT-029044,corrected,paid_at shifted +8h to UTC - region PH diagnosed as a local-time export (100% impossible latencies)
payments,PMT-029074,corrected,paid_at shifted +8h to UTC - region PH diagnosed as a local-time export (100% impossible latencies)
payments,PMT-029090,corrected,paid_at shifted +8h to UTC - region PH diagnosed as a local-time export (100% impossible latencies)
payments,PMT-029098,corrected,paid_at shifted +8h to UTC - region PH diagnosed as a local-time export (100% impossible latencies)
payments,PMT-029100,corrected,paid_at shifted +8h to UTC - region PH diagnosed as a local-time export (100% impossible latencies)
payments,PMT-029112,corrected,paid_at shifted +8h to UTC - region PH diagnosed as a local-time export (100% impossible latencies)
payments,PMT-029130,corrected,paid_at shifted +8h to UTC - region PH diagnosed as a local-time export (100% impossible latencies)
payments,PMT-029140,corrected,paid_at shifted +8h to UTC - region PH diagnosed as a local-time export (100% impossible latencies)
payments,PMT-029157,corrected,paid_at shifted +8h to UTC - region PH diagnosed as a local-time export (100% impossible latencies)
payments,PMT-029202,corrected,paid_at shifted +8h to UTC - region PH diagnosed as a local-time export (100% impossible latencies)
payments,PMT-029207,corrected,paid_at shifted +8h to UTC - region PH diagnosed as a local-time export (100% impossible latencies)
payments,PMT-029212,corrected,paid_at shifted +8h to UTC - region PH diagnosed as a local-time export (100% impossible latencies)
payments,PMT-029217,corrected,paid_at shifted +8h to UTC - region PH diagnosed as a local-time export (100% impossible latencies)
payments,PMT-029218,corrected,paid_at shifted +8h to UTC - region PH diagnosed as a local-time export (100% impossible latencies)
payments,PMT-029227,corrected,paid_at shifted +8h to UTC - region PH diagnosed as a local-time export (100% impossible latencies)
payments,PMT-029233,corrected,paid_at shifted +8h to UTC - region PH diagnosed as a local-time export (100% impossible latencies)
payments,PMT-029234,corrected,paid_at shifted +8h to UTC - region PH diagnosed as a local-time export (100% impossible latencies)
payments,PMT-029239,corrected,paid_at shifted +8h to UTC - region PH diagnosed as a local-time export (100% impossible latencies)
payments,PMT-029241,corrected,paid_at shifted +8h to UTC - region PH diagnosed as a local-time export (100% impossible latencies)
payments,PMT-029255,corrected,paid_at shifted +8h to UTC - region PH diagnosed as a local-time export (100% impossible latencies)
payments,PMT-029267,corrected,paid_at shifted +8h to UTC - region PH diagnosed as a local-time export (100% impossible latencies)
payments,PMT-029284,corrected,paid_at shifted +8h to UTC - region PH diagnosed as a local-time export (100% impossible latencies)
payments,PMT-029316,corrected,paid_at shifted +8h to UTC - region PH diagnosed as a local-time export (100% impossible latencies)
payments,PMT-029324,corrected,paid_at shifted +8h to UTC - region PH diagnosed as a local-time export (100% impossible latencies)
payments,PMT-029333,corrected,paid_at shifted +8h to UTC - region PH diagnosed as a local-time export (100% impossible latencies)
payments,PMT-029337,corrected,paid_at shifted +8h to UTC - region PH diagnosed as a local-time export (100% impossible latencies)
payments,PMT-029351,corrected,paid_at shifted +8h to UTC - region PH diagnosed as a local-time export (100% impossible latencies)
payments,PMT-029352,corrected,paid_at shifted +8h to UTC - region PH diagnosed as a local-time export (100% impossible latencies)
payments,PMT-029362,corrected,paid_at shifted +8h to UTC - region PH diagnosed as a local-time export (100% impossible latencies)
payments,PMT-029418,corrected,paid_at shifted +8h to UTC - region PH diagnosed as a local-time export (100% impossible latencies)
payments,PMT-029428,corrected,paid_at shifted +8h to UTC - region PH diagnosed as a local-time export (100% impossible latencies)
payments,PMT-029431,corrected,paid_at shifted +8h to UTC - region PH diagnosed as a local-time export (100% impossible latencies)
payments,PMT-029437,corrected,paid_at shifted +8h to UTC - region PH diagnosed as a local-time export (100% impossible latencies)
payments,PMT-029472,corrected,paid_at shifted +8h to UTC - region PH diagnosed as a local-time export (100% impossible latencies)
payments,PMT-029499,corrected,paid_at shifted +8h to UTC - region PH diagnosed as a local-time export (100% impossible latencies)
payments,PMT-029501,corrected,paid_at shifted +8h to UTC - region PH diagnosed as a local-time export (100% impossible latencies)
payments,PMT-029515,corrected,paid_at shifted +8h to UTC - region PH diagnosed as a local-time export (100% impossible latencies)
payments,PMT-029523,corrected,paid_at shifted +8h to UTC - region PH diagnosed as a local-time export (100% impossible latencies)
payments,PMT-029540,corrected,paid_at shifted +8h to UTC - region PH diagnosed as a local-time export (100% impossible latencies)
payments,PMT-029572,corrected,paid_at shifted +8h to UTC - region PH diagnosed as a local-time export (100% impossible latencies)
payments,PMT-029590,corrected,paid_at shifted +8h to UTC - region PH diagnosed as a local-time export (100% impossible latencies)
payments,PMT-029591,corrected,paid_at shifted +8h to UTC - region PH diagnosed as a local-time export (100% impossible latencies)
payments,PMT-029604,corrected,paid_at shifted +8h to UTC - region PH diagnosed as a local-time export (100% impossible latencies)
payments,PMT-029605,corrected,paid_at shifted +8h to UTC - region PH diagnosed as a local-time export (100% impossible latencies)
payments,PMT-029611,corrected,paid_at shifted +8h to UTC - region PH diagnosed as a local-time export (100% impossible latencies)
payments,PMT-029615,corrected,paid_at shifted +8h to UTC - region PH diagnosed as a local-time export (100% impossible latencies)
payments,PMT-029625,corrected,paid_at shifted +8h to UTC - region PH diagnosed as a local-time export (100% impossible latencies)
payments,PMT-029630,corrected,paid_at shifted +8h to UTC - region PH diagnosed as a local-time export (100% impossible latencies)
payments,PMT-029657,corrected,paid_at shifted +8h to UTC - region PH diagnosed as a local-time export (100% impossible latencies)
payments,PMT-029661,corrected,paid_at shifted +8h to UTC - region PH diagnosed as a local-time export (100% impossible latencies)
payments,PMT-029680,corrected,paid_at shifted +8h to UTC - region PH diagnosed as a local-time export (100% impossible latencies)
payments,PMT-029686,corrected,paid_at shifted +8h to UTC - region PH diagnosed as a local-time export (100% impossible latencies)
payments,PMT-029694,corrected,paid_at shifted +8h to UTC - region PH diagnosed as a local-time export (100% impossible latencies)
payments,PMT-029696,corrected,paid_at shifted +8h to UTC - region PH diagnosed as a local-time export (100% impossible latencies)
payments,PMT-029705,corrected,paid_at shifted +8h to UTC - region PH diagnosed as a local-time export (100% impossible latencies)
payments,PMT-029714,corrected,paid_at shifted +8h to UTC - region PH diagnosed as a local-time export (100% impossible latencies)
payments,PMT-029723,corrected,paid_at shifted +8h to UTC - region PH diagnosed as a local-time export (100% impossible latencies)
payments,PMT-029743,corrected,paid_at shifted +8h to UTC - region PH diagnosed as a local-time export (100% impossible latencies)
payments,PMT-029754,corrected,paid_at shifted +8h to UTC - region PH diagnosed as a local-time export (100% impossible latencies)
payments,PMT-029762,corrected,paid_at shifted +8h to UTC - region PH diagnosed as a local-time export (100% impossible latencies)
payments,PMT-029772,corrected,paid_at shifted +8h to UTC - region PH diagnosed as a local-time export (100% impossible latencies)
payments,PMT-029786,corrected,paid_at shifted +8h to UTC - region PH diagnosed as a local-time export (100% impossible latencies)
payments,PMT-029820,corrected,paid_at shifted +8h to UTC - region PH diagnosed as a local-time export (100% impossible latencies)
payments,PMT-029858,corrected,paid_at shifted +8h to UTC - region PH diagnosed as a local-time export (100% impossible latencies)
payments,PMT-029874,corrected,paid_at shifted +8h to UTC - region PH diagnosed as a local-time export (100% impossible latencies)
payments,PMT-029890,corrected,paid_at shifted +8h to UTC - region PH diagnosed as a local-time export (100% impossible latencies)
payments,PMT-029894,corrected,paid_at shifted +8h to UTC - region PH diagnosed as a local-time export (100% impossible latencies)
payments,PMT-029896,corrected,paid_at shifted +8h to UTC - region PH diagnosed as a local-time export (100% impossible latencies)
payments,PMT-029897,corrected,paid_at shifted +8h to UTC - region PH diagnosed as a local-time export (100% impossible latencies)
payments,PMT-029900,corrected,paid_at shifted +8h to UTC - region PH diagnosed as a local-time export (100% impossible latencies)
payments,PMT-029921,corrected,paid_at shifted +8h to UTC - region PH diagnosed as a local-time export (100% impossible latencies)
payments,PMT-029924,corrected,paid_at shifted +8h to UTC - region PH diagnosed as a local-time export (100% impossible latencies)
payments,PMT-029926,corrected,paid_at shifted +8h to UTC - region PH diagnosed as a local-time export (100% impossible latencies)
payments,PMT-029930,corrected,paid_at shifted +8h to UTC - region PH diagnosed as a local-time export (100% impossible latencies)
payments,PMT-029936,corrected,paid_at shifted +8h to UTC - region PH diagnosed as a local-time export (100% impossible latencies)
payments,PMT-029940,corrected,paid_at shifted +8h to UTC - region PH diagnosed as a local-time export (100% impossible latencies)
payments,PMT-029945,corrected,paid_at shifted +8h to UTC - region PH diagnosed as a local-time export (100% impossible latencies)
payments,PMT-029955,corrected,paid_at shifted +8h to UTC - region PH diagnosed as a local-time export (100% impossible latencies)
payments,PMT-029979,corrected,paid_at shifted +8h to UTC - region PH diagnosed as a local-time export (100% impossible latencies)
payments,PMT-029988,corrected,paid_at shifted +8h to UTC - region PH diagnosed as a local-time export (100% impossible latencies)
payments,PMT-030000,corrected,paid_at shifted +8h to UTC - region PH diagnosed as a local-time export (100% impossible latencies)
payments,PMT-030025,corrected,paid_at shifted +8h to UTC - region PH diagnosed as a local-time export (100% impossible latencies)
payments,PMT-030040,corrected,paid_at shifted +8h to UTC - region PH diagnosed as a local-time export (100% impossible latencies)
payments,PMT-030042,corrected,paid_at shifted +8h to UTC - region PH diagnosed as a local-time export (100% impossible latencies)
payments,PMT-030087,corrected,paid_at shifted +8h to UTC - region PH diagnosed as a local-time export (100% impossible latencies)
payments,PMT-030100,corrected,paid_at shifted +8h to UTC - region PH diagnosed as a local-time export (100% impossible latencies)
payments,PMT-030109,corrected,paid_at shifted +8h to UTC - region PH diagnosed as a local-time export (100% impossible latencies)
payments,PMT-030117,corrected,paid_at shifted +8h to UTC - region PH diagnosed as a local-time export (100% impossible latencies)
payments,PMT-030121,corrected,paid_at shifted +8h to UTC - region PH diagnosed as a local-time export (100% impossible latencies)
payments,PMT-030147,corrected,paid_at shifted +8h to UTC - region PH diagnosed as a local-time export (100% impossible latencies)
payments,PMT-030158,corrected,paid_at shifted +8h to UTC - region PH diagnosed as a local-time export (100% impossible latencies)
payments,PMT-030175,corrected,paid_at shifted +8h to UTC - region PH diagnosed as a local-time export (100% impossible latencies)
payments,PMT-030180,corrected,paid_at shifted +8h to UTC - region PH diagnosed as a local-time export (100% impossible latencies)
payments,PMT-030189,corrected,paid_at shifted +8h to UTC - region PH diagnosed as a local-time export (100% impossible latencies)
payments,PMT-030213,corrected,paid_at shifted +8h to UTC - region PH diagnosed as a local-time export (100% impossible latencies)
payments,PMT-030214,corrected,paid_at shifted +8h to UTC - region PH diagnosed as a local-time export (100% impossible latencies)
payments,PMT-030256,corrected,paid_at shifted +8h to UTC - region PH diagnosed as a local-time export (100% impossible latencies)
payments,PMT-030257,corrected,paid_at shifted +8h to UTC - region PH diagnosed as a local-time export (100% impossible latencies)
payments,PMT-030267,corrected,paid_at shifted +8h to UTC - region PH diagnosed as a local-time export (100% impossible latencies)
payments,PMT-030278,corrected,paid_at shifted +8h to UTC - region PH diagnosed as a local-time export (100% impossible latencies)
payments,PMT-030286,corrected,paid_at shifted +8h to UTC - region PH diagnosed as a local-time export (100% impossible latencies)
payments,PMT-030291,corrected,paid_at shifted +8h to UTC - region PH diagnosed as a local-time export (100% impossible latencies)
payments,PMT-030292,corrected,paid_at shifted +8h to UTC - region PH diagnosed as a local-time export (100% impossible latencies)
payments,PMT-030315,corrected,paid_at shifted +8h to UTC - region PH diagnosed as a local-time export (100% impossible latencies)
payments,PMT-030326,corrected,paid_at shifted +8h to UTC - region PH diagnosed as a local-time export (100% impossible latencies)
payments,PMT-030347,corrected,paid_at shifted +8h to UTC - region PH diagnosed as a local-time export (100% impossible latencies)
payments,PMT-030386,corrected,paid_at shifted +8h to UTC - region PH diagnosed as a local-time export (100% impossible latencies)
payments,PMT-030407,corrected,paid_at shifted +8h to UTC - region PH diagnosed as a local-time export (100% impossible latencies)
payments,PMT-030414,corrected,paid_at shifted +8h to UTC - region PH diagnosed as a local-time export (100% impossible latencies)
payments,PMT-030427,corrected,paid_at shifted +8h to UTC - region PH diagnosed as a local-time export (100% impossible latencies)
payments,PMT-030443,corrected,paid_at shifted +8h to UTC - region PH diagnosed as a local-time export (100% impossible latencies)
payments,PMT-030446,corrected,paid_at shifted +8h to UTC - region PH diagnosed as a local-time export (100% impossible latencies)
payments,PMT-030454,corrected,paid_at shifted +8h to UTC - region PH diagnosed as a local-time export (100% impossible latencies)
payments,PMT-030466,corrected,paid_at shifted +8h to UTC - region PH diagnosed as a local-time export (100% impossible latencies)
payments,PMT-030477,corrected,paid_at shifted +8h to UTC - region PH diagnosed as a local-time export (100% impossible latencies)
payments,PMT-030498,corrected,paid_at shifted +8h to UTC - region PH diagnosed as a local-time export (100% impossible latencies)
payments,PMT-030516,corrected,paid_at shifted +8h to UTC - region PH diagnosed as a local-time export (100% impossible latencies)
payments,PMT-030518,corrected,paid_at shifted +8h to UTC - region PH diagnosed as a local-time export (100% impossible latencies)
payments,PMT-030530,corrected,paid_at shifted +8h to UTC - region PH diagnosed as a local-time export (100% impossible latencies)
payments,PMT-030561,corrected,paid_at shifted +8h to UTC - region PH diagnosed as a local-time export (100% impossible latencies)
payments,PMT-030570,corrected,paid_at shifted +8h to UTC - region PH diagnosed as a local-time export (100% impossible latencies)
payments,PMT-030579,corrected,paid_at shifted +8h to UTC - region PH diagnosed as a local-time export (100% impossible latencies)
payments,PMT-030610,corrected,paid_at shifted +8h to UTC - region PH diagnosed as a local-time export (100% impossible latencies)
payments,PMT-030613,corrected,paid_at shifted +8h to UTC - region PH diagnosed as a local-time export (100% impossible latencies)
payments,PMT-030623,corrected,paid_at shifted +8h to UTC - region PH diagnosed as a local-time export (100% impossible latencies)
payments,PMT-030638,corrected,paid_at shifted +8h to UTC - region PH diagnosed as a local-time export (100% impossible latencies)
payments,PMT-030644,corrected,paid_at shifted +8h to UTC - region PH diagnosed as a local-time export (100% impossible latencies)
payments,PMT-030645,corrected,paid_at shifted +8h to UTC - region PH diagnosed as a local-time export (100% impossible latencies)
payments,PMT-030674,corrected,paid_at shifted +8h to UTC - region PH diagnosed as a local-time export (100% impossible latencies)
payments,PMT-030678,corrected,paid_at shifted +8h to UTC - region PH diagnosed as a local-time export (100% impossible latencies)
payments,PMT-030681,corrected,paid_at shifted +8h to UTC - region PH diagnosed as a local-time export (100% impossible latencies)
payments,PMT-030684,corrected,paid_at shifted +8h to UTC - region PH diagnosed as a local-time export (100% impossible latencies)
payments,PMT-030686,corrected,paid_at shifted +8h to UTC - region PH diagnosed as a local-time export (100% impossible latencies)
payments,PMT-030687,corrected,paid_at shifted +8h to UTC - region PH diagnosed as a local-time export (100% impossible latencies)
payments,PMT-030694,corrected,paid_at shifted +8h to UTC - region PH diagnosed as a local-time export (100% impossible latencies)
payments,PMT-030736,corrected,paid_at shifted +8h to UTC - region PH diagnosed as a local-time export (100% impossible latencies)
payments,PMT-030743,corrected,paid_at shifted +8h to UTC - region PH diagnosed as a local-time export (100% impossible latencies)
payments,PMT-030744,corrected,paid_at shifted +8h to UTC - region PH diagnosed as a local-time export (100% impossible latencies)
payments,PMT-030749,corrected,paid_at shifted +8h to UTC - region PH diagnosed as a local-time export (100% impossible latencies)
payments,PMT-030757,corrected,paid_at shifted +8h to UTC - region PH diagnosed as a local-time export (100% impossible latencies)
payments,PMT-030767,corrected,paid_at shifted +8h to UTC - region PH diagnosed as a local-time export (100% impossible latencies)
payments,PMT-030801,corrected,paid_at shifted +8h to UTC - region PH diagnosed as a local-time export (100% impossible latencies)
payments,PMT-030805,corrected,paid_at shifted +8h to UTC - region PH diagnosed as a local-time export (100% impossible latencies)
payments,PMT-030807,corrected,paid_at shifted +8h to UTC - region PH diagnosed as a local-time export (100% impossible latencies)
payments,PMT-030808,corrected,paid_at shifted +8h to UTC - region PH diagnosed as a local-time export (100% impossible latencies)
payments,PMT-030837,corrected,paid_at shifted +8h to UTC - region PH diagnosed as a local-time export (100% impossible latencies)
payments,PMT-030876,corrected,paid_at shifted +8h to UTC - region PH diagnosed as a local-time export (100% impossible latencies)
payments,PMT-030898,corrected,paid_at shifted +8h to UTC - region PH diagnosed as a local-time export (100% impossible latencies)
payments,PMT-030899,corrected,paid_at shifted +8h to UTC - region PH diagnosed as a local-time export (100% impossible latencies)
payments,PMT-030908,corrected,paid_at shifted +8h to UTC - region PH diagnosed as a local-time export (100% impossible latencies)
payments,PMT-030914,corrected,paid_at shifted +8h to UTC - region PH diagnosed as a local-time export (100% impossible latencies)
payments,PMT-030940,corrected,paid_at shifted +8h to UTC - region PH diagnosed as a local-time export (100% impossible latencies)
payments,PMT-030955,corrected,paid_at shifted +8h to UTC - region PH diagnosed as a local-time export (100% impossible latencies)
payments,PMT-030962,corrected,paid_at shifted +8h to UTC - region PH diagnosed as a local-time export (100% impossible latencies)
payments,PMT-030986,corrected,paid_at shifted +8h to UTC - region PH diagnosed as a local-time export (100% impossible latencies)
payments,PMT-031009,corrected,paid_at shifted +8h to UTC - region PH diagnosed as a local-time export (100% impossible latencies)
payments,PMT-031013,corrected,paid_at shifted +8h to UTC - region PH diagnosed as a local-time export (100% impossible latencies)
payments,PMT-031022,corrected,paid_at shifted +8h to UTC - region PH diagnosed as a local-time export (100% impossible latencies)
payments,PMT-031025,corrected,paid_at shifted +8h to UTC - region PH diagnosed as a local-time export (100% impossible latencies)
payments,PMT-031031,corrected,paid_at shifted +8h to UTC - region PH diagnosed as a local-time export (100% impossible latencies)
payments,PMT-031035,corrected,paid_at shifted +8h to UTC - region PH diagnosed as a local-time export (100% impossible latencies)
payments,PMT-031045,corrected,paid_at shifted +8h to UTC - region PH diagnosed as a local-time export (100% impossible latencies)
payments,PMT-031049,corrected,paid_at shifted +8h to UTC - region PH diagnosed as a local-time export (100% impossible latencies)
payments,PMT-031054,corrected,paid_at shifted +8h to UTC - region PH diagnosed as a local-time export (100% impossible latencies)
payments,PMT-031094,corrected,paid_at shifted +8h to UTC - region PH diagnosed as a local-time export (100% impossible latencies)
payments,PMT-031102,corrected,paid_at shifted +8h to UTC - region PH diagnosed as a local-time export (100% impossible latencies)
payments,PMT-031116,corrected,paid_at shifted +8h to UTC - region PH diagnosed as a local-time export (100% impossible latencies)
payments,PMT-031132,corrected,paid_at shifted +8h to UTC - region PH diagnosed as a local-time export (100% impossible latencies)
payments,PMT-031133,corrected,paid_at shifted +8h to UTC - region PH diagnosed as a local-time export (100% impossible latencies)
payments,PMT-031181,corrected,paid_at shifted +8h to UTC - region PH diagnosed as a local-time export (100% impossible latencies)
payments,PMT-031188,corrected,paid_at shifted +8h to UTC - region PH diagnosed as a local-time export (100% impossible latencies)
payments,PMT-031191,corrected,paid_at shifted +8h to UTC - region PH diagnosed as a local-time export (100% impossible latencies)
payments,PMT-031192,corrected,paid_at shifted +8h to UTC - region PH diagnosed as a local-time export (100% impossible latencies)
payments,PMT-031200,corrected,paid_at shifted +8h to UTC - region PH diagnosed as a local-time export (100% impossible latencies)
payments,PMT-031216,corrected,paid_at shifted +8h to UTC - region PH diagnosed as a local-time export (100% impossible latencies)
payments,PMT-031259,corrected,paid_at shifted +8h to UTC - region PH diagnosed as a local-time export (100% impossible latencies)
payments,PMT-031266,corrected,paid_at shifted +8h to UTC - region PH diagnosed as a local-time export (100% impossible latencies)
payments,PMT-031267,corrected,paid_at shifted +8h to UTC - region PH diagnosed as a local-time export (100% impossible latencies)
payments,PMT-031269,corrected,paid_at shifted +8h to UTC - region PH diagnosed as a local-time export (100% impossible latencies)
payments,PMT-031275,corrected,paid_at shifted +8h to UTC - region PH diagnosed as a local-time export (100% impossible latencies)
payments,PMT-031284,corrected,paid_at shifted +8h to UTC - region PH diagnosed as a local-time export (100% impossible latencies)
payments,PMT-031316,corrected,paid_at shifted +8h to UTC - region PH diagnosed as a local-time export (100% impossible latencies)
payments,PMT-031328,corrected,paid_at shifted +8h to UTC - region PH diagnosed as a local-time export (100% impossible latencies)
payments,PMT-031334,corrected,paid_at shifted +8h to UTC - region PH diagnosed as a local-time export (100% impossible latencies)
payments,PMT-031340,corrected,paid_at shifted +8h to UTC - region PH diagnosed as a local-time export (100% impossible latencies)
payments,PMT-031344,corrected,paid_at shifted +8h to UTC - region PH diagnosed as a local-time export (100% impossible latencies)
payments,PMT-031345,corrected,paid_at shifted +8h to UTC - region PH diagnosed as a local-time export (100% impossible latencies)
payments,PMT-031375,corrected,paid_at shifted +8h to UTC - region PH diagnosed as a local-time export (100% impossible latencies)
payments,PMT-031376,corrected,paid_at shifted +8h to UTC - region PH diagnosed as a local-time export (100% impossible latencies)
payments,PMT-031378,corrected,paid_at shifted +8h to UTC - region PH diagnosed as a local-time export (100% impossible latencies)
payments,PMT-031390,corrected,paid_at shifted +8h to UTC - region PH diagnosed as a local-time export (100% impossible latencies)
payments,PMT-031392,corrected,paid_at shifted +8h to UTC - region PH diagnosed as a local-time export (100% impossible latencies)
payments,PMT-031404,corrected,paid_at shifted +8h to UTC - region PH diagnosed as a local-time export (100% impossible latencies)
payments,PMT-031413,corrected,paid_at shifted +8h to UTC - region PH diagnosed as a local-time export (100% impossible latencies)
payments,PMT-031416,corrected,paid_at shifted +8h to UTC - region PH diagnosed as a local-time export (100% impossible latencies)
payments,PMT-031442,corrected,paid_at shifted +8h to UTC - region PH diagnosed as a local-time export (100% impossible latencies)
payments,PMT-031476,corrected,paid_at shifted +8h to UTC - region PH diagnosed as a local-time export (100% impossible latencies)
payments,PMT-031480,corrected,paid_at shifted +8h to UTC - region PH diagnosed as a local-time export (100% impossible latencies)
payments,PMT-031488,corrected,paid_at shifted +8h to UTC - region PH diagnosed as a local-time export (100% impossible latencies)
payments,PMT-031510,corrected,paid_at shifted +8h to UTC - region PH diagnosed as a local-time export (100% impossible latencies)
payments,PMT-031526,corrected,paid_at shifted +8h to UTC - region PH diagnosed as a local-time export (100% impossible latencies)
payments,PMT-031536,corrected,paid_at shifted +8h to UTC - region PH diagnosed as a local-time export (100% impossible latencies)
payments,PMT-031539,corrected,paid_at shifted +8h to UTC - region PH diagnosed as a local-time export (100% impossible latencies)
payments,PMT-031542,corrected,paid_at shifted +8h to UTC - region PH diagnosed as a local-time export (100% impossible latencies)
payments,PMT-031551,corrected,paid_at shifted +8h to UTC - region PH diagnosed as a local-time export (100% impossible latencies)
payments,PMT-031556,corrected,paid_at shifted +8h to UTC - region PH diagnosed as a local-time export (100% impossible latencies)
payments,PMT-031569,corrected,paid_at shifted +8h to UTC - region PH diagnosed as a local-time export (100% impossible latencies)
payments,PMT-031573,corrected,paid_at shifted +8h to UTC - region PH diagnosed as a local-time export (100% impossible latencies)
payments,PMT-031582,corrected,paid_at shifted +8h to UTC - region PH diagnosed as a local-time export (100% impossible latencies)
payments,PMT-031584,corrected,paid_at shifted +8h to UTC - region PH diagnosed as a local-time export (100% impossible latencies)
payments,PMT-031590,corrected,paid_at shifted +8h to UTC - region PH diagnosed as a local-time export (100% impossible latencies)
payments,PMT-031598,corrected,paid_at shifted +8h to UTC - region PH diagnosed as a local-time export (100% impossible latencies)
payments,PMT-031625,corrected,paid_at shifted +8h to UTC - region PH diagnosed as a local-time export (100% impossible latencies)
payments,PMT-031626,corrected,paid_at shifted +8h to UTC - region PH diagnosed as a local-time export (100% impossible latencies)
payments,PMT-031627,corrected,paid_at shifted +8h to UTC - region PH diagnosed as a local-time export (100% impossible latencies)
payments,PMT-031650,corrected,paid_at shifted +8h to UTC - region PH diagnosed as a local-time export (100% impossible latencies)
payments,PMT-031659,corrected,paid_at shifted +8h to UTC - region PH diagnosed as a local-time export (100% impossible latencies)
payments,PMT-031669,corrected,paid_at shifted +8h to UTC - region PH diagnosed as a local-time export (100% impossible latencies)
payments,PMT-031674,corrected,paid_at shifted +8h to UTC - region PH diagnosed as a local-time export (100% impossible latencies)
payments,PMT-031684,corrected,paid_at shifted +8h to UTC - region PH diagnosed as a local-time export (100% impossible latencies)
payments,PMT-031688,corrected,paid_at shifted +8h to UTC - region PH diagnosed as a local-time export (100% impossible latencies)
payments,PMT-031711,corrected,paid_at shifted +8h to UTC - region PH diagnosed as a local-time export (100% impossible latencies)
payments,PMT-031729,corrected,paid_at shifted +8h to UTC - region PH diagnosed as a local-time export (100% impossible latencies)
payments,PMT-031741,corrected,paid_at shifted +8h to UTC - region PH diagnosed as a local-time export (100% impossible latencies)
payments,PMT-031744,corrected,paid_at shifted +8h to UTC - region PH diagnosed as a local-time export (100% impossible latencies)
payments,PMT-031747,corrected,paid_at shifted +8h to UTC - region PH diagnosed as a local-time export (100% impossible latencies)
payments,PMT-031748,corrected,paid_at shifted +8h to UTC - region PH diagnosed as a local-time export (100% impossible latencies)
payments,PMT-031774,corrected,paid_at shifted +8h to UTC - region PH diagnosed as a local-time export (100% impossible latencies)
payments,PMT-031794,corrected,paid_at shifted +8h to UTC - region PH diagnosed as a local-time export (100% impossible latencies)
payments,PMT-031802,corrected,paid_at shifted +8h to UTC - region PH diagnosed as a local-time export (100% impossible latencies)
payments,PMT-031809,corrected,paid_at shifted +8h to UTC - region PH diagnosed as a local-time export (100% impossible latencies)
payments,PMT-031826,corrected,paid_at shifted +8h to UTC - region PH diagnosed as a local-time export (100% impossible latencies)
payments,PMT-031840,corrected,paid_at shifted +8h to UTC - region PH diagnosed as a local-time export (100% impossible latencies)
payments,PMT-031841,corrected,paid_at shifted +8h to UTC - region PH diagnosed as a local-time export (100% impossible latencies)
payments,PMT-031873,corrected,paid_at shifted +8h to UTC - region PH diagnosed as a local-time export (100% impossible latencies)
payments,PMT-031879,corrected,paid_at shifted +8h to UTC - region PH diagnosed as a local-time export (100% impossible latencies)
payments,PMT-031880,corrected,paid_at shifted +8h to UTC - region PH diagnosed as a local-time export (100% impossible latencies)
payments,PMT-031884,corrected,paid_at shifted +8h to UTC - region PH diagnosed as a local-time export (100% impossible latencies)
payments,PMT-031885,corrected,paid_at shifted +8h to UTC - region PH diagnosed as a local-time export (100% impossible latencies)
payments,PMT-031890,corrected,paid_at shifted +8h to UTC - region PH diagnosed as a local-time export (100% impossible latencies)
payments,PMT-031899,corrected,paid_at shifted +8h to UTC - region PH diagnosed as a local-time export (100% impossible latencies)
payments,PMT-031902,corrected,paid_at shifted +8h to UTC - region PH diagnosed as a local-time export (100% impossible latencies)
payments,PMT-031923,corrected,paid_at shifted +8h to UTC - region PH diagnosed as a local-time export (100% impossible latencies)
payments,PMT-031956,corrected,paid_at shifted +8h to UTC - region PH diagnosed as a local-time export (100% impossible latencies)
payments,PMT-031967,corrected,paid_at shifted +8h to UTC - region PH diagnosed as a local-time export (100% impossible latencies)
payments,PMT-031972,corrected,paid_at shifted +8h to UTC - region PH diagnosed as a local-time export (100% impossible latencies)
payments,PMT-031975,corrected,paid_at shifted +8h to UTC - region PH diagnosed as a local-time export (100% impossible latencies)
payments,PMT-031997,corrected,paid_at shifted +8h to UTC - region PH diagnosed as a local-time export (100% impossible latencies)
payments,PMT-032002,corrected,paid_at shifted +8h to UTC - region PH diagnosed as a local-time export (100% impossible latencies)
payments,PMT-032033,corrected,paid_at shifted +8h to UTC - region PH diagnosed as a local-time export (100% impossible latencies)
payments,PMT-032038,corrected,paid_at shifted +8h to UTC - region PH diagnosed as a local-time export (100% impossible latencies)
payments,PMT-032047,corrected,paid_at shifted +8h to UTC - region PH diagnosed as a local-time export (100% impossible latencies)
payments,PMT-032050,corrected,paid_at shifted +8h to UTC - region PH diagnosed as a local-time export (100% impossible latencies)
payments,PMT-032074,corrected,paid_at shifted +8h to UTC - region PH diagnosed as a local-time export (100% impossible latencies)
payments,PMT-032075,corrected,paid_at shifted +8h to UTC - region PH diagnosed as a local-time export (100% impossible latencies)
payments,PMT-032081,corrected,paid_at shifted +8h to UTC - region PH diagnosed as a local-time export (100% impossible latencies)
payments,PMT-032089,corrected,paid_at shifted +8h to UTC - region PH diagnosed as a local-time export (100% impossible latencies)
payments,PMT-032106,corrected,paid_at shifted +8h to UTC - region PH diagnosed as a local-time export (100% impossible latencies)
payments,PMT-032117,corrected,paid_at shifted +8h to UTC - region PH diagnosed as a local-time export (100% impossible latencies)
payments,PMT-032137,corrected,paid_at shifted +8h to UTC - region PH diagnosed as a local-time export (100% impossible latencies)
payments,PMT-032143,corrected,paid_at shifted +8h to UTC - region PH diagnosed as a local-time export (100% impossible latencies)
payments,PMT-032158,corrected,paid_at shifted +8h to UTC - region PH diagnosed as a local-time export (100% impossible latencies)
payments,PMT-032169,corrected,paid_at shifted +8h to UTC - region PH diagnosed as a local-time export (100% impossible latencies)
payments,PMT-032171,corrected,paid_at shifted +8h to UTC - region PH diagnosed as a local-time export (100% impossible latencies)
payments,PMT-032176,corrected,paid_at shifted +8h to UTC - region PH diagnosed as a local-time export (100% impossible latencies)
payments,PMT-032179,corrected,paid_at shifted +8h to UTC - region PH diagnosed as a local-time export (100% impossible latencies)
payments,PMT-032181,corrected,paid_at shifted +8h to UTC - region PH diagnosed as a local-time export (100% impossible latencies)
payments,PMT-032197,corrected,paid_at shifted +8h to UTC - region PH diagnosed as a local-time export (100% impossible latencies)
payments,PMT-032237,corrected,paid_at shifted +8h to UTC - region PH diagnosed as a local-time export (100% impossible latencies)
payments,PMT-032243,corrected,paid_at shifted +8h to UTC - region PH diagnosed as a local-time export (100% impossible latencies)
payments,PMT-032273,corrected,paid_at shifted +8h to UTC - region PH diagnosed as a local-time export (100% impossible latencies)
payments,PMT-032303,corrected,paid_at shifted +8h to UTC - region PH diagnosed as a local-time export (100% impossible latencies)
payments,PMT-032306,corrected,paid_at shifted +8h to UTC - region PH diagnosed as a local-time export (100% impossible latencies)
payments,PMT-032329,corrected,paid_at shifted +8h to UTC - region PH diagnosed as a local-time export (100% impossible latencies)
payments,PMT-032333,corrected,paid_at shifted +8h to UTC - region PH diagnosed as a local-time export (100% impossible latencies)
payments,PMT-032345,corrected,paid_at shifted +8h to UTC - region PH diagnosed as a local-time export (100% impossible latencies)
payments,PMT-032351,corrected,paid_at shifted +8h to UTC - region PH diagnosed as a local-time export (100% impossible latencies)
payments,PMT-032359,corrected,paid_at shifted +8h to UTC - region PH diagnosed as a local-time export (100% impossible latencies)
payments,PMT-032379,corrected,paid_at shifted +8h to UTC - region PH diagnosed as a local-time export (100% impossible latencies)
payments,PMT-032399,corrected,paid_at shifted +8h to UTC - region PH diagnosed as a local-time export (100% impossible latencies)
payments,PMT-032414,corrected,paid_at shifted +8h to UTC - region PH diagnosed as a local-time export (100% impossible latencies)
payments,PMT-032424,corrected,paid_at shifted +8h to UTC - region PH diagnosed as a local-time export (100% impossible latencies)
payments,PMT-032431,corrected,paid_at shifted +8h to UTC - region PH diagnosed as a local-time export (100% impossible latencies)
payments,PMT-032454,corrected,paid_at shifted +8h to UTC - region PH diagnosed as a local-time export (100% impossible latencies)
payments,PMT-032462,corrected,paid_at shifted +8h to UTC - region PH diagnosed as a local-time export (100% impossible latencies)
payments,PMT-032466,corrected,paid_at shifted +8h to UTC - region PH diagnosed as a local-time export (100% impossible latencies)
payments,PMT-032467,corrected,paid_at shifted +8h to UTC - region PH diagnosed as a local-time export (100% impossible latencies)
payments,PMT-032475,corrected,paid_at shifted +8h to UTC - region PH diagnosed as a local-time export (100% impossible latencies)
payments,PMT-032487,corrected,paid_at shifted +8h to UTC - region PH diagnosed as a local-time export (100% impossible latencies)
payments,PMT-032500,corrected,paid_at shifted +8h to UTC - region PH diagnosed as a local-time export (100% impossible latencies)
payments,PMT-032513,corrected,paid_at shifted +8h to UTC - region PH diagnosed as a local-time export (100% impossible latencies)
payments,PMT-032517,corrected,paid_at shifted +8h to UTC - region PH diagnosed as a local-time export (100% impossible latencies)
payments,PMT-032536,corrected,paid_at shifted +8h to UTC - region PH diagnosed as a local-time export (100% impossible latencies)
payments,PMT-032548,corrected,paid_at shifted +8h to UTC - region PH diagnosed as a local-time export (100% impossible latencies)
payments,PMT-032549,corrected,paid_at shifted +8h to UTC - region PH diagnosed as a local-time export (100% impossible latencies)
payments,PMT-032578,corrected,paid_at shifted +8h to UTC - region PH diagnosed as a local-time export (100% impossible latencies)
payments,PMT-032580,corrected,paid_at shifted +8h to UTC - region PH diagnosed as a local-time export (100% impossible latencies)
payments,PMT-032588,corrected,paid_at shifted +8h to UTC - region PH diagnosed as a local-time export (100% impossible latencies)
payments,PMT-032595,corrected,paid_at shifted +8h to UTC - region PH diagnosed as a local-time export (100% impossible latencies)
payments,PMT-032604,corrected,paid_at shifted +8h to UTC - region PH diagnosed as a local-time export (100% impossible latencies)
payments,PMT-032607,corrected,paid_at shifted +8h to UTC - region PH diagnosed as a local-time export (100% impossible latencies)
payments,PMT-032611,corrected,paid_at shifted +8h to UTC - region PH diagnosed as a local-time export (100% impossible latencies)
payments,PMT-032632,corrected,paid_at shifted +8h to UTC - region PH diagnosed as a local-time export (100% impossible latencies)
payments,PMT-032637,corrected,paid_at shifted +8h to UTC - region PH diagnosed as a local-time export (100% impossible latencies)
payments,PMT-032638,corrected,paid_at shifted +8h to UTC - region PH diagnosed as a local-time export (100% impossible latencies)
payments,PMT-032644,corrected,paid_at shifted +8h to UTC - region PH diagnosed as a local-time export (100% impossible latencies)
payments,PMT-032652,corrected,paid_at shifted +8h to UTC - region PH diagnosed as a local-time export (100% impossible latencies)
payments,PMT-032655,corrected,paid_at shifted +8h to UTC - region PH diagnosed as a local-time export (100% impossible latencies)
payments,PMT-032680,corrected,paid_at shifted +8h to UTC - region PH diagnosed as a local-time export (100% impossible latencies)
payments,PMT-032702,corrected,paid_at shifted +8h to UTC - region PH diagnosed as a local-time export (100% impossible latencies)
payments,PMT-032704,corrected,paid_at shifted +8h to UTC - region PH diagnosed as a local-time export (100% impossible latencies)
payments,PMT-032738,corrected,paid_at shifted +8h to UTC - region PH diagnosed as a local-time export (100% impossible latencies)
payments,PMT-032752,corrected,paid_at shifted +8h to UTC - region PH diagnosed as a local-time export (100% impossible latencies)
payments,PMT-032753,corrected,paid_at shifted +8h to UTC - region PH diagnosed as a local-time export (100% impossible latencies)
payments,PMT-032794,corrected,paid_at shifted +8h to UTC - region PH diagnosed as a local-time export (100% impossible latencies)
payments,PMT-032824,corrected,paid_at shifted +8h to UTC - region PH diagnosed as a local-time export (100% impossible latencies)
payments,PMT-032833,corrected,paid_at shifted +8h to UTC - region PH diagnosed as a local-time export (100% impossible latencies)
payments,PMT-032837,corrected,paid_at shifted +8h to UTC - region PH diagnosed as a local-time export (100% impossible latencies)
payments,PMT-032860,corrected,paid_at shifted +8h to UTC - region PH diagnosed as a local-time export (100% impossible latencies)
payments,PMT-032877,corrected,paid_at shifted +8h to UTC - region PH diagnosed as a local-time export (100% impossible latencies)
payments,PMT-032891,corrected,paid_at shifted +8h to UTC - region PH diagnosed as a local-time export (100% impossible latencies)
payments,PMT-032895,corrected,paid_at shifted +8h to UTC - region PH diagnosed as a local-time export (100% impossible latencies)
payments,PMT-032905,corrected,paid_at shifted +8h to UTC - region PH diagnosed as a local-time export (100% impossible latencies)
payments,PMT-032917,corrected,paid_at shifted +8h to UTC - region PH diagnosed as a local-time export (100% impossible latencies)
payments,PMT-032931,corrected,paid_at shifted +8h to UTC - region PH diagnosed as a local-time export (100% impossible latencies)
payments,PMT-032949,corrected,paid_at shifted +8h to UTC - region PH diagnosed as a local-time export (100% impossible latencies)
payments,PMT-032961,corrected,paid_at shifted +8h to UTC - region PH diagnosed as a local-time export (100% impossible latencies)
payments,PMT-032984,corrected,paid_at shifted +8h to UTC - region PH diagnosed as a local-time export (100% impossible latencies)
payments,PMT-032988,corrected,paid_at shifted +8h to UTC - region PH diagnosed as a local-time export (100% impossible latencies)
payments,PMT-033005,corrected,paid_at shifted +8h to UTC - region PH diagnosed as a local-time export (100% impossible latencies)
payments,PMT-033014,corrected,paid_at shifted +8h to UTC - region PH diagnosed as a local-time export (100% impossible latencies)
payments,PMT-033020,corrected,paid_at shifted +8h to UTC - region PH diagnosed as a local-time export (100% impossible latencies)
payments,PMT-033029,corrected,paid_at shifted +8h to UTC - region PH diagnosed as a local-time export (100% impossible latencies)
payments,PMT-033054,corrected,paid_at shifted +8h to UTC - region PH diagnosed as a local-time export (100% impossible latencies)
payments,PMT-033064,corrected,paid_at shifted +8h to UTC - region PH diagnosed as a local-time export (100% impossible latencies)
payments,PMT-033083,corrected,paid_at shifted +8h to UTC - region PH diagnosed as a local-time export (100% impossible latencies)
payments,PMT-033102,corrected,paid_at shifted +8h to UTC - region PH diagnosed as a local-time export (100% impossible latencies)
payments,PMT-033109,corrected,paid_at shifted +8h to UTC - region PH diagnosed as a local-time export (100% impossible latencies)
payments,PMT-033146,corrected,paid_at shifted +8h to UTC - region PH diagnosed as a local-time export (100% impossible latencies)
payments,PMT-033155,corrected,paid_at shifted +8h to UTC - region PH diagnosed as a local-time export (100% impossible latencies)
payments,PMT-033164,corrected,paid_at shifted +8h to UTC - region PH diagnosed as a local-time export (100% impossible latencies)
payments,PMT-033173,corrected,paid_at shifted +8h to UTC - region PH diagnosed as a local-time export (100% impossible latencies)
payments,PMT-033187,corrected,paid_at shifted +8h to UTC - region PH diagnosed as a local-time export (100% impossible latencies)
payments,PMT-033188,corrected,paid_at shifted +8h to UTC - region PH diagnosed as a local-time export (100% impossible latencies)
payments,PMT-033200,corrected,paid_at shifted +8h to UTC - region PH diagnosed as a local-time export (100% impossible latencies)
payments,PMT-033204,corrected,paid_at shifted +8h to UTC - region PH diagnosed as a local-time export (100% impossible latencies)
payments,PMT-033220,corrected,paid_at shifted +8h to UTC - region PH diagnosed as a local-time export (100% impossible latencies)
payments,PMT-033233,corrected,paid_at shifted +8h to UTC - region PH diagnosed as a local-time export (100% impossible latencies)
payments,PMT-033238,corrected,paid_at shifted +8h to UTC - region PH diagnosed as a local-time export (100% impossible latencies)
payments,PMT-033270,corrected,paid_at shifted +8h to UTC - region PH diagnosed as a local-time export (100% impossible latencies)
payments,PMT-033281,corrected,paid_at shifted +8h to UTC - region PH diagnosed as a local-time export (100% impossible latencies)
payments,PMT-033290,corrected,paid_at shifted +8h to UTC - region PH diagnosed as a local-time export (100% impossible latencies)
payments,PMT-033292,corrected,paid_at shifted +8h to UTC - region PH diagnosed as a local-time export (100% impossible latencies)
payments,PMT-033297,corrected,paid_at shifted +8h to UTC - region PH diagnosed as a local-time export (100% impossible latencies)
payments,PMT-033303,corrected,paid_at shifted +8h to UTC - region PH diagnosed as a local-time export (100% impossible latencies)
payments,PMT-033316,corrected,paid_at shifted +8h to UTC - region PH diagnosed as a local-time export (100% impossible latencies)
payments,PMT-033324,corrected,paid_at shifted +8h to UTC - region PH diagnosed as a local-time export (100% impossible latencies)
payments,PMT-033325,corrected,paid_at shifted +8h to UTC - region PH diagnosed as a local-time export (100% impossible latencies)
payments,PMT-033329,corrected,paid_at shifted +8h to UTC - region PH diagnosed as a local-time export (100% impossible latencies)
payments,PMT-033330,corrected,paid_at shifted +8h to UTC - region PH diagnosed as a local-time export (100% impossible latencies)
payments,PMT-033332,corrected,paid_at shifted +8h to UTC - region PH diagnosed as a local-time export (100% impossible latencies)
payments,PMT-033333,corrected,paid_at shifted +8h to UTC - region PH diagnosed as a local-time export (100% impossible latencies)
payments,PMT-033334,corrected,paid_at shifted +8h to UTC - region PH diagnosed as a local-time export (100% impossible latencies)
payments,PMT-033348,corrected,paid_at shifted +8h to UTC - region PH diagnosed as a local-time export (100% impossible latencies)
payments,PMT-033350,corrected,paid_at shifted +8h to UTC - region PH diagnosed as a local-time export (100% impossible latencies)
payments,PMT-033377,corrected,paid_at shifted +8h to UTC - region PH diagnosed as a local-time export (100% impossible latencies)
payments,PMT-033392,corrected,paid_at shifted +8h to UTC - region PH diagnosed as a local-time export (100% impossible latencies)
payments,PMT-033397,corrected,paid_at shifted +8h to UTC - region PH diagnosed as a local-time export (100% impossible latencies)
payments,PMT-033402,corrected,paid_at shifted +8h to UTC - region PH diagnosed as a local-time export (100% impossible latencies)
payments,PMT-033424,corrected,paid_at shifted +8h to UTC - region PH diagnosed as a local-time export (100% impossible latencies)
payments,PMT-033428,corrected,paid_at shifted +8h to UTC - region PH diagnosed as a local-time export (100% impossible latencies)
payments,PMT-033439,corrected,paid_at shifted +8h to UTC - region PH diagnosed as a local-time export (100% impossible latencies)
payments,PMT-033442,corrected,paid_at shifted +8h to UTC - region PH diagnosed as a local-time export (100% impossible latencies)
payments,PMT-033488,corrected,paid_at shifted +8h to UTC - region PH diagnosed as a local-time export (100% impossible latencies)
payments,PMT-033546,corrected,paid_at shifted +8h to UTC - region PH diagnosed as a local-time export (100% impossible latencies)
payments,PMT-033548,corrected,paid_at shifted +8h to UTC - region PH diagnosed as a local-time export (100% impossible latencies)
payments,PMT-033554,corrected,paid_at shifted +8h to UTC - region PH diagnosed as a local-time export (100% impossible latencies)
payments,PMT-033580,corrected,paid_at shifted +8h to UTC - region PH diagnosed as a local-time export (100% impossible latencies)
payments,PMT-033584,corrected,paid_at shifted +8h to UTC - region PH diagnosed as a local-time export (100% impossible latencies)
payments,PMT-033597,corrected,paid_at shifted +8h to UTC - region PH diagnosed as a local-time export (100% impossible latencies)
payments,PMT-033610,corrected,paid_at shifted +8h to UTC - region PH diagnosed as a local-time export (100% impossible latencies)
payments,PMT-033623,corrected,paid_at shifted +8h to UTC - region PH diagnosed as a local-time export (100% impossible latencies)
payments,PMT-033643,corrected,paid_at shifted +8h to UTC - region PH diagnosed as a local-time export (100% impossible latencies)
payments,PMT-033653,corrected,paid_at shifted +8h to UTC - region PH diagnosed as a local-time export (100% impossible latencies)
payments,PMT-033656,corrected,paid_at shifted +8h to UTC - region PH diagnosed as a local-time export (100% impossible latencies)
payments,PMT-033676,corrected,paid_at shifted +8h to UTC - region PH diagnosed as a local-time export (100% impossible latencies)
payments,PMT-033713,corrected,paid_at shifted +8h to UTC - region PH diagnosed as a local-time export (100% impossible latencies)
payments,PMT-033721,corrected,paid_at shifted +8h to UTC - region PH diagnosed as a local-time export (100% impossible latencies)
payments,PMT-033744,corrected,paid_at shifted +8h to UTC - region PH diagnosed as a local-time export (100% impossible latencies)
payments,PMT-033747,corrected,paid_at shifted +8h to UTC - region PH diagnosed as a local-time export (100% impossible latencies)
payments,PMT-033765,corrected,paid_at shifted +8h to UTC - region PH diagnosed as a local-time export (100% impossible latencies)
payments,PMT-033782,corrected,paid_at shifted +8h to UTC - region PH diagnosed as a local-time export (100% impossible latencies)
payments,PMT-033785,corrected,paid_at shifted +8h to UTC - region PH diagnosed as a local-time export (100% impossible latencies)
payments,PMT-033814,corrected,paid_at shifted +8h to UTC - region PH diagnosed as a local-time export (100% impossible latencies)
payments,PMT-033817,corrected,paid_at shifted +8h to UTC - region PH diagnosed as a local-time export (100% impossible latencies)
payments,PMT-033820,corrected,paid_at shifted +8h to UTC - region PH diagnosed as a local-time export (100% impossible latencies)
payments,PMT-033828,corrected,paid_at shifted +8h to UTC - region PH diagnosed as a local-time export (100% impossible latencies)
payments,PMT-033851,corrected,paid_at shifted +8h to UTC - region PH diagnosed as a local-time export (100% impossible latencies)
payments,PMT-033877,corrected,paid_at shifted +8h to UTC - region PH diagnosed as a local-time export (100% impossible latencies)
payments,PMT-033879,corrected,paid_at shifted +8h to UTC - region PH diagnosed as a local-time export (100% impossible latencies)
payments,PMT-033893,corrected,paid_at shifted +8h to UTC - region PH diagnosed as a local-time export (100% impossible latencies)
payments,PMT-033912,corrected,paid_at shifted +8h to UTC - region PH diagnosed as a local-time export (100% impossible latencies)
payments,PMT-033916,corrected,paid_at shifted +8h to UTC - region PH diagnosed as a local-time export (100% impossible latencies)
payments,PMT-033918,corrected,paid_at shifted +8h to UTC - region PH diagnosed as a local-time export (100% impossible latencies)
payments,PMT-033931,corrected,paid_at shifted +8h to UTC - region PH diagnosed as a local-time export (100% impossible latencies)
payments,PMT-033935,corrected,paid_at shifted +8h to UTC - region PH diagnosed as a local-time export (100% impossible latencies)
payments,PMT-033945,corrected,paid_at shifted +8h to UTC - region PH diagnosed as a local-time export (100% impossible latencies)
payments,PMT-033946,corrected,paid_at shifted +8h to UTC - region PH diagnosed as a local-time export (100% impossible latencies)
payments,PMT-033955,corrected,paid_at shifted +8h to UTC - region PH diagnosed as a local-time export (100% impossible latencies)
payments,PMT-033960,corrected,paid_at shifted +8h to UTC - region PH diagnosed as a local-time export (100% impossible latencies)
payments,PMT-033971,corrected,paid_at shifted +8h to UTC - region PH diagnosed as a local-time export (100% impossible latencies)
payments,PMT-033978,corrected,paid_at shifted +8h to UTC - region PH diagnosed as a local-time export (100% impossible latencies)
payments,PMT-033980,corrected,paid_at shifted +8h to UTC - region PH diagnosed as a local-time export (100% impossible latencies)
payments,PMT-033988,corrected,paid_at shifted +8h to UTC - region PH diagnosed as a local-time export (100% impossible latencies)
payments,PMT-033994,corrected,paid_at shifted +8h to UTC - region PH diagnosed as a local-time export (100% impossible latencies)
payments,PMT-033999,corrected,paid_at shifted +8h to UTC - region PH diagnosed as a local-time export (100% impossible latencies)
payments,PMT-034005,corrected,paid_at shifted +8h to UTC - region PH diagnosed as a local-time export (100% impossible latencies)
payments,PMT-034011,corrected,paid_at shifted +8h to UTC - region PH diagnosed as a local-time export (100% impossible latencies)
payments,PMT-034025,corrected,paid_at shifted +8h to UTC - region PH diagnosed as a local-time export (100% impossible latencies)
payments,PMT-034030,corrected,paid_at shifted +8h to UTC - region PH diagnosed as a local-time export (100% impossible latencies)
payments,PMT-034034,corrected,paid_at shifted +8h to UTC - region PH diagnosed as a local-time export (100% impossible latencies)
payments,PMT-034067,corrected,paid_at shifted +8h to UTC - region PH diagnosed as a local-time export (100% impossible latencies)
payments,PMT-034076,corrected,paid_at shifted +8h to UTC - region PH diagnosed as a local-time export (100% impossible latencies)
payments,PMT-034094,corrected,paid_at shifted +8h to UTC - region PH diagnosed as a local-time export (100% impossible latencies)
payments,PMT-034095,corrected,paid_at shifted +8h to UTC - region PH diagnosed as a local-time export (100% impossible latencies)
payments,PMT-034109,corrected,paid_at shifted +8h to UTC - region PH diagnosed as a local-time export (100% impossible latencies)
payments,PMT-034117,corrected,paid_at shifted +8h to UTC - region PH diagnosed as a local-time export (100% impossible latencies)
payments,PMT-034120,corrected,paid_at shifted +8h to UTC - region PH diagnosed as a local-time export (100% impossible latencies)
payments,PMT-034127,corrected,paid_at shifted +8h to UTC - region PH diagnosed as a local-time export (100% impossible latencies)
payments,PMT-034138,corrected,paid_at shifted +8h to UTC - region PH diagnosed as a local-time export (100% impossible latencies)
payments,PMT-034146,corrected,paid_at shifted +8h to UTC - region PH diagnosed as a local-time export (100% impossible latencies)
payments,PMT-034152,corrected,paid_at shifted +8h to UTC - region PH diagnosed as a local-time export (100% impossible latencies)
payments,PMT-034165,corrected,paid_at shifted +8h to UTC - region PH diagnosed as a local-time export (100% impossible latencies)
payments,PMT-034178,corrected,paid_at shifted +8h to UTC - region PH diagnosed as a local-time export (100% impossible latencies)
payments,PMT-034192,corrected,paid_at shifted +8h to UTC - region PH diagnosed as a local-time export (100% impossible latencies)
payments,PMT-034225,corrected,paid_at shifted +8h to UTC - region PH diagnosed as a local-time export (100% impossible latencies)
payments,PMT-034235,corrected,paid_at shifted +8h to UTC - region PH diagnosed as a local-time export (100% impossible latencies)
payments,PMT-034243,corrected,paid_at shifted +8h to UTC - region PH diagnosed as a local-time export (100% impossible latencies)
payments,PMT-034251,corrected,paid_at shifted +8h to UTC - region PH diagnosed as a local-time export (100% impossible latencies)
payments,PMT-034254,corrected,paid_at shifted +8h to UTC - region PH diagnosed as a local-time export (100% impossible latencies)
payments,PMT-034290,corrected,paid_at shifted +8h to UTC - region PH diagnosed as a local-time export (100% impossible latencies)
payments,PMT-034314,corrected,paid_at shifted +8h to UTC - region PH diagnosed as a local-time export (100% impossible latencies)
payments,PMT-034315,corrected,paid_at shifted +8h to UTC - region PH diagnosed as a local-time export (100% impossible latencies)
payments,PMT-034327,corrected,paid_at shifted +8h to UTC - region PH diagnosed as a local-time export (100% impossible latencies)
payments,PMT-034334,corrected,paid_at shifted +8h to UTC - region PH diagnosed as a local-time export (100% impossible latencies)
payments,PMT-034346,corrected,paid_at shifted +8h to UTC - region PH diagnosed as a local-time export (100% impossible latencies)
payments,PMT-034347,corrected,paid_at shifted +8h to UTC - region PH diagnosed as a local-time export (100% impossible latencies)
payments,PMT-034362,corrected,paid_at shifted +8h to UTC - region PH diagnosed as a local-time export (100% impossible latencies)
payments,PMT-034399,corrected,paid_at shifted +8h to UTC - region PH diagnosed as a local-time export (100% impossible latencies)
payments,PMT-034406,corrected,paid_at shifted +8h to UTC - region PH diagnosed as a local-time export (100% impossible latencies)
payments,PMT-034407,corrected,paid_at shifted +8h to UTC - region PH diagnosed as a local-time export (100% impossible latencies)
payments,PMT-034409,corrected,paid_at shifted +8h to UTC - region PH diagnosed as a local-time export (100% impossible latencies)
payments,PMT-034428,corrected,paid_at shifted +8h to UTC - region PH diagnosed as a local-time export (100% impossible latencies)
payments,PMT-034434,corrected,paid_at shifted +8h to UTC - region PH diagnosed as a local-time export (100% impossible latencies)
payments,PMT-034445,corrected,paid_at shifted +8h to UTC - region PH diagnosed as a local-time export (100% impossible latencies)
payments,PMT-034473,corrected,paid_at shifted +8h to UTC - region PH diagnosed as a local-time export (100% impossible latencies)
payments,PMT-034506,corrected,paid_at shifted +8h to UTC - region PH diagnosed as a local-time export (100% impossible latencies)
payments,PMT-034522,corrected,paid_at shifted +8h to UTC - region PH diagnosed as a local-time export (100% impossible latencies)
payments,PMT-034523,corrected,paid_at shifted +8h to UTC - region PH diagnosed as a local-time export (100% impossible latencies)
payments,PMT-034532,corrected,paid_at shifted +8h to UTC - region PH diagnosed as a local-time export (100% impossible latencies)
payments,PMT-034568,corrected,paid_at shifted +8h to UTC - region PH diagnosed as a local-time export (100% impossible latencies)
payments,PMT-034571,corrected,paid_at shifted +8h to UTC - region PH diagnosed as a local-time export (100% impossible latencies)
payments,PMT-034616,corrected,paid_at shifted +8h to UTC - region PH diagnosed as a local-time export (100% impossible latencies)
payments,PMT-034637,corrected,paid_at shifted +8h to UTC - region PH diagnosed as a local-time export (100% impossible latencies)
payments,PMT-034648,corrected,paid_at shifted +8h to UTC - region PH diagnosed as a local-time export (100% impossible latencies)
payments,PMT-034651,corrected,paid_at shifted +8h to UTC - region PH diagnosed as a local-time export (100% impossible latencies)
payments,PMT-034671,corrected,paid_at shifted +8h to UTC - region PH diagnosed as a local-time export (100% impossible latencies)
payments,PMT-034672,corrected,paid_at shifted +8h to UTC - region PH diagnosed as a local-time export (100% impossible latencies)
payments,PMT-034692,corrected,paid_at shifted +8h to UTC - region PH diagnosed as a local-time export (100% impossible latencies)
payments,PMT-034701,corrected,paid_at shifted +8h to UTC - region PH diagnosed as a local-time export (100% impossible latencies)
payments,PMT-034715,corrected,paid_at shifted +8h to UTC - region PH diagnosed as a local-time export (100% impossible latencies)
payments,PMT-034718,corrected,paid_at shifted +8h to UTC - region PH diagnosed as a local-time export (100% impossible latencies)
payments,PMT-034731,corrected,paid_at shifted +8h to UTC - region PH diagnosed as a local-time export (100% impossible latencies)
payments,PMT-034735,corrected,paid_at shifted +8h to UTC - region PH diagnosed as a local-time export (100% impossible latencies)
payments,PMT-034739,corrected,paid_at shifted +8h to UTC - region PH diagnosed as a local-time export (100% impossible latencies)
payments,PMT-034746,corrected,paid_at shifted +8h to UTC - region PH diagnosed as a local-time export (100% impossible latencies)
payments,PMT-034767,corrected,paid_at shifted +8h to UTC - region PH diagnosed as a local-time export (100% impossible latencies)
payments,PMT-034771,corrected,paid_at shifted +8h to UTC - region PH diagnosed as a local-time export (100% impossible latencies)
payments,PMT-034773,corrected,paid_at shifted +8h to UTC - region PH diagnosed as a local-time export (100% impossible latencies)
payments,PMT-034789,corrected,paid_at shifted +8h to UTC - region PH diagnosed as a local-time export (100% impossible latencies)
payments,PMT-034790,corrected,paid_at shifted +8h to UTC - region PH diagnosed as a local-time export (100% impossible latencies)
payments,PMT-034795,corrected,paid_at shifted +8h to UTC - region PH diagnosed as a local-time export (100% impossible latencies)
payments,PMT-034811,corrected,paid_at shifted +8h to UTC - region PH diagnosed as a local-time export (100% impossible latencies)
payments,PMT-034814,corrected,paid_at shifted +8h to UTC - region PH diagnosed as a local-time export (100% impossible latencies)
payments,PMT-034815,corrected,paid_at shifted +8h to UTC - region PH diagnosed as a local-time export (100% impossible latencies)
payments,PMT-034825,corrected,paid_at shifted +8h to UTC - region PH diagnosed as a local-time export (100% impossible latencies)
payments,PMT-034831,corrected,paid_at shifted +8h to UTC - region PH diagnosed as a local-time export (100% impossible latencies)
payments,PMT-034832,corrected,paid_at shifted +8h to UTC - region PH diagnosed as a local-time export (100% impossible latencies)
payments,PMT-034847,corrected,paid_at shifted +8h to UTC - region PH diagnosed as a local-time export (100% impossible latencies)
payments,PMT-034882,corrected,paid_at shifted +8h to UTC - region PH diagnosed as a local-time export (100% impossible latencies)
payments,PMT-034886,corrected,paid_at shifted +8h to UTC - region PH diagnosed as a local-time export (100% impossible latencies)
payments,PMT-034889,corrected,paid_at shifted +8h to UTC - region PH diagnosed as a local-time export (100% impossible latencies)
payments,PMT-034901,corrected,paid_at shifted +8h to UTC - region PH diagnosed as a local-time export (100% impossible latencies)
payments,PMT-034922,corrected,paid_at shifted +8h to UTC - region PH diagnosed as a local-time export (100% impossible latencies)
payments,PMT-034927,corrected,paid_at shifted +8h to UTC - region PH diagnosed as a local-time export (100% impossible latencies)
payments,PMT-034939,corrected,paid_at shifted +8h to UTC - region PH diagnosed as a local-time export (100% impossible latencies)
payments,PMT-035022,corrected,paid_at shifted +8h to UTC - region PH diagnosed as a local-time export (100% impossible latencies)
payments,PMT-035032,corrected,paid_at shifted +8h to UTC - region PH diagnosed as a local-time export (100% impossible latencies)
payments,PMT-035036,corrected,paid_at shifted +8h to UTC - region PH diagnosed as a local-time export (100% impossible latencies)
payments,PMT-035043,corrected,paid_at shifted +8h to UTC - region PH diagnosed as a local-time export (100% impossible latencies)
payments,PMT-035052,corrected,paid_at shifted +8h to UTC - region PH diagnosed as a local-time export (100% impossible latencies)
payments,PMT-035060,corrected,paid_at shifted +8h to UTC - region PH diagnosed as a local-time export (100% impossible latencies)
payments,PMT-035090,corrected,paid_at shifted +8h to UTC - region PH diagnosed as a local-time export (100% impossible latencies)
payments,PMT-035112,corrected,paid_at shifted +8h to UTC - region PH diagnosed as a local-time export (100% impossible latencies)
payments,PMT-035126,corrected,paid_at shifted +8h to UTC - region PH diagnosed as a local-time export (100% impossible latencies)
payments,PMT-035136,corrected,paid_at shifted +8h to UTC - region PH diagnosed as a local-time export (100% impossible latencies)
payments,PMT-035137,corrected,paid_at shifted +8h to UTC - region PH diagnosed as a local-time export (100% impossible latencies)
payments,PMT-035153,corrected,paid_at shifted +8h to UTC - region PH diagnosed as a local-time export (100% impossible latencies)
payments,PMT-035160,corrected,paid_at shifted +8h to UTC - region PH diagnosed as a local-time export (100% impossible latencies)
payments,PMT-035162,corrected,paid_at shifted +8h to UTC - region PH diagnosed as a local-time export (100% impossible latencies)
payments,PMT-035166,corrected,paid_at shifted +8h to UTC - region PH diagnosed as a local-time export (100% impossible latencies)
payments,PMT-035170,corrected,paid_at shifted +8h to UTC - region PH diagnosed as a local-time export (100% impossible latencies)
payments,PMT-035172,corrected,paid_at shifted +8h to UTC - region PH diagnosed as a local-time export (100% impossible latencies)
payments,PMT-035184,corrected,paid_at shifted +8h to UTC - region PH diagnosed as a local-time export (100% impossible latencies)
payments,PMT-035193,corrected,paid_at shifted +8h to UTC - region PH diagnosed as a local-time export (100% impossible latencies)
payments,PMT-035196,corrected,paid_at shifted +8h to UTC - region PH diagnosed as a local-time export (100% impossible latencies)
payments,PMT-035197,corrected,paid_at shifted +8h to UTC - region PH diagnosed as a local-time export (100% impossible latencies)
payments,PMT-035198,corrected,paid_at shifted +8h to UTC - region PH diagnosed as a local-time export (100% impossible latencies)
payments,PMT-035201,corrected,paid_at shifted +8h to UTC - region PH diagnosed as a local-time export (100% impossible latencies)
payments,PMT-035208,corrected,paid_at shifted +8h to UTC - region PH diagnosed as a local-time export (100% impossible latencies)
payments,PMT-035215,corrected,paid_at shifted +8h to UTC - region PH diagnosed as a local-time export (100% impossible latencies)
payments,PMT-035227,corrected,paid_at shifted +8h to UTC - region PH diagnosed as a local-time export (100% impossible latencies)
payments,PMT-035253,corrected,paid_at shifted +8h to UTC - region PH diagnosed as a local-time export (100% impossible latencies)
payments,PMT-035257,corrected,paid_at shifted +8h to UTC - region PH diagnosed as a local-time export (100% impossible latencies)
payments,PMT-035261,corrected,paid_at shifted +8h to UTC - region PH diagnosed as a local-time export (100% impossible latencies)
payments,PMT-035270,corrected,paid_at shifted +8h to UTC - region PH diagnosed as a local-time export (100% impossible latencies)
payments,PMT-035275,corrected,paid_at shifted +8h to UTC - region PH diagnosed as a local-time export (100% impossible latencies)
payments,PMT-035276,corrected,paid_at shifted +8h to UTC - region PH diagnosed as a local-time export (100% impossible latencies)
payments,PMT-035293,corrected,paid_at shifted +8h to UTC - region PH diagnosed as a local-time export (100% impossible latencies)
payments,PMT-035300,corrected,paid_at shifted +8h to UTC - region PH diagnosed as a local-time export (100% impossible latencies)
payments,PMT-035334,corrected,paid_at shifted +8h to UTC - region PH diagnosed as a local-time export (100% impossible latencies)
payments,PMT-035354,corrected,paid_at shifted +8h to UTC - region PH diagnosed as a local-time export (100% impossible latencies)
payments,PMT-035357,corrected,paid_at shifted +8h to UTC - region PH diagnosed as a local-time export (100% impossible latencies)
payments,PMT-035387,corrected,paid_at shifted +8h to UTC - region PH diagnosed as a local-time export (100% impossible latencies)
payments,PMT-035391,corrected,paid_at shifted +8h to UTC - region PH diagnosed as a local-time export (100% impossible latencies)
payments,PMT-035403,corrected,paid_at shifted +8h to UTC - region PH diagnosed as a local-time export (100% impossible latencies)
payments,PMT-035424,corrected,paid_at shifted +8h to UTC - region PH diagnosed as a local-time export (100% impossible latencies)
payments,PMT-035427,corrected,paid_at shifted +8h to UTC - region PH diagnosed as a local-time export (100% impossible latencies)
payments,PMT-035448,corrected,paid_at shifted +8h to UTC - region PH diagnosed as a local-time export (100% impossible latencies)
payments,PMT-035471,corrected,paid_at shifted +8h to UTC - region PH diagnosed as a local-time export (100% impossible latencies)
payments,PMT-035473,corrected,paid_at shifted +8h to UTC - region PH diagnosed as a local-time export (100% impossible latencies)
payments,PMT-035482,corrected,paid_at shifted +8h to UTC - region PH diagnosed as a local-time export (100% impossible latencies)
payments,PMT-035489,corrected,paid_at shifted +8h to UTC - region PH diagnosed as a local-time export (100% impossible latencies)
payments,PMT-035491,corrected,paid_at shifted +8h to UTC - region PH diagnosed as a local-time export (100% impossible latencies)
payments,PMT-035494,corrected,paid_at shifted +8h to UTC - region PH diagnosed as a local-time export (100% impossible latencies)
payments,PMT-035499,corrected,paid_at shifted +8h to UTC - region PH diagnosed as a local-time export (100% impossible latencies)
payments,PMT-035515,corrected,paid_at shifted +8h to UTC - region PH diagnosed as a local-time export (100% impossible latencies)
payments,PMT-035529,corrected,paid_at shifted +8h to UTC - region PH diagnosed as a local-time export (100% impossible latencies)
payments,PMT-035535,corrected,paid_at shifted +8h to UTC - region PH diagnosed as a local-time export (100% impossible latencies)
payments,PMT-035541,corrected,paid_at shifted +8h to UTC - region PH diagnosed as a local-time export (100% impossible latencies)
payments,PMT-035555,corrected,paid_at shifted +8h to UTC - region PH diagnosed as a local-time export (100% impossible latencies)
payments,PMT-035569,corrected,paid_at shifted +8h to UTC - region PH diagnosed as a local-time export (100% impossible latencies)
payments,PMT-035572,corrected,paid_at shifted +8h to UTC - region PH diagnosed as a local-time export (100% impossible latencies)
payments,PMT-035612,corrected,paid_at shifted +8h to UTC - region PH diagnosed as a local-time export (100% impossible latencies)
payments,PMT-035637,corrected,paid_at shifted +8h to UTC - region PH diagnosed as a local-time export (100% impossible latencies)
payments,PMT-035643,corrected,paid_at shifted +8h to UTC - region PH diagnosed as a local-time export (100% impossible latencies)
payments,PMT-035650,corrected,paid_at shifted +8h to UTC - region PH diagnosed as a local-time export (100% impossible latencies)
payments,PMT-035655,corrected,paid_at shifted +8h to UTC - region PH diagnosed as a local-time export (100% impossible latencies)
payments,PMT-035661,corrected,paid_at shifted +8h to UTC - region PH diagnosed as a local-time export (100% impossible latencies)
payments,PMT-035675,corrected,paid_at shifted +8h to UTC - region PH diagnosed as a local-time export (100% impossible latencies)
payments,PMT-035694,corrected,paid_at shifted +8h to UTC - region PH diagnosed as a local-time export (100% impossible latencies)
payments,PMT-035699,corrected,paid_at shifted +8h to UTC - region PH diagnosed as a local-time export (100% impossible latencies)
payments,PMT-035703,corrected,paid_at shifted +8h to UTC - region PH diagnosed as a local-time export (100% impossible latencies)
payments,PMT-035704,corrected,paid_at shifted +8h to UTC - region PH diagnosed as a local-time export (100% impossible latencies)
payments,PMT-035707,corrected,paid_at shifted +8h to UTC - region PH diagnosed as a local-time export (100% impossible latencies)
payments,PMT-035713,corrected,paid_at shifted +8h to UTC - region PH diagnosed as a local-time export (100% impossible latencies)
payments,PMT-035714,corrected,paid_at shifted +8h to UTC - region PH diagnosed as a local-time export (100% impossible latencies)
payments,PMT-035727,corrected,paid_at shifted +8h to UTC - region PH diagnosed as a local-time export (100% impossible latencies)
payments,PMT-035733,corrected,paid_at shifted +8h to UTC - region PH diagnosed as a local-time export (100% impossible latencies)
payments,PMT-035739,corrected,paid_at shifted +8h to UTC - region PH diagnosed as a local-time export (100% impossible latencies)
payments,PMT-035754,corrected,paid_at shifted +8h to UTC - region PH diagnosed as a local-time export (100% impossible latencies)
payments,PMT-035756,corrected,paid_at shifted +8h to UTC - region PH diagnosed as a local-time export (100% impossible latencies)
payments,PMT-035767,corrected,paid_at shifted +8h to UTC - region PH diagnosed as a local-time export (100% impossible latencies)
payments,PMT-035769,corrected,paid_at shifted +8h to UTC - region PH diagnosed as a local-time export (100% impossible latencies)
payments,PMT-035776,corrected,paid_at shifted +8h to UTC - region PH diagnosed as a local-time export (100% impossible latencies)
payments,PMT-035780,corrected,paid_at shifted +8h to UTC - region PH diagnosed as a local-time export (100% impossible latencies)
payments,PMT-035789,corrected,paid_at shifted +8h to UTC - region PH diagnosed as a local-time export (100% impossible latencies)
payments,PMT-035799,corrected,paid_at shifted +8h to UTC - region PH diagnosed as a local-time export (100% impossible latencies)
payments,PMT-035820,corrected,paid_at shifted +8h to UTC - region PH diagnosed as a local-time export (100% impossible latencies)
payments,PMT-035821,corrected,paid_at shifted +8h to UTC - region PH diagnosed as a local-time export (100% impossible latencies)
payments,PMT-035827,corrected,paid_at shifted +8h to UTC - region PH diagnosed as a local-time export (100% impossible latencies)
payments,PMT-035856,corrected,paid_at shifted +8h to UTC - region PH diagnosed as a local-time export (100% impossible latencies)
payments,PMT-035863,corrected,paid_at shifted +8h to UTC - region PH diagnosed as a local-time export (100% impossible latencies)
payments,PMT-035865,corrected,paid_at shifted +8h to UTC - region PH diagnosed as a local-time export (100% impossible latencies)
payments,PMT-035868,corrected,paid_at shifted +8h to UTC - region PH diagnosed as a local-time export (100% impossible latencies)
payments,PMT-035879,corrected,paid_at shifted +8h to UTC - region PH diagnosed as a local-time export (100% impossible latencies)
payments,PMT-035900,corrected,paid_at shifted +8h to UTC - region PH diagnosed as a local-time export (100% impossible latencies)
payments,PMT-035902,corrected,paid_at shifted +8h to UTC - region PH diagnosed as a local-time export (100% impossible latencies)
payments,PMT-035904,corrected,paid_at shifted +8h to UTC - region PH diagnosed as a local-time export (100% impossible latencies)
payments,PMT-035906,corrected,paid_at shifted +8h to UTC - region PH diagnosed as a local-time export (100% impossible latencies)
payments,PMT-035909,corrected,paid_at shifted +8h to UTC - region PH diagnosed as a local-time export (100% impossible latencies)
payments,PMT-035911,corrected,paid_at shifted +8h to UTC - region PH diagnosed as a local-time export (100% impossible latencies)
payments,PMT-035916,corrected,paid_at shifted +8h to UTC - region PH diagnosed as a local-time export (100% impossible latencies)
payments,PMT-035930,corrected,paid_at shifted +8h to UTC - region PH diagnosed as a local-time export (100% impossible latencies)
payments,PMT-035942,corrected,paid_at shifted +8h to UTC - region PH diagnosed as a local-time export (100% impossible latencies)
payments,PMT-035953,corrected,paid_at shifted +8h to UTC - region PH diagnosed as a local-time export (100% impossible latencies)
payments,PMT-035959,corrected,paid_at shifted +8h to UTC - region PH diagnosed as a local-time export (100% impossible latencies)
payments,PMT-035968,corrected,paid_at shifted +8h to UTC - region PH diagnosed as a local-time export (100% impossible latencies)
payments,PMT-035984,corrected,paid_at shifted +8h to UTC - region PH diagnosed as a local-time export (100% impossible latencies)
payments,PMT-035986,corrected,paid_at shifted +8h to UTC - region PH diagnosed as a local-time export (100% impossible latencies)
payments,PMT-035996,corrected,paid_at shifted +8h to UTC - region PH diagnosed as a local-time export (100% impossible latencies)
payments,PMT-036002,corrected,paid_at shifted +8h to UTC - region PH diagnosed as a local-time export (100% impossible latencies)
payments,PMT-036011,corrected,paid_at shifted +8h to UTC - region PH diagnosed as a local-time export (100% impossible latencies)
payments,PMT-036025,corrected,paid_at shifted +8h to UTC - region PH diagnosed as a local-time export (100% impossible latencies)
payments,PMT-036027,corrected,paid_at shifted +8h to UTC - region PH diagnosed as a local-time export (100% impossible latencies)
payments,PMT-036031,corrected,paid_at shifted +8h to UTC - region PH diagnosed as a local-time export (100% impossible latencies)
payments,PMT-036033,corrected,paid_at shifted +8h to UTC - region PH diagnosed as a local-time export (100% impossible latencies)
payments,PMT-036045,corrected,paid_at shifted +8h to UTC - region PH diagnosed as a local-time export (100% impossible latencies)
payments,PMT-036087,corrected,paid_at shifted +8h to UTC - region PH diagnosed as a local-time export (100% impossible latencies)
payments,PMT-036146,corrected,paid_at shifted +8h to UTC - region PH diagnosed as a local-time export (100% impossible latencies)
payments,PMT-036156,corrected,paid_at shifted +8h to UTC - region PH diagnosed as a local-time export (100% impossible latencies)
payments,PMT-036161,corrected,paid_at shifted +8h to UTC - region PH diagnosed as a local-time export (100% impossible latencies)
payments,PMT-036178,corrected,paid_at shifted +8h to UTC - region PH diagnosed as a local-time export (100% impossible latencies)
payments,PMT-036182,corrected,paid_at shifted +8h to UTC - region PH diagnosed as a local-time export (100% impossible latencies)
payments,PMT-036198,corrected,paid_at shifted +8h to UTC - region PH diagnosed as a local-time export (100% impossible latencies)
payments,PMT-036223,corrected,paid_at shifted +8h to UTC - region PH diagnosed as a local-time export (100% impossible latencies)
payments,PMT-036229,corrected,paid_at shifted +8h to UTC - region PH diagnosed as a local-time export (100% impossible latencies)
payments,PMT-036281,corrected,paid_at shifted +8h to UTC - region PH diagnosed as a local-time export (100% impossible latencies)
payments,PMT-036287,corrected,paid_at shifted +8h to UTC - region PH diagnosed as a local-time export (100% impossible latencies)
payments,PMT-036298,corrected,paid_at shifted +8h to UTC - region PH diagnosed as a local-time export (100% impossible latencies)
payments,PMT-036312,corrected,paid_at shifted +8h to UTC - region PH diagnosed as a local-time export (100% impossible latencies)
payments,PMT-036349,corrected,paid_at shifted +8h to UTC - region PH diagnosed as a local-time export (100% impossible latencies)
payments,PMT-036353,corrected,paid_at shifted +8h to UTC - region PH diagnosed as a local-time export (100% impossible latencies)
payments,PMT-036355,corrected,paid_at shifted +8h to UTC - region PH diagnosed as a local-time export (100% impossible latencies)
payments,PMT-036359,corrected,paid_at shifted +8h to UTC - region PH diagnosed as a local-time export (100% impossible latencies)
payments,PMT-036361,corrected,paid_at shifted +8h to UTC - region PH diagnosed as a local-time export (100% impossible latencies)
payments,PMT-036372,corrected,paid_at shifted +8h to UTC - region PH diagnosed as a local-time export (100% impossible latencies)
payments,PMT-036374,corrected,paid_at shifted +8h to UTC - region PH diagnosed as a local-time export (100% impossible latencies)
payments,PMT-036377,corrected,paid_at shifted +8h to UTC - region PH diagnosed as a local-time export (100% impossible latencies)
payments,PMT-036378,corrected,paid_at shifted +8h to UTC - region PH diagnosed as a local-time export (100% impossible latencies)
payments,PMT-036385,corrected,paid_at shifted +8h to UTC - region PH diagnosed as a local-time export (100% impossible latencies)
payments,PMT-036423,corrected,paid_at shifted +8h to UTC - region PH diagnosed as a local-time export (100% impossible latencies)
payments,PMT-036424,corrected,paid_at shifted +8h to UTC - region PH diagnosed as a local-time export (100% impossible latencies)
payments,PMT-036457,corrected,paid_at shifted +8h to UTC - region PH diagnosed as a local-time export (100% impossible latencies)
payments,PMT-036473,corrected,paid_at shifted +8h to UTC - region PH diagnosed as a local-time export (100% impossible latencies)
payments,PMT-036474,corrected,paid_at shifted +8h to UTC - region PH diagnosed as a local-time export (100% impossible latencies)
payments,PMT-036476,corrected,paid_at shifted +8h to UTC - region PH diagnosed as a local-time export (100% impossible latencies)
payments,PMT-036479,corrected,paid_at shifted +8h to UTC - region PH diagnosed as a local-time export (100% impossible latencies)
payments,PMT-036495,corrected,paid_at shifted +8h to UTC - region PH diagnosed as a local-time export (100% impossible latencies)
payments,PMT-036501,corrected,paid_at shifted +8h to UTC - region PH diagnosed as a local-time export (100% impossible latencies)
payments,PMT-036508,corrected,paid_at shifted +8h to UTC - region PH diagnosed as a local-time export (100% impossible latencies)
payments,PMT-036510,corrected,paid_at shifted +8h to UTC - region PH diagnosed as a local-time export (100% impossible latencies)
payments,PMT-036517,corrected,paid_at shifted +8h to UTC - region PH diagnosed as a local-time export (100% impossible latencies)
payments,PMT-036518,corrected,paid_at shifted +8h to UTC - region PH diagnosed as a local-time export (100% impossible latencies)
payments,PMT-036540,corrected,paid_at shifted +8h to UTC - region PH diagnosed as a local-time export (100% impossible latencies)
payments,PMT-036554,corrected,paid_at shifted +8h to UTC - region PH diagnosed as a local-time export (100% impossible latencies)
payments,PMT-036568,corrected,paid_at shifted +8h to UTC - region PH diagnosed as a local-time export (100% impossible latencies)
payments,PMT-036609,corrected,paid_at shifted +8h to UTC - region PH diagnosed as a local-time export (100% impossible latencies)
payments,PMT-036622,corrected,paid_at shifted +8h to UTC - region PH diagnosed as a local-time export (100% impossible latencies)
payments,PMT-036673,corrected,paid_at shifted +8h to UTC - region PH diagnosed as a local-time export (100% impossible latencies)
payments,PMT-036676,corrected,paid_at shifted +8h to UTC - region PH diagnosed as a local-time export (100% impossible latencies)
payments,PMT-036691,corrected,paid_at shifted +8h to UTC - region PH diagnosed as a local-time export (100% impossible latencies)
payments,PMT-036705,corrected,paid_at shifted +8h to UTC - region PH diagnosed as a local-time export (100% impossible latencies)
payments,PMT-036718,corrected,paid_at shifted +8h to UTC - region PH diagnosed as a local-time export (100% impossible latencies)
payments,PMT-036738,corrected,paid_at shifted +8h to UTC - region PH diagnosed as a local-time export (100% impossible latencies)
payments,PMT-036741,corrected,paid_at shifted +8h to UTC - region PH diagnosed as a local-time export (100% impossible latencies)
payments,PMT-036746,corrected,paid_at shifted +8h to UTC - region PH diagnosed as a local-time export (100% impossible latencies)
payments,PMT-036760,corrected,paid_at shifted +8h to UTC - region PH diagnosed as a local-time export (100% impossible latencies)
payments,PMT-036772,corrected,paid_at shifted +8h to UTC - region PH diagnosed as a local-time export (100% impossible latencies)
payments,PMT-036775,corrected,paid_at shifted +8h to UTC - region PH diagnosed as a local-time export (100% impossible latencies)
payments,PMT-036791,corrected,paid_at shifted +8h to UTC - region PH diagnosed as a local-time export (100% impossible latencies)
payments,PMT-036799,corrected,paid_at shifted +8h to UTC - region PH diagnosed as a local-time export (100% impossible latencies)
payments,PMT-036821,corrected,paid_at shifted +8h to UTC - region PH diagnosed as a local-time export (100% impossible latencies)
payments,PMT-036830,corrected,paid_at shifted +8h to UTC - region PH diagnosed as a local-time export (100% impossible latencies)
payments,PMT-036877,corrected,paid_at shifted +8h to UTC - region PH diagnosed as a local-time export (100% impossible latencies)
payments,PMT-036884,corrected,paid_at shifted +8h to UTC - region PH diagnosed as a local-time export (100% impossible latencies)
payments,PMT-036896,corrected,paid_at shifted +8h to UTC - region PH diagnosed as a local-time export (100% impossible latencies)
payments,PMT-036901,corrected,paid_at shifted +8h to UTC - region PH diagnosed as a local-time export (100% impossible latencies)
payments,PMT-036933,corrected,paid_at shifted +8h to UTC - region PH diagnosed as a local-time export (100% impossible latencies)
payments,PMT-036949,corrected,paid_at shifted +8h to UTC - region PH diagnosed as a local-time export (100% impossible latencies)
payments,PMT-036953,corrected,paid_at shifted +8h to UTC - region PH diagnosed as a local-time export (100% impossible latencies)
payments,PMT-036954,corrected,paid_at shifted +8h to UTC - region PH diagnosed as a local-time export (100% impossible latencies)
payments,PMT-036958,corrected,paid_at shifted +8h to UTC - region PH diagnosed as a local-time export (100% impossible latencies)
payments,PMT-036959,corrected,paid_at shifted +8h to UTC - region PH diagnosed as a local-time export (100% impossible latencies)
payments,PMT-036970,corrected,paid_at shifted +8h to UTC - region PH diagnosed as a local-time export (100% impossible latencies)
payments,PMT-036974,corrected,paid_at shifted +8h to UTC - region PH diagnosed as a local-time export (100% impossible latencies)
payments,PMT-036988,corrected,paid_at shifted +8h to UTC - region PH diagnosed as a local-time export (100% impossible latencies)
payments,PMT-036994,corrected,paid_at shifted +8h to UTC - region PH diagnosed as a local-time export (100% impossible latencies)
payments,PMT-036996,corrected,paid_at shifted +8h to UTC - region PH diagnosed as a local-time export (100% impossible latencies)
payments,PMT-037001,corrected,paid_at shifted +8h to UTC - region PH diagnosed as a local-time export (100% impossible latencies)
payments,PMT-037004,corrected,paid_at shifted +8h to UTC - region PH diagnosed as a local-time export (100% impossible latencies)
payments,PMT-037041,corrected,paid_at shifted +8h to UTC - region PH diagnosed as a local-time export (100% impossible latencies)
payments,PMT-037057,corrected,paid_at shifted +8h to UTC - region PH diagnosed as a local-time export (100% impossible latencies)
payments,PMT-037060,corrected,paid_at shifted +8h to UTC - region PH diagnosed as a local-time export (100% impossible latencies)
payments,PMT-037062,corrected,paid_at shifted +8h to UTC - region PH diagnosed as a local-time export (100% impossible latencies)
payments,PMT-037065,corrected,paid_at shifted +8h to UTC - region PH diagnosed as a local-time export (100% impossible latencies)
payments,PMT-037066,corrected,paid_at shifted +8h to UTC - region PH diagnosed as a local-time export (100% impossible latencies)
payments,PMT-037080,corrected,paid_at shifted +8h to UTC - region PH diagnosed as a local-time export (100% impossible latencies)
payments,PMT-037085,corrected,paid_at shifted +8h to UTC - region PH diagnosed as a local-time export (100% impossible latencies)
payments,PMT-037112,corrected,paid_at shifted +8h to UTC - region PH diagnosed as a local-time export (100% impossible latencies)
payments,PMT-037152,corrected,paid_at shifted +8h to UTC - region PH diagnosed as a local-time export (100% impossible latencies)
payments,PMT-037170,corrected,paid_at shifted +8h to UTC - region PH diagnosed as a local-time export (100% impossible latencies)
payments,PMT-037171,corrected,paid_at shifted +8h to UTC - region PH diagnosed as a local-time export (100% impossible latencies)
payments,PMT-037177,corrected,paid_at shifted +8h to UTC - region PH diagnosed as a local-time export (100% impossible latencies)
payments,PMT-037180,corrected,paid_at shifted +8h to UTC - region PH diagnosed as a local-time export (100% impossible latencies)
payments,PMT-037194,corrected,paid_at shifted +8h to UTC - region PH diagnosed as a local-time export (100% impossible latencies)
payments,PMT-037204,corrected,paid_at shifted +8h to UTC - region PH diagnosed as a local-time export (100% impossible latencies)
payments,PMT-037208,corrected,paid_at shifted +8h to UTC - region PH diagnosed as a local-time export (100% impossible latencies)
payments,PMT-037212,corrected,paid_at shifted +8h to UTC - region PH diagnosed as a local-time export (100% impossible latencies)
payments,PMT-037223,corrected,paid_at shifted +8h to UTC - region PH diagnosed as a local-time export (100% impossible latencies)
payments,PMT-037245,corrected,paid_at shifted +8h to UTC - region PH diagnosed as a local-time export (100% impossible latencies)
payments,PMT-037247,corrected,paid_at shifted +8h to UTC - region PH diagnosed as a local-time export (100% impossible latencies)
payments,PMT-037248,corrected,paid_at shifted +8h to UTC - region PH diagnosed as a local-time export (100% impossible latencies)
payments,PMT-037272,corrected,paid_at shifted +8h to UTC - region PH diagnosed as a local-time export (100% impossible latencies)
payments,PMT-037278,corrected,paid_at shifted +8h to UTC - region PH diagnosed as a local-time export (100% impossible latencies)
payments,PMT-037307,corrected,paid_at shifted +8h to UTC - region PH diagnosed as a local-time export (100% impossible latencies)
payments,PMT-037322,corrected,paid_at shifted +8h to UTC - region PH diagnosed as a local-time export (100% impossible latencies)
payments,PMT-037325,corrected,paid_at shifted +8h to UTC - region PH diagnosed as a local-time export (100% impossible latencies)
payments,PMT-037331,corrected,paid_at shifted +8h to UTC - region PH diagnosed as a local-time export (100% impossible latencies)
payments,PMT-037335,corrected,paid_at shifted +8h to UTC - region PH diagnosed as a local-time export (100% impossible latencies)
payments,PMT-037349,corrected,paid_at shifted +8h to UTC - region PH diagnosed as a local-time export (100% impossible latencies)
payments,PMT-037363,corrected,paid_at shifted +8h to UTC - region PH diagnosed as a local-time export (100% impossible latencies)
payments,PMT-037367,corrected,paid_at shifted +8h to UTC - region PH diagnosed as a local-time export (100% impossible latencies)
payments,PMT-037386,corrected,paid_at shifted +8h to UTC - region PH diagnosed as a local-time export (100% impossible latencies)
payments,PMT-037388,corrected,paid_at shifted +8h to UTC - region PH diagnosed as a local-time export (100% impossible latencies)
payments,PMT-037402,corrected,paid_at shifted +8h to UTC - region PH diagnosed as a local-time export (100% impossible latencies)
payments,PMT-037410,corrected,paid_at shifted +8h to UTC - region PH diagnosed as a local-time export (100% impossible latencies)
payments,PMT-037413,corrected,paid_at shifted +8h to UTC - region PH diagnosed as a local-time export (100% impossible latencies)
payments,PMT-037417,corrected,paid_at shifted +8h to UTC - region PH diagnosed as a local-time export (100% impossible latencies)
payments,PMT-037432,corrected,paid_at shifted +8h to UTC - region PH diagnosed as a local-time export (100% impossible latencies)
payments,PMT-037465,corrected,paid_at shifted +8h to UTC - region PH diagnosed as a local-time export (100% impossible latencies)
payments,PMT-037466,corrected,paid_at shifted +8h to UTC - region PH diagnosed as a local-time export (100% impossible latencies)
payments,PMT-037472,corrected,paid_at shifted +8h to UTC - region PH diagnosed as a local-time export (100% impossible latencies)
payments,PMT-037475,corrected,paid_at shifted +8h to UTC - region PH diagnosed as a local-time export (100% impossible latencies)
payments,PMT-037477,corrected,paid_at shifted +8h to UTC - region PH diagnosed as a local-time export (100% impossible latencies)
payments,PMT-037481,corrected,paid_at shifted +8h to UTC - region PH diagnosed as a local-time export (100% impossible latencies)
payments,PMT-037497,corrected,paid_at shifted +8h to UTC - region PH diagnosed as a local-time export (100% impossible latencies)
payments,PMT-037500,corrected,paid_at shifted +8h to UTC - region PH diagnosed as a local-time export (100% impossible latencies)
payments,PMT-037512,corrected,paid_at shifted +8h to UTC - region PH diagnosed as a local-time export (100% impossible latencies)
payments,PMT-037545,corrected,paid_at shifted +8h to UTC - region PH diagnosed as a local-time export (100% impossible latencies)
payments,PMT-037566,corrected,paid_at shifted +8h to UTC - region PH diagnosed as a local-time export (100% impossible latencies)
payments,PMT-037567,corrected,paid_at shifted +8h to UTC - region PH diagnosed as a local-time export (100% impossible latencies)
payments,PMT-037601,corrected,paid_at shifted +8h to UTC - region PH diagnosed as a local-time export (100% impossible latencies)
payments,PMT-037607,corrected,paid_at shifted +8h to UTC - region PH diagnosed as a local-time export (100% impossible latencies)
payments,PMT-037629,corrected,paid_at shifted +8h to UTC - region PH diagnosed as a local-time export (100% impossible latencies)
payments,PMT-037642,corrected,paid_at shifted +8h to UTC - region PH diagnosed as a local-time export (100% impossible latencies)
payments,PMT-037643,corrected,paid_at shifted +8h to UTC - region PH diagnosed as a local-time export (100% impossible latencies)
payments,PMT-037653,corrected,paid_at shifted +8h to UTC - region PH diagnosed as a local-time export (100% impossible latencies)
payments,PMT-037682,corrected,paid_at shifted +8h to UTC - region PH diagnosed as a local-time export (100% impossible latencies)
payments,PMT-037699,corrected,paid_at shifted +8h to UTC - region PH diagnosed as a local-time export (100% impossible latencies)
payments,PMT-037703,corrected,paid_at shifted +8h to UTC - region PH diagnosed as a local-time export (100% impossible latencies)
payments,PMT-037704,corrected,paid_at shifted +8h to UTC - region PH diagnosed as a local-time export (100% impossible latencies)
payments,PMT-037708,corrected,paid_at shifted +8h to UTC - region PH diagnosed as a local-time export (100% impossible latencies)
payments,PMT-037733,corrected,paid_at shifted +8h to UTC - region PH diagnosed as a local-time export (100% impossible latencies)
payments,PMT-037743,corrected,paid_at shifted +8h to UTC - region PH diagnosed as a local-time export (100% impossible latencies)
payments,PMT-037747,corrected,paid_at shifted +8h to UTC - region PH diagnosed as a local-time export (100% impossible latencies)
payments,PMT-037773,corrected,paid_at shifted +8h to UTC - region PH diagnosed as a local-time export (100% impossible latencies)
payments,PMT-037782,corrected,paid_at shifted +8h to UTC - region PH diagnosed as a local-time export (100% impossible latencies)
payments,PMT-037792,corrected,paid_at shifted +8h to UTC - region PH diagnosed as a local-time export (100% impossible latencies)
payments,PMT-037797,corrected,paid_at shifted +8h to UTC - region PH diagnosed as a local-time export (100% impossible latencies)
payments,PMT-037800,corrected,paid_at shifted +8h to UTC - region PH diagnosed as a local-time export (100% impossible latencies)
payments,PMT-037808,corrected,paid_at shifted +8h to UTC - region PH diagnosed as a local-time export (100% impossible latencies)
payments,PMT-037814,corrected,paid_at shifted +8h to UTC - region PH diagnosed as a local-time export (100% impossible latencies)
payments,PMT-037816,corrected,paid_at shifted +8h to UTC - region PH diagnosed as a local-time export (100% impossible latencies)
payments,PMT-037831,corrected,paid_at shifted +8h to UTC - region PH diagnosed as a local-time export (100% impossible latencies)
payments,PMT-037862,corrected,paid_at shifted +8h to UTC - region PH diagnosed as a local-time export (100% impossible latencies)
payments,PMT-037882,corrected,paid_at shifted +8h to UTC - region PH diagnosed as a local-time export (100% impossible latencies)
payments,PMT-037902,corrected,paid_at shifted +8h to UTC - region PH diagnosed as a local-time export (100% impossible latencies)
payments,PMT-037932,corrected,paid_at shifted +8h to UTC - region PH diagnosed as a local-time export (100% impossible latencies)
payments,PMT-037933,corrected,paid_at shifted +8h to UTC - region PH diagnosed as a local-time export (100% impossible latencies)
payments,PMT-037948,corrected,paid_at shifted +8h to UTC - region PH diagnosed as a local-time export (100% impossible latencies)
payments,PMT-037955,corrected,paid_at shifted +8h to UTC - region PH diagnosed as a local-time export (100% impossible latencies)
payments,PMT-037966,corrected,paid_at shifted +8h to UTC - region PH diagnosed as a local-time export (100% impossible latencies)
payments,PMT-037986,corrected,paid_at shifted +8h to UTC - region PH diagnosed as a local-time export (100% impossible latencies)
payments,PMT-038022,corrected,paid_at shifted +8h to UTC - region PH diagnosed as a local-time export (100% impossible latencies)
payments,PMT-038023,corrected,paid_at shifted +8h to UTC - region PH diagnosed as a local-time export (100% impossible latencies)
payments,PMT-038033,corrected,paid_at shifted +8h to UTC - region PH diagnosed as a local-time export (100% impossible latencies)
payments,PMT-038043,corrected,paid_at shifted +8h to UTC - region PH diagnosed as a local-time export (100% impossible latencies)
payments,PMT-038044,corrected,paid_at shifted +8h to UTC - region PH diagnosed as a local-time export (100% impossible latencies)
payments,PMT-038050,corrected,paid_at shifted +8h to UTC - region PH diagnosed as a local-time export (100% impossible latencies)
payments,PMT-038068,corrected,paid_at shifted +8h to UTC - region PH diagnosed as a local-time export (100% impossible latencies)
payments,PMT-038073,corrected,paid_at shifted +8h to UTC - region PH diagnosed as a local-time export (100% impossible latencies)
payments,PMT-038088,corrected,paid_at shifted +8h to UTC - region PH diagnosed as a local-time export (100% impossible latencies)
payments,PMT-038101,corrected,paid_at shifted +8h to UTC - region PH diagnosed as a local-time export (100% impossible latencies)
payments,PMT-038103,corrected,paid_at shifted +8h to UTC - region PH diagnosed as a local-time export (100% impossible latencies)
payments,PMT-038105,corrected,paid_at shifted +8h to UTC - region PH diagnosed as a local-time export (100% impossible latencies)
payments,PMT-038128,corrected,paid_at shifted +8h to UTC - region PH diagnosed as a local-time export (100% impossible latencies)
payments,PMT-038131,corrected,paid_at shifted +8h to UTC - region PH diagnosed as a local-time export (100% impossible latencies)
payments,PMT-038149,corrected,paid_at shifted +8h to UTC - region PH diagnosed as a local-time export (100% impossible latencies)
payments,PMT-038151,corrected,paid_at shifted +8h to UTC - region PH diagnosed as a local-time export (100% impossible latencies)
payments,PMT-038154,corrected,paid_at shifted +8h to UTC - region PH diagnosed as a local-time export (100% impossible latencies)
payments,PMT-038170,corrected,paid_at shifted +8h to UTC - region PH diagnosed as a local-time export (100% impossible latencies)
payments,PMT-038209,corrected,paid_at shifted +8h to UTC - region PH diagnosed as a local-time export (100% impossible latencies)
payments,PMT-038214,corrected,paid_at shifted +8h to UTC - region PH diagnosed as a local-time export (100% impossible latencies)
payments,PMT-038227,corrected,paid_at shifted +8h to UTC - region PH diagnosed as a local-time export (100% impossible latencies)
payments,PMT-038233,corrected,paid_at shifted +8h to UTC - region PH diagnosed as a local-time export (100% impossible latencies)
payments,PMT-038235,corrected,paid_at shifted +8h to UTC - region PH diagnosed as a local-time export (100% impossible latencies)
payments,PMT-038254,corrected,paid_at shifted +8h to UTC - region PH diagnosed as a local-time export (100% impossible latencies)
payments,PMT-038294,corrected,paid_at shifted +8h to UTC - region PH diagnosed as a local-time export (100% impossible latencies)
payments,PMT-038304,corrected,paid_at shifted +8h to UTC - region PH diagnosed as a local-time export (100% impossible latencies)
payments,PMT-038312,corrected,paid_at shifted +8h to UTC - region PH diagnosed as a local-time export (100% impossible latencies)
payments,PMT-038338,corrected,paid_at shifted +8h to UTC - region PH diagnosed as a local-time export (100% impossible latencies)
payments,PMT-038352,corrected,paid_at shifted +8h to UTC - region PH diagnosed as a local-time export (100% impossible latencies)
payments,PMT-038365,corrected,paid_at shifted +8h to UTC - region PH diagnosed as a local-time export (100% impossible latencies)
payments,PMT-038395,corrected,paid_at shifted +8h to UTC - region PH diagnosed as a local-time export (100% impossible latencies)
payments,PMT-038405,corrected,paid_at shifted +8h to UTC - region PH diagnosed as a local-time export (100% impossible latencies)
payments,PMT-038417,corrected,paid_at shifted +8h to UTC - region PH diagnosed as a local-time export (100% impossible latencies)
payments,PMT-038436,corrected,paid_at shifted +8h to UTC - region PH diagnosed as a local-time export (100% impossible latencies)
payments,PMT-038438,corrected,paid_at shifted +8h to UTC - region PH diagnosed as a local-time export (100% impossible latencies)
payments,PMT-038441,corrected,paid_at shifted +8h to UTC - region PH diagnosed as a local-time export (100% impossible latencies)
payments,PMT-038446,corrected,paid_at shifted +8h to UTC - region PH diagnosed as a local-time export (100% impossible latencies)
payments,PMT-038447,corrected,paid_at shifted +8h to UTC - region PH diagnosed as a local-time export (100% impossible latencies)
payments,PMT-038454,corrected,paid_at shifted +8h to UTC - region PH diagnosed as a local-time export (100% impossible latencies)
payments,PMT-038467,corrected,paid_at shifted +8h to UTC - region PH diagnosed as a local-time export (100% impossible latencies)
payments,PMT-038498,corrected,paid_at shifted +8h to UTC - region PH diagnosed as a local-time export (100% impossible latencies)
payments,PMT-038501,corrected,paid_at shifted +8h to UTC - region PH diagnosed as a local-time export (100% impossible latencies)
payments,PMT-038553,corrected,paid_at shifted +8h to UTC - region PH diagnosed as a local-time export (100% impossible latencies)
payments,PMT-038564,corrected,paid_at shifted +8h to UTC - region PH diagnosed as a local-time export (100% impossible latencies)
payments,PMT-038567,corrected,paid_at shifted +8h to UTC - region PH diagnosed as a local-time export (100% impossible latencies)
payments,PMT-038591,corrected,paid_at shifted +8h to UTC - region PH diagnosed as a local-time export (100% impossible latencies)
payments,PMT-038602,corrected,paid_at shifted +8h to UTC - region PH diagnosed as a local-time export (100% impossible latencies)
payments,PMT-038611,corrected,paid_at shifted +8h to UTC - region PH diagnosed as a local-time export (100% impossible latencies)
payments,PMT-038612,corrected,paid_at shifted +8h to UTC - region PH diagnosed as a local-time export (100% impossible latencies)
payments,PMT-038614,corrected,paid_at shifted +8h to UTC - region PH diagnosed as a local-time export (100% impossible latencies)
payments,PMT-038622,corrected,paid_at shifted +8h to UTC - region PH diagnosed as a local-time export (100% impossible latencies)
payments,PMT-038629,corrected,paid_at shifted +8h to UTC - region PH diagnosed as a local-time export (100% impossible latencies)
payments,PMT-038645,corrected,paid_at shifted +8h to UTC - region PH diagnosed as a local-time export (100% impossible latencies)
payments,PMT-038654,corrected,paid_at shifted +8h to UTC - region PH diagnosed as a local-time export (100% impossible latencies)
payments,PMT-038657,corrected,paid_at shifted +8h to UTC - region PH diagnosed as a local-time export (100% impossible latencies)
payments,PMT-038666,corrected,paid_at shifted +8h to UTC - region PH diagnosed as a local-time export (100% impossible latencies)
payments,PMT-038670,corrected,paid_at shifted +8h to UTC - region PH diagnosed as a local-time export (100% impossible latencies)
payments,PMT-038674,corrected,paid_at shifted +8h to UTC - region PH diagnosed as a local-time export (100% impossible latencies)
payments,PMT-038683,corrected,paid_at shifted +8h to UTC - region PH diagnosed as a local-time export (100% impossible latencies)
payments,PMT-038694,corrected,paid_at shifted +8h to UTC - region PH diagnosed as a local-time export (100% impossible latencies)
payments,PMT-038703,corrected,paid_at shifted +8h to UTC - region PH diagnosed as a local-time export (100% impossible latencies)
payments,PMT-038739,corrected,paid_at shifted +8h to UTC - region PH diagnosed as a local-time export (100% impossible latencies)
payments,PMT-038744,corrected,paid_at shifted +8h to UTC - region PH diagnosed as a local-time export (100% impossible latencies)
payments,PMT-038803,corrected,paid_at shifted +8h to UTC - region PH diagnosed as a local-time export (100% impossible latencies)
payments,PMT-038822,corrected,paid_at shifted +8h to UTC - region PH diagnosed as a local-time export (100% impossible latencies)
payments,PMT-038848,corrected,paid_at shifted +8h to UTC - region PH diagnosed as a local-time export (100% impossible latencies)
payments,PMT-038862,corrected,paid_at shifted +8h to UTC - region PH diagnosed as a local-time export (100% impossible latencies)
payments,PMT-038863,corrected,paid_at shifted +8h to UTC - region PH diagnosed as a local-time export (100% impossible latencies)
payments,PMT-038876,corrected,paid_at shifted +8h to UTC - region PH diagnosed as a local-time export (100% impossible latencies)
payments,PMT-038884,corrected,paid_at shifted +8h to UTC - region PH diagnosed as a local-time export (100% impossible latencies)
payments,PMT-038889,corrected,paid_at shifted +8h to UTC - region PH diagnosed as a local-time export (100% impossible latencies)
payments,PMT-038902,corrected,paid_at shifted +8h to UTC - region PH diagnosed as a local-time export (100% impossible latencies)
payments,PMT-038912,corrected,paid_at shifted +8h to UTC - region PH diagnosed as a local-time export (100% impossible latencies)
payments,PMT-038913,corrected,paid_at shifted +8h to UTC - region PH diagnosed as a local-time export (100% impossible latencies)
payments,PMT-038939,corrected,paid_at shifted +8h to UTC - region PH diagnosed as a local-time export (100% impossible latencies)
payments,PMT-038952,corrected,paid_at shifted +8h to UTC - region PH diagnosed as a local-time export (100% impossible latencies)
payments,PMT-038955,corrected,paid_at shifted +8h to UTC - region PH diagnosed as a local-time export (100% impossible latencies)
payments,PMT-038979,corrected,paid_at shifted +8h to UTC - region PH diagnosed as a local-time export (100% impossible latencies)
payments,PMT-039020,corrected,paid_at shifted +8h to UTC - region PH diagnosed as a local-time export (100% impossible latencies)
payments,PMT-039059,corrected,paid_at shifted +8h to UTC - region PH diagnosed as a local-time export (100% impossible latencies)
payments,PMT-039079,corrected,paid_at shifted +8h to UTC - region PH diagnosed as a local-time export (100% impossible latencies)
payments,PMT-039081,corrected,paid_at shifted +8h to UTC - region PH diagnosed as a local-time export (100% impossible latencies)
payments,PMT-039087,corrected,paid_at shifted +8h to UTC - region PH diagnosed as a local-time export (100% impossible latencies)
payments,PMT-039091,corrected,paid_at shifted +8h to UTC - region PH diagnosed as a local-time export (100% impossible latencies)
payments,PMT-039112,corrected,paid_at shifted +8h to UTC - region PH diagnosed as a local-time export (100% impossible latencies)
payments,PMT-039122,corrected,paid_at shifted +8h to UTC - region PH diagnosed as a local-time export (100% impossible latencies)
payments,PMT-039131,corrected,paid_at shifted +8h to UTC - region PH diagnosed as a local-time export (100% impossible latencies)
payments,PMT-039134,corrected,paid_at shifted +8h to UTC - region PH diagnosed as a local-time export (100% impossible latencies)
payments,PMT-039143,corrected,paid_at shifted +8h to UTC - region PH diagnosed as a local-time export (100% impossible latencies)
payments,PMT-039152,corrected,paid_at shifted +8h to UTC - region PH diagnosed as a local-time export (100% impossible latencies)
payments,PMT-039165,corrected,paid_at shifted +8h to UTC - region PH diagnosed as a local-time export (100% impossible latencies)
payments,PMT-039184,corrected,paid_at shifted +8h to UTC - region PH diagnosed as a local-time export (100% impossible latencies)
payments,PMT-039205,corrected,paid_at shifted +8h to UTC - region PH diagnosed as a local-time export (100% impossible latencies)
payments,PMT-039212,corrected,paid_at shifted +8h to UTC - region PH diagnosed as a local-time export (100% impossible latencies)
payments,PMT-039221,corrected,paid_at shifted +8h to UTC - region PH diagnosed as a local-time export (100% impossible latencies)
payments,PMT-039223,corrected,paid_at shifted +8h to UTC - region PH diagnosed as a local-time export (100% impossible latencies)
payments,PMT-039233,corrected,paid_at shifted +8h to UTC - region PH diagnosed as a local-time export (100% impossible latencies)
payments,PMT-039252,corrected,paid_at shifted +8h to UTC - region PH diagnosed as a local-time export (100% impossible latencies)
payments,PMT-039265,corrected,paid_at shifted +8h to UTC - region PH diagnosed as a local-time export (100% impossible latencies)
payments,PMT-039283,corrected,paid_at shifted +8h to UTC - region PH diagnosed as a local-time export (100% impossible latencies)
payments,PMT-039324,corrected,paid_at shifted +8h to UTC - region PH diagnosed as a local-time export (100% impossible latencies)
payments,PMT-039331,corrected,paid_at shifted +8h to UTC - region PH diagnosed as a local-time export (100% impossible latencies)
payments,PMT-039339,corrected,paid_at shifted +8h to UTC - region PH diagnosed as a local-time export (100% impossible latencies)
payments,PMT-039342,corrected,paid_at shifted +8h to UTC - region PH diagnosed as a local-time export (100% impossible latencies)
payments,PMT-039350,corrected,paid_at shifted +8h to UTC - region PH diagnosed as a local-time export (100% impossible latencies)
payments,PMT-039364,corrected,paid_at shifted +8h to UTC - region PH diagnosed as a local-time export (100% impossible latencies)
payments,PMT-039367,corrected,paid_at shifted +8h to UTC - region PH diagnosed as a local-time export (100% impossible latencies)
payments,PMT-039378,corrected,paid_at shifted +8h to UTC - region PH diagnosed as a local-time export (100% impossible latencies)
payments,PMT-039388,corrected,paid_at shifted +8h to UTC - region PH diagnosed as a local-time export (100% impossible latencies)
payments,PMT-039400,corrected,paid_at shifted +8h to UTC - region PH diagnosed as a local-time export (100% impossible latencies)
payments,PMT-039413,corrected,paid_at shifted +8h to UTC - region PH diagnosed as a local-time export (100% impossible latencies)
payments,PMT-039422,corrected,paid_at shifted +8h to UTC - region PH diagnosed as a local-time export (100% impossible latencies)
payments,PMT-039434,corrected,paid_at shifted +8h to UTC - region PH diagnosed as a local-time export (100% impossible latencies)
payments,PMT-039445,corrected,paid_at shifted +8h to UTC - region PH diagnosed as a local-time export (100% impossible latencies)
payments,PMT-039460,corrected,paid_at shifted +8h to UTC - region PH diagnosed as a local-time export (100% impossible latencies)
payments,PMT-039467,corrected,paid_at shifted +8h to UTC - region PH diagnosed as a local-time export (100% impossible latencies)
payments,PMT-039500,corrected,paid_at shifted +8h to UTC - region PH diagnosed as a local-time export (100% impossible latencies)
payments,PMT-039512,corrected,paid_at shifted +8h to UTC - region PH diagnosed as a local-time export (100% impossible latencies)
payments,PMT-039543,corrected,paid_at shifted +8h to UTC - region PH diagnosed as a local-time export (100% impossible latencies)
payments,PMT-039551,corrected,paid_at shifted +8h to UTC - region PH diagnosed as a local-time export (100% impossible latencies)
payments,PMT-039561,corrected,paid_at shifted +8h to UTC - region PH diagnosed as a local-time export (100% impossible latencies)
payments,PMT-039563,corrected,paid_at shifted +8h to UTC - region PH diagnosed as a local-time export (100% impossible latencies)
payments,PMT-039589,corrected,paid_at shifted +8h to UTC - region PH diagnosed as a local-time export (100% impossible latencies)
payments,PMT-039595,corrected,paid_at shifted +8h to UTC - region PH diagnosed as a local-time export (100% impossible latencies)
payments,PMT-039609,corrected,paid_at shifted +8h to UTC - region PH diagnosed as a local-time export (100% impossible latencies)
payments,PMT-039631,corrected,paid_at shifted +8h to UTC - region PH diagnosed as a local-time export (100% impossible latencies)
payments,PMT-039638,corrected,paid_at shifted +8h to UTC - region PH diagnosed as a local-time export (100% impossible latencies)
payments,PMT-039666,corrected,paid_at shifted +8h to UTC - region PH diagnosed as a local-time export (100% impossible latencies)
payments,PMT-039700,corrected,paid_at shifted +8h to UTC - region PH diagnosed as a local-time export (100% impossible latencies)
payments,PMT-039728,corrected,paid_at shifted +8h to UTC - region PH diagnosed as a local-time export (100% impossible latencies)
payments,PMT-039736,corrected,paid_at shifted +8h to UTC - region PH diagnosed as a local-time export (100% impossible latencies)
payments,PMT-039792,corrected,paid_at shifted +8h to UTC - region PH diagnosed as a local-time export (100% impossible latencies)
payments,PMT-039808,corrected,paid_at shifted +8h to UTC - region PH diagnosed as a local-time export (100% impossible latencies)
payments,PMT-039842,corrected,paid_at shifted +8h to UTC - region PH diagnosed as a local-time export (100% impossible latencies)
payments,PMT-039856,corrected,paid_at shifted +8h to UTC - region PH diagnosed as a local-time export (100% impossible latencies)
payments,PMT-039861,corrected,paid_at shifted +8h to UTC - region PH diagnosed as a local-time export (100% impossible latencies)
payments,PMT-039872,corrected,paid_at shifted +8h to UTC - region PH diagnosed as a local-time export (100% impossible latencies)
payments,PMT-039896,corrected,paid_at shifted +8h to UTC - region PH diagnosed as a local-time export (100% impossible latencies)
payments,PMT-039907,corrected,paid_at shifted +8h to UTC - region PH diagnosed as a local-time export (100% impossible latencies)
payments,PMT-039928,corrected,paid_at shifted +8h to UTC - region PH diagnosed as a local-time export (100% impossible latencies)
payments,PMT-039937,corrected,paid_at shifted +8h to UTC - region PH diagnosed as a local-time export (100% impossible latencies)
payments,PMT-039943,corrected,paid_at shifted +8h to UTC - region PH diagnosed as a local-time export (100% impossible latencies)
payments,PMT-039970,corrected,paid_at shifted +8h to UTC - region PH diagnosed as a local-time export (100% impossible latencies)
payments,PMT-039978,corrected,paid_at shifted +8h to UTC - region PH diagnosed as a local-time export (100% impossible latencies)
payments,PMT-040017,corrected,paid_at shifted +8h to UTC - region PH diagnosed as a local-time export (100% impossible latencies)
payments,PMT-040034,corrected,paid_at shifted +8h to UTC - region PH diagnosed as a local-time export (100% impossible latencies)
payments,PMT-040044,corrected,paid_at shifted +8h to UTC - region PH diagnosed as a local-time export (100% impossible latencies)
payments,PMT-040054,corrected,paid_at shifted +8h to UTC - region PH diagnosed as a local-time export (100% impossible latencies)
payments,PMT-040075,corrected,paid_at shifted +8h to UTC - region PH diagnosed as a local-time export (100% impossible latencies)
payments,PMT-040088,corrected,paid_at shifted +8h to UTC - region PH diagnosed as a local-time export (100% impossible latencies)
payments,PMT-040110,corrected,paid_at shifted +8h to UTC - region PH diagnosed as a local-time export (100% impossible latencies)
payments,PMT-040129,corrected,paid_at shifted +8h to UTC - region PH diagnosed as a local-time export (100% impossible latencies)
payments,PMT-040145,corrected,paid_at shifted +8h to UTC - region PH diagnosed as a local-time export (100% impossible latencies)
payments,PMT-040153,corrected,paid_at shifted +8h to UTC - region PH diagnosed as a local-time export (100% impossible latencies)
payments,PMT-040159,corrected,paid_at shifted +8h to UTC - region PH diagnosed as a local-time export (100% impossible latencies)
payments,PMT-040167,corrected,paid_at shifted +8h to UTC - region PH diagnosed as a local-time export (100% impossible latencies)
payments,PMT-040192,corrected,paid_at shifted +8h to UTC - region PH diagnosed as a local-time export (100% impossible latencies)
payments,PMT-040247,corrected,paid_at shifted +8h to UTC - region PH diagnosed as a local-time export (100% impossible latencies)
payments,PMT-040279,corrected,paid_at shifted +8h to UTC - region PH diagnosed as a local-time export (100% impossible latencies)
payments,PMT-040289,corrected,paid_at shifted +8h to UTC - region PH diagnosed as a local-time export (100% impossible latencies)
payments,PMT-040296,corrected,paid_at shifted +8h to UTC - region PH diagnosed as a local-time export (100% impossible latencies)
payments,PMT-040297,corrected,paid_at shifted +8h to UTC - region PH diagnosed as a local-time export (100% impossible latencies)
payments,PMT-040323,corrected,paid_at shifted +8h to UTC - region PH diagnosed as a local-time export (100% impossible latencies)
payments,PMT-040336,corrected,paid_at shifted +8h to UTC - region PH diagnosed as a local-time export (100% impossible latencies)
payments,PMT-040337,corrected,paid_at shifted +8h to UTC - region PH diagnosed as a local-time export (100% impossible latencies)
payments,PMT-040344,corrected,paid_at shifted +8h to UTC - region PH diagnosed as a local-time export (100% impossible latencies)
payments,PMT-040354,corrected,paid_at shifted +8h to UTC - region PH diagnosed as a local-time export (100% impossible latencies)
payments,PMT-040361,corrected,paid_at shifted +8h to UTC - region PH diagnosed as a local-time export (100% impossible latencies)
payments,PMT-040372,corrected,paid_at shifted +8h to UTC - region PH diagnosed as a local-time export (100% impossible latencies)
payments,PMT-040375,corrected,paid_at shifted +8h to UTC - region PH diagnosed as a local-time export (100% impossible latencies)
payments,PMT-040378,corrected,paid_at shifted +8h to UTC - region PH diagnosed as a local-time export (100% impossible latencies)
payments,PMT-040410,corrected,paid_at shifted +8h to UTC - region PH diagnosed as a local-time export (100% impossible latencies)
payments,PMT-040416,corrected,paid_at shifted +8h to UTC - region PH diagnosed as a local-time export (100% impossible latencies)
payments,PMT-040430,corrected,paid_at shifted +8h to UTC - region PH diagnosed as a local-time export (100% impossible latencies)
payments,PMT-040457,corrected,paid_at shifted +8h to UTC - region PH diagnosed as a local-time export (100% impossible latencies)
payments,PMT-040463,corrected,paid_at shifted +8h to UTC - region PH diagnosed as a local-time export (100% impossible latencies)
payments,PMT-040473,corrected,paid_at shifted +8h to UTC - region PH diagnosed as a local-time export (100% impossible latencies)
payments,PMT-040489,corrected,paid_at shifted +8h to UTC - region PH diagnosed as a local-time export (100% impossible latencies)
payments,PMT-040505,corrected,paid_at shifted +8h to UTC - region PH diagnosed as a local-time export (100% impossible latencies)
payments,PMT-040518,corrected,paid_at shifted +8h to UTC - region PH diagnosed as a local-time export (100% impossible latencies)
payments,PMT-040523,corrected,paid_at shifted +8h to UTC - region PH diagnosed as a local-time export (100% impossible latencies)
payments,PMT-040532,corrected,paid_at shifted +8h to UTC - region PH diagnosed as a local-time export (100% impossible latencies)
payments,PMT-040544,corrected,paid_at shifted +8h to UTC - region PH diagnosed as a local-time export (100% impossible latencies)
payments,PMT-040555,corrected,paid_at shifted +8h to UTC - region PH diagnosed as a local-time export (100% impossible latencies)
payments,PMT-040573,corrected,paid_at shifted +8h to UTC - region PH diagnosed as a local-time export (100% impossible latencies)
payments,PMT-040578,corrected,paid_at shifted +8h to UTC - region PH diagnosed as a local-time export (100% impossible latencies)
payments,PMT-040589,corrected,paid_at shifted +8h to UTC - region PH diagnosed as a local-time export (100% impossible latencies)
payments,PMT-040619,corrected,paid_at shifted +8h to UTC - region PH diagnosed as a local-time export (100% impossible latencies)
payments,PMT-040631,corrected,paid_at shifted +8h to UTC - region PH diagnosed as a local-time export (100% impossible latencies)
payments,PMT-040633,corrected,paid_at shifted +8h to UTC - region PH diagnosed as a local-time export (100% impossible latencies)
payments,PMT-040644,corrected,paid_at shifted +8h to UTC - region PH diagnosed as a local-time export (100% impossible latencies)
payments,PMT-040650,corrected,paid_at shifted +8h to UTC - region PH diagnosed as a local-time export (100% impossible latencies)
payments,PMT-040656,corrected,paid_at shifted +8h to UTC - region PH diagnosed as a local-time export (100% impossible latencies)
payments,PMT-040676,corrected,paid_at shifted +8h to UTC - region PH diagnosed as a local-time export (100% impossible latencies)
payments,PMT-040689,corrected,paid_at shifted +8h to UTC - region PH diagnosed as a local-time export (100% impossible latencies)
payments,PMT-040691,corrected,paid_at shifted +8h to UTC - region PH diagnosed as a local-time export (100% impossible latencies)
payments,PMT-040694,corrected,paid_at shifted +8h to UTC - region PH diagnosed as a local-time export (100% impossible latencies)
payments,PMT-040722,corrected,paid_at shifted +8h to UTC - region PH diagnosed as a local-time export (100% impossible latencies)
payments,PMT-040741,corrected,paid_at shifted +8h to UTC - region PH diagnosed as a local-time export (100% impossible latencies)
payments,PMT-040744,corrected,paid_at shifted +8h to UTC - region PH diagnosed as a local-time export (100% impossible latencies)
payments,PMT-040757,corrected,paid_at shifted +8h to UTC - region PH diagnosed as a local-time export (100% impossible latencies)
payments,PMT-040759,corrected,paid_at shifted +8h to UTC - region PH diagnosed as a local-time export (100% impossible latencies)
payments,PMT-040760,corrected,paid_at shifted +8h to UTC - region PH diagnosed as a local-time export (100% impossible latencies)
payments,PMT-040766,corrected,paid_at shifted +8h to UTC - region PH diagnosed as a local-time export (100% impossible latencies)
payments,PMT-040803,corrected,paid_at shifted +8h to UTC - region PH diagnosed as a local-time export (100% impossible latencies)
payments,PMT-040813,corrected,paid_at shifted +8h to UTC - region PH diagnosed as a local-time export (100% impossible latencies)
payments,PMT-040836,corrected,paid_at shifted +8h to UTC - region PH diagnosed as a local-time export (100% impossible latencies)
payments,PMT-040850,corrected,paid_at shifted +8h to UTC - region PH diagnosed as a local-time export (100% impossible latencies)
payments,PMT-040852,corrected,paid_at shifted +8h to UTC - region PH diagnosed as a local-time export (100% impossible latencies)
payments,PMT-040908,corrected,paid_at shifted +8h to UTC - region PH diagnosed as a local-time export (100% impossible latencies)
payments,PMT-040924,corrected,paid_at shifted +8h to UTC - region PH diagnosed as a local-time export (100% impossible latencies)
payments,PMT-040934,corrected,paid_at shifted +8h to UTC - region PH diagnosed as a local-time export (100% impossible latencies)
payments,PMT-040948,corrected,paid_at shifted +8h to UTC - region PH diagnosed as a local-time export (100% impossible latencies)
payments,PMT-040967,corrected,paid_at shifted +8h to UTC - region PH diagnosed as a local-time export (100% impossible latencies)
payments,PMT-040989,corrected,paid_at shifted +8h to UTC - region PH diagnosed as a local-time export (100% impossible latencies)
payments,PMT-041009,corrected,paid_at shifted +8h to UTC - region PH diagnosed as a local-time export (100% impossible latencies)
payments,PMT-041010,corrected,paid_at shifted +8h to UTC - region PH diagnosed as a local-time export (100% impossible latencies)
payments,PMT-041027,corrected,paid_at shifted +8h to UTC - region PH diagnosed as a local-time export (100% impossible latencies)
payments,PMT-041031,corrected,paid_at shifted +8h to UTC - region PH diagnosed as a local-time export (100% impossible latencies)
payments,PMT-041040,corrected,paid_at shifted +8h to UTC - region PH diagnosed as a local-time export (100% impossible latencies)
payments,PMT-041061,corrected,paid_at shifted +8h to UTC - region PH diagnosed as a local-time export (100% impossible latencies)
payments,PMT-041076,corrected,paid_at shifted +8h to UTC - region PH diagnosed as a local-time export (100% impossible latencies)
payments,PMT-041095,corrected,paid_at shifted +8h to UTC - region PH diagnosed as a local-time export (100% impossible latencies)
payments,PMT-041097,corrected,paid_at shifted +8h to UTC - region PH diagnosed as a local-time export (100% impossible latencies)
payments,PMT-041098,corrected,paid_at shifted +8h to UTC - region PH diagnosed as a local-time export (100% impossible latencies)
payments,PMT-041100,corrected,paid_at shifted +8h to UTC - region PH diagnosed as a local-time export (100% impossible latencies)
payments,PMT-041121,corrected,paid_at shifted +8h to UTC - region PH diagnosed as a local-time export (100% impossible latencies)
payments,PMT-041137,corrected,paid_at shifted +8h to UTC - region PH diagnosed as a local-time export (100% impossible latencies)
payments,PMT-041146,corrected,paid_at shifted +8h to UTC - region PH diagnosed as a local-time export (100% impossible latencies)
payments,PMT-041152,corrected,paid_at shifted +8h to UTC - region PH diagnosed as a local-time export (100% impossible latencies)
payments,PMT-041160,corrected,paid_at shifted +8h to UTC - region PH diagnosed as a local-time export (100% impossible latencies)
payments,PMT-041182,corrected,paid_at shifted +8h to UTC - region PH diagnosed as a local-time export (100% impossible latencies)
payments,PMT-041184,corrected,paid_at shifted +8h to UTC - region PH diagnosed as a local-time export (100% impossible latencies)
payments,PMT-041192,corrected,paid_at shifted +8h to UTC - region PH diagnosed as a local-time export (100% impossible latencies)
payments,PMT-041193,corrected,paid_at shifted +8h to UTC - region PH diagnosed as a local-time export (100% impossible latencies)
payments,PMT-041202,corrected,paid_at shifted +8h to UTC - region PH diagnosed as a local-time export (100% impossible latencies)
payments,PMT-041204,corrected,paid_at shifted +8h to UTC - region PH diagnosed as a local-time export (100% impossible latencies)
payments,PMT-041208,corrected,paid_at shifted +8h to UTC - region PH diagnosed as a local-time export (100% impossible latencies)
payments,PMT-041209,corrected,paid_at shifted +8h to UTC - region PH diagnosed as a local-time export (100% impossible latencies)
payments,PMT-041219,corrected,paid_at shifted +8h to UTC - region PH diagnosed as a local-time export (100% impossible latencies)
payments,PMT-041229,corrected,paid_at shifted +8h to UTC - region PH diagnosed as a local-time export (100% impossible latencies)
payments,PMT-041230,corrected,paid_at shifted +8h to UTC - region PH diagnosed as a local-time export (100% impossible latencies)
payments,PMT-041248,corrected,paid_at shifted +8h to UTC - region PH diagnosed as a local-time export (100% impossible latencies)
payments,PMT-041250,corrected,paid_at shifted +8h to UTC - region PH diagnosed as a local-time export (100% impossible latencies)
payments,PMT-041274,corrected,paid_at shifted +8h to UTC - region PH diagnosed as a local-time export (100% impossible latencies)
payments,PMT-041300,corrected,paid_at shifted +8h to UTC - region PH diagnosed as a local-time export (100% impossible latencies)
payments,PMT-041301,corrected,paid_at shifted +8h to UTC - region PH diagnosed as a local-time export (100% impossible latencies)
payments,PMT-041304,corrected,paid_at shifted +8h to UTC - region PH diagnosed as a local-time export (100% impossible latencies)
payments,PMT-041330,corrected,paid_at shifted +8h to UTC - region PH diagnosed as a local-time export (100% impossible latencies)
payments,PMT-041383,corrected,paid_at shifted +8h to UTC - region PH diagnosed as a local-time export (100% impossible latencies)
payments,PMT-041387,corrected,paid_at shifted +8h to UTC - region PH diagnosed as a local-time export (100% impossible latencies)
payments,PMT-041416,corrected,paid_at shifted +8h to UTC - region PH diagnosed as a local-time export (100% impossible latencies)
payments,PMT-041423,corrected,paid_at shifted +8h to UTC - region PH diagnosed as a local-time export (100% impossible latencies)
payments,PMT-041437,corrected,paid_at shifted +8h to UTC - region PH diagnosed as a local-time export (100% impossible latencies)
payments,PMT-041438,corrected,paid_at shifted +8h to UTC - region PH diagnosed as a local-time export (100% impossible latencies)
payments,PMT-041440,corrected,paid_at shifted +8h to UTC - region PH diagnosed as a local-time export (100% impossible latencies)
payments,PMT-041456,corrected,paid_at shifted +8h to UTC - region PH diagnosed as a local-time export (100% impossible latencies)
payments,PMT-041468,corrected,paid_at shifted +8h to UTC - region PH diagnosed as a local-time export (100% impossible latencies)
payments,PMT-041470,corrected,paid_at shifted +8h to UTC - region PH diagnosed as a local-time export (100% impossible latencies)
payments,PMT-041472,corrected,paid_at shifted +8h to UTC - region PH diagnosed as a local-time export (100% impossible latencies)
payments,PMT-041486,corrected,paid_at shifted +8h to UTC - region PH diagnosed as a local-time export (100% impossible latencies)
payments,PMT-041498,corrected,paid_at shifted +8h to UTC - region PH diagnosed as a local-time export (100% impossible latencies)
payments,PMT-041523,corrected,paid_at shifted +8h to UTC - region PH diagnosed as a local-time export (100% impossible latencies)
payments,PMT-041533,corrected,paid_at shifted +8h to UTC - region PH diagnosed as a local-time export (100% impossible latencies)
payments,PMT-041535,corrected,paid_at shifted +8h to UTC - region PH diagnosed as a local-time export (100% impossible latencies)
payments,PMT-041545,corrected,paid_at shifted +8h to UTC - region PH diagnosed as a local-time export (100% impossible latencies)
payments,PMT-041547,corrected,paid_at shifted +8h to UTC - region PH diagnosed as a local-time export (100% impossible latencies)
payments,PMT-041561,corrected,paid_at shifted +8h to UTC - region PH diagnosed as a local-time export (100% impossible latencies)
payments,PMT-041575,corrected,paid_at shifted +8h to UTC - region PH diagnosed as a local-time export (100% impossible latencies)
payments,PMT-041577,corrected,paid_at shifted +8h to UTC - region PH diagnosed as a local-time export (100% impossible latencies)
payments,PMT-041580,corrected,paid_at shifted +8h to UTC - region PH diagnosed as a local-time export (100% impossible latencies)
payments,PMT-041594,corrected,paid_at shifted +8h to UTC - region PH diagnosed as a local-time export (100% impossible latencies)
payments,PMT-041605,corrected,paid_at shifted +8h to UTC - region PH diagnosed as a local-time export (100% impossible latencies)
payments,PMT-041609,corrected,paid_at shifted +8h to UTC - region PH diagnosed as a local-time export (100% impossible latencies)
payments,PMT-041612,corrected,paid_at shifted +8h to UTC - region PH diagnosed as a local-time export (100% impossible latencies)
payments,PMT-041623,corrected,paid_at shifted +8h to UTC - region PH diagnosed as a local-time export (100% impossible latencies)
payments,PMT-041628,corrected,paid_at shifted +8h to UTC - region PH diagnosed as a local-time export (100% impossible latencies)
payments,PMT-041638,corrected,paid_at shifted +8h to UTC - region PH diagnosed as a local-time export (100% impossible latencies)
payments,PMT-041644,corrected,paid_at shifted +8h to UTC - region PH diagnosed as a local-time export (100% impossible latencies)
payments,PMT-041647,corrected,paid_at shifted +8h to UTC - region PH diagnosed as a local-time export (100% impossible latencies)
payments,PMT-041648,corrected,paid_at shifted +8h to UTC - region PH diagnosed as a local-time export (100% impossible latencies)
payments,PMT-041691,corrected,paid_at shifted +8h to UTC - region PH diagnosed as a local-time export (100% impossible latencies)
payments,PMT-041708,corrected,paid_at shifted +8h to UTC - region PH diagnosed as a local-time export (100% impossible latencies)
payments,PMT-041714,corrected,paid_at shifted +8h to UTC - region PH diagnosed as a local-time export (100% impossible latencies)
payments,PMT-041727,corrected,paid_at shifted +8h to UTC - region PH diagnosed as a local-time export (100% impossible latencies)
payments,PMT-041747,corrected,paid_at shifted +8h to UTC - region PH diagnosed as a local-time export (100% impossible latencies)
payments,PMT-041751,corrected,paid_at shifted +8h to UTC - region PH diagnosed as a local-time export (100% impossible latencies)
payments,PMT-041763,corrected,paid_at shifted +8h to UTC - region PH diagnosed as a local-time export (100% impossible latencies)
payments,PMT-041767,corrected,paid_at shifted +8h to UTC - region PH diagnosed as a local-time export (100% impossible latencies)
payments,PMT-041773,corrected,paid_at shifted +8h to UTC - region PH diagnosed as a local-time export (100% impossible latencies)
payments,PMT-041778,corrected,paid_at shifted +8h to UTC - region PH diagnosed as a local-time export (100% impossible latencies)
payments,PMT-041797,corrected,paid_at shifted +8h to UTC - region PH diagnosed as a local-time export (100% impossible latencies)
payments,PMT-041799,corrected,paid_at shifted +8h to UTC - region PH diagnosed as a local-time export (100% impossible latencies)
payments,PMT-041802,corrected,paid_at shifted +8h to UTC - region PH diagnosed as a local-time export (100% impossible latencies)
payments,PMT-041810,corrected,paid_at shifted +8h to UTC - region PH diagnosed as a local-time export (100% impossible latencies)
payments,PMT-041817,corrected,paid_at shifted +8h to UTC - region PH diagnosed as a local-time export (100% impossible latencies)
payments,PMT-041850,corrected,paid_at shifted +8h to UTC - region PH diagnosed as a local-time export (100% impossible latencies)
payments,PMT-041926,corrected,paid_at shifted +8h to UTC - region PH diagnosed as a local-time export (100% impossible latencies)
payments,PMT-041975,corrected,paid_at shifted +8h to UTC - region PH diagnosed as a local-time export (100% impossible latencies)
payments,PMT-041988,corrected,paid_at shifted +8h to UTC - region PH diagnosed as a local-time export (100% impossible latencies)
payments,PMT-042012,corrected,paid_at shifted +8h to UTC - region PH diagnosed as a local-time export (100% impossible latencies)
payments,PMT-042038,corrected,paid_at shifted +8h to UTC - region PH diagnosed as a local-time export (100% impossible latencies)
payments,PMT-042041,corrected,paid_at shifted +8h to UTC - region PH diagnosed as a local-time export (100% impossible latencies)
payments,PMT-042056,corrected,paid_at shifted +8h to UTC - region PH diagnosed as a local-time export (100% impossible latencies)
payments,PMT-042067,corrected,paid_at shifted +8h to UTC - region PH diagnosed as a local-time export (100% impossible latencies)
payments,PMT-042070,corrected,paid_at shifted +8h to UTC - region PH diagnosed as a local-time export (100% impossible latencies)
payments,PMT-042078,corrected,paid_at shifted +8h to UTC - region PH diagnosed as a local-time export (100% impossible latencies)
payments,PMT-042098,corrected,paid_at shifted +8h to UTC - region PH diagnosed as a local-time export (100% impossible latencies)
payments,PMT-042111,corrected,paid_at shifted +8h to UTC - region PH diagnosed as a local-time export (100% impossible latencies)
payments,PMT-042126,corrected,paid_at shifted +8h to UTC - region PH diagnosed as a local-time export (100% impossible latencies)
payments,PMT-042136,corrected,paid_at shifted +8h to UTC - region PH diagnosed as a local-time export (100% impossible latencies)
payments,PMT-042160,corrected,paid_at shifted +8h to UTC - region PH diagnosed as a local-time export (100% impossible latencies)
payments,PMT-042177,corrected,paid_at shifted +8h to UTC - region PH diagnosed as a local-time export (100% impossible latencies)
payments,PMT-042190,corrected,paid_at shifted +8h to UTC - region PH diagnosed as a local-time export (100% impossible latencies)
payments,PMT-042217,corrected,paid_at shifted +8h to UTC - region PH diagnosed as a local-time export (100% impossible latencies)
payments,PMT-042232,corrected,paid_at shifted +8h to UTC - region PH diagnosed as a local-time export (100% impossible latencies)
payments,PMT-042245,corrected,paid_at shifted +8h to UTC - region PH diagnosed as a local-time export (100% impossible latencies)
payments,PMT-042249,corrected,paid_at shifted +8h to UTC - region PH diagnosed as a local-time export (100% impossible latencies)
payments,PMT-042254,corrected,paid_at shifted +8h to UTC - region PH diagnosed as a local-time export (100% impossible latencies)
payments,PMT-042264,corrected,paid_at shifted +8h to UTC - region PH diagnosed as a local-time export (100% impossible latencies)
payments,PMT-042265,corrected,paid_at shifted +8h to UTC - region PH diagnosed as a local-time export (100% impossible latencies)
payments,PMT-042300,corrected,paid_at shifted +8h to UTC - region PH diagnosed as a local-time export (100% impossible latencies)
payments,PMT-042302,corrected,paid_at shifted +8h to UTC - region PH diagnosed as a local-time export (100% impossible latencies)
payments,PMT-042342,corrected,paid_at shifted +8h to UTC - region PH diagnosed as a local-time export (100% impossible latencies)
payments,PMT-042354,corrected,paid_at shifted +8h to UTC - region PH diagnosed as a local-time export (100% impossible latencies)
payments,PMT-042364,corrected,paid_at shifted +8h to UTC - region PH diagnosed as a local-time export (100% impossible latencies)
payments,PMT-042371,corrected,paid_at shifted +8h to UTC - region PH diagnosed as a local-time export (100% impossible latencies)
payments,PMT-042376,corrected,paid_at shifted +8h to UTC - region PH diagnosed as a local-time export (100% impossible latencies)
payments,PMT-042391,corrected,paid_at shifted +8h to UTC - region PH diagnosed as a local-time export (100% impossible latencies)
payments,PMT-042392,corrected,paid_at shifted +8h to UTC - region PH diagnosed as a local-time export (100% impossible latencies)
payments,PMT-042407,corrected,paid_at shifted +8h to UTC - region PH diagnosed as a local-time export (100% impossible latencies)
payments,PMT-042425,corrected,paid_at shifted +8h to UTC - region PH diagnosed as a local-time export (100% impossible latencies)
payments,PMT-042427,corrected,paid_at shifted +8h to UTC - region PH diagnosed as a local-time export (100% impossible latencies)
payments,PMT-042473,corrected,paid_at shifted +8h to UTC - region PH diagnosed as a local-time export (100% impossible latencies)
payments,PMT-042476,corrected,paid_at shifted +8h to UTC - region PH diagnosed as a local-time export (100% impossible latencies)
payments,PMT-042477,corrected,paid_at shifted +8h to UTC - region PH diagnosed as a local-time export (100% impossible latencies)
payments,PMT-042484,corrected,paid_at shifted +8h to UTC - region PH diagnosed as a local-time export (100% impossible latencies)
payments,PMT-042495,corrected,paid_at shifted +8h to UTC - region PH diagnosed as a local-time export (100% impossible latencies)
payments,PMT-042510,corrected,paid_at shifted +8h to UTC - region PH diagnosed as a local-time export (100% impossible latencies)
payments,PMT-042532,corrected,paid_at shifted +8h to UTC - region PH diagnosed as a local-time export (100% impossible latencies)
payments,PMT-042552,corrected,paid_at shifted +8h to UTC - region PH diagnosed as a local-time export (100% impossible latencies)
payments,PMT-042559,corrected,paid_at shifted +8h to UTC - region PH diagnosed as a local-time export (100% impossible latencies)
payments,PMT-042589,corrected,paid_at shifted +8h to UTC - region PH diagnosed as a local-time export (100% impossible latencies)
payments,PMT-042591,corrected,paid_at shifted +8h to UTC - region PH diagnosed as a local-time export (100% impossible latencies)
payments,PMT-042595,corrected,paid_at shifted +8h to UTC - region PH diagnosed as a local-time export (100% impossible latencies)
payments,PMT-042607,corrected,paid_at shifted +8h to UTC - region PH diagnosed as a local-time export (100% impossible latencies)
payments,PMT-042618,corrected,paid_at shifted +8h to UTC - region PH diagnosed as a local-time export (100% impossible latencies)
payments,PMT-042622,corrected,paid_at shifted +8h to UTC - region PH diagnosed as a local-time export (100% impossible latencies)
payments,PMT-042627,corrected,paid_at shifted +8h to UTC - region PH diagnosed as a local-time export (100% impossible latencies)
payments,PMT-042632,corrected,paid_at shifted +8h to UTC - region PH diagnosed as a local-time export (100% impossible latencies)
payments,PMT-042647,corrected,paid_at shifted +8h to UTC - region PH diagnosed as a local-time export (100% impossible latencies)
payments,PMT-042662,corrected,paid_at shifted +8h to UTC - region PH diagnosed as a local-time export (100% impossible latencies)
payments,PMT-042666,corrected,paid_at shifted +8h to UTC - region PH diagnosed as a local-time export (100% impossible latencies)
payments,PMT-042693,corrected,paid_at shifted +8h to UTC - region PH diagnosed as a local-time export (100% impossible latencies)
payments,PMT-042714,corrected,paid_at shifted +8h to UTC - region PH diagnosed as a local-time export (100% impossible latencies)
payments,PMT-042726,corrected,paid_at shifted +8h to UTC - region PH diagnosed as a local-time export (100% impossible latencies)
payments,PMT-042732,corrected,paid_at shifted +8h to UTC - region PH diagnosed as a local-time export (100% impossible latencies)
payments,PMT-042745,corrected,paid_at shifted +8h to UTC - region PH diagnosed as a local-time export (100% impossible latencies)
payments,PMT-042767,corrected,paid_at shifted +8h to UTC - region PH diagnosed as a local-time export (100% impossible latencies)
payments,PMT-042775,corrected,paid_at shifted +8h to UTC - region PH diagnosed as a local-time export (100% impossible latencies)
payments,PMT-042777,corrected,paid_at shifted +8h to UTC - region PH diagnosed as a local-time export (100% impossible latencies)
payments,PMT-042787,corrected,paid_at shifted +8h to UTC - region PH diagnosed as a local-time export (100% impossible latencies)
payments,PMT-042812,corrected,paid_at shifted +8h to UTC - region PH diagnosed as a local-time export (100% impossible latencies)
payments,PMT-042825,corrected,paid_at shifted +8h to UTC - region PH diagnosed as a local-time export (100% impossible latencies)
payments,PMT-042865,corrected,paid_at shifted +8h to UTC - region PH diagnosed as a local-time export (100% impossible latencies)
payments,PMT-042869,corrected,paid_at shifted +8h to UTC - region PH diagnosed as a local-time export (100% impossible latencies)
payments,PMT-042873,corrected,paid_at shifted +8h to UTC - region PH diagnosed as a local-time export (100% impossible latencies)
payments,PMT-042906,corrected,paid_at shifted +8h to UTC - region PH diagnosed as a local-time export (100% impossible latencies)
payments,PMT-042909,corrected,paid_at shifted +8h to UTC - region PH diagnosed as a local-time export (100% impossible latencies)
payments,PMT-042918,corrected,paid_at shifted +8h to UTC - region PH diagnosed as a local-time export (100% impossible latencies)
payments,PMT-042943,corrected,paid_at shifted +8h to UTC - region PH diagnosed as a local-time export (100% impossible latencies)
payments,PMT-042960,corrected,paid_at shifted +8h to UTC - region PH diagnosed as a local-time export (100% impossible latencies)
payments,PMT-042963,corrected,paid_at shifted +8h to UTC - region PH diagnosed as a local-time export (100% impossible latencies)
payments,PMT-042999,corrected,paid_at shifted +8h to UTC - region PH diagnosed as a local-time export (100% impossible latencies)
payments,PMT-043024,corrected,paid_at shifted +8h to UTC - region PH diagnosed as a local-time export (100% impossible latencies)
payments,PMT-043032,corrected,paid_at shifted +8h to UTC - region PH diagnosed as a local-time export (100% impossible latencies)
payments,PMT-043038,corrected,paid_at shifted +8h to UTC - region PH diagnosed as a local-time export (100% impossible latencies)
payments,PMT-043073,corrected,paid_at shifted +8h to UTC - region PH diagnosed as a local-time export (100% impossible latencies)
payments,PMT-043078,corrected,paid_at shifted +8h to UTC - region PH diagnosed as a local-time export (100% impossible latencies)
payments,PMT-043081,corrected,paid_at shifted +8h to UTC - region PH diagnosed as a local-time export (100% impossible latencies)
payments,PMT-043127,corrected,paid_at shifted +8h to UTC - region PH diagnosed as a local-time export (100% impossible latencies)
payments,PMT-043132,corrected,paid_at shifted +8h to UTC - region PH diagnosed as a local-time export (100% impossible latencies)
payments,PMT-043136,corrected,paid_at shifted +8h to UTC - region PH diagnosed as a local-time export (100% impossible latencies)
payments,PMT-043153,corrected,paid_at shifted +8h to UTC - region PH diagnosed as a local-time export (100% impossible latencies)
payments,PMT-043177,corrected,paid_at shifted +8h to UTC - region PH diagnosed as a local-time export (100% impossible latencies)
payments,PMT-043182,corrected,paid_at shifted +8h to UTC - region PH diagnosed as a local-time export (100% impossible latencies)
payments,PMT-043191,corrected,paid_at shifted +8h to UTC - region PH diagnosed as a local-time export (100% impossible latencies)
payments,PMT-043192,corrected,paid_at shifted +8h to UTC - region PH diagnosed as a local-time export (100% impossible latencies)
payments,PMT-043233,corrected,paid_at shifted +8h to UTC - region PH diagnosed as a local-time export (100% impossible latencies)
payments,PMT-043254,corrected,paid_at shifted +8h to UTC - region PH diagnosed as a local-time export (100% impossible latencies)
payments,PMT-043256,corrected,paid_at shifted +8h to UTC - region PH diagnosed as a local-time export (100% impossible latencies)
payments,PMT-043264,corrected,paid_at shifted +8h to UTC - region PH diagnosed as a local-time export (100% impossible latencies)
payments,PMT-043268,corrected,paid_at shifted +8h to UTC - region PH diagnosed as a local-time export (100% impossible latencies)
payments,PMT-043275,corrected,paid_at shifted +8h to UTC - region PH diagnosed as a local-time export (100% impossible latencies)
payments,PMT-043280,corrected,paid_at shifted +8h to UTC - region PH diagnosed as a local-time export (100% impossible latencies)
payments,PMT-043291,corrected,paid_at shifted +8h to UTC - region PH diagnosed as a local-time export (100% impossible latencies)
payments,PMT-043295,corrected,paid_at shifted +8h to UTC - region PH diagnosed as a local-time export (100% impossible latencies)
payments,PMT-043299,corrected,paid_at shifted +8h to UTC - region PH diagnosed as a local-time export (100% impossible latencies)
payments,PMT-043300,corrected,paid_at shifted +8h to UTC - region PH diagnosed as a local-time export (100% impossible latencies)
payments,PMT-043305,corrected,paid_at shifted +8h to UTC - region PH diagnosed as a local-time export (100% impossible latencies)
payments,PMT-043309,corrected,paid_at shifted +8h to UTC - region PH diagnosed as a local-time export (100% impossible latencies)
payments,PMT-043339,corrected,paid_at shifted +8h to UTC - region PH diagnosed as a local-time export (100% impossible latencies)
payments,PMT-043349,corrected,paid_at shifted +8h to UTC - region PH diagnosed as a local-time export (100% impossible latencies)
payments,PMT-043357,corrected,paid_at shifted +8h to UTC - region PH diagnosed as a local-time export (100% impossible latencies)
payments,PMT-043371,corrected,paid_at shifted +8h to UTC - region PH diagnosed as a local-time export (100% impossible latencies)
payments,PMT-043379,corrected,paid_at shifted +8h to UTC - region PH diagnosed as a local-time export (100% impossible latencies)
payments,PMT-043382,corrected,paid_at shifted +8h to UTC - region PH diagnosed as a local-time export (100% impossible latencies)
payments,PMT-043398,corrected,paid_at shifted +8h to UTC - region PH diagnosed as a local-time export (100% impossible latencies)
payments,PMT-043418,corrected,paid_at shifted +8h to UTC - region PH diagnosed as a local-time export (100% impossible latencies)
payments,PMT-043431,corrected,paid_at shifted +8h to UTC - region PH diagnosed as a local-time export (100% impossible latencies)
payments,PMT-043451,corrected,paid_at shifted +8h to UTC - region PH diagnosed as a local-time export (100% impossible latencies)
payments,PMT-043454,corrected,paid_at shifted +8h to UTC - region PH diagnosed as a local-time export (100% impossible latencies)
payments,PMT-043462,corrected,paid_at shifted +8h to UTC - region PH diagnosed as a local-time export (100% impossible latencies)
payments,PMT-043479,corrected,paid_at shifted +8h to UTC - region PH diagnosed as a local-time export (100% impossible latencies)
payments,PMT-043485,corrected,paid_at shifted +8h to UTC - region PH diagnosed as a local-time export (100% impossible latencies)
payments,PMT-043488,corrected,paid_at shifted +8h to UTC - region PH diagnosed as a local-time export (100% impossible latencies)
payments,PMT-043505,corrected,paid_at shifted +8h to UTC - region PH diagnosed as a local-time export (100% impossible latencies)
payments,PMT-043523,corrected,paid_at shifted +8h to UTC - region PH diagnosed as a local-time export (100% impossible latencies)
payments,PMT-043526,corrected,paid_at shifted +8h to UTC - region PH diagnosed as a local-time export (100% impossible latencies)
payments,PMT-043537,corrected,paid_at shifted +8h to UTC - region PH diagnosed as a local-time export (100% impossible latencies)
payments,PMT-043543,corrected,paid_at shifted +8h to UTC - region PH diagnosed as a local-time export (100% impossible latencies)
payments,PMT-043555,corrected,paid_at shifted +8h to UTC - region PH diagnosed as a local-time export (100% impossible latencies)
payments,PMT-043582,corrected,paid_at shifted +8h to UTC - region PH diagnosed as a local-time export (100% impossible latencies)
payments,PMT-043587,corrected,paid_at shifted +8h to UTC - region PH diagnosed as a local-time export (100% impossible latencies)
payments,PMT-043605,corrected,paid_at shifted +8h to UTC - region PH diagnosed as a local-time export (100% impossible latencies)
payments,PMT-043609,corrected,paid_at shifted +8h to UTC - region PH diagnosed as a local-time export (100% impossible latencies)
payments,PMT-043627,corrected,paid_at shifted +8h to UTC - region PH diagnosed as a local-time export (100% impossible latencies)
payments,PMT-043632,corrected,paid_at shifted +8h to UTC - region PH diagnosed as a local-time export (100% impossible latencies)
payments,PMT-043635,corrected,paid_at shifted +8h to UTC - region PH diagnosed as a local-time export (100% impossible latencies)
payments,PMT-043666,corrected,paid_at shifted +8h to UTC - region PH diagnosed as a local-time export (100% impossible latencies)
payments,PMT-043692,corrected,paid_at shifted +8h to UTC - region PH diagnosed as a local-time export (100% impossible latencies)
payments,PMT-043697,corrected,paid_at shifted +8h to UTC - region PH diagnosed as a local-time export (100% impossible latencies)
payments,PMT-043723,corrected,paid_at shifted +8h to UTC - region PH diagnosed as a local-time export (100% impossible latencies)
payments,PMT-043734,corrected,paid_at shifted +8h to UTC - region PH diagnosed as a local-time export (100% impossible latencies)
payments,PMT-043735,corrected,paid_at shifted +8h to UTC - region PH diagnosed as a local-time export (100% impossible latencies)
payments,PMT-043753,corrected,paid_at shifted +8h to UTC - region PH diagnosed as a local-time export (100% impossible latencies)
payments,PMT-043761,corrected,paid_at shifted +8h to UTC - region PH diagnosed as a local-time export (100% impossible latencies)
payments,PMT-043772,corrected,paid_at shifted +8h to UTC - region PH diagnosed as a local-time export (100% impossible latencies)
payments,PMT-043789,corrected,paid_at shifted +8h to UTC - region PH diagnosed as a local-time export (100% impossible latencies)
payments,PMT-043801,corrected,paid_at shifted +8h to UTC - region PH diagnosed as a local-time export (100% impossible latencies)
payments,PMT-043811,corrected,paid_at shifted +8h to UTC - region PH diagnosed as a local-time export (100% impossible latencies)
payments,PMT-043818,corrected,paid_at shifted +8h to UTC - region PH diagnosed as a local-time export (100% impossible latencies)
payments,PMT-043830,corrected,paid_at shifted +8h to UTC - region PH diagnosed as a local-time export (100% impossible latencies)
payments,PMT-043882,corrected,paid_at shifted +8h to UTC - region PH diagnosed as a local-time export (100% impossible latencies)
payments,PMT-043890,corrected,paid_at shifted +8h to UTC - region PH diagnosed as a local-time export (100% impossible latencies)
payments,PMT-043896,corrected,paid_at shifted +8h to UTC - region PH diagnosed as a local-time export (100% impossible latencies)
payments,PMT-043902,corrected,paid_at shifted +8h to UTC - region PH diagnosed as a local-time export (100% impossible latencies)
payments,PMT-043913,corrected,paid_at shifted +8h to UTC - region PH diagnosed as a local-time export (100% impossible latencies)
payments,PMT-043918,corrected,paid_at shifted +8h to UTC - region PH diagnosed as a local-time export (100% impossible latencies)
payments,PMT-043926,corrected,paid_at shifted +8h to UTC - region PH diagnosed as a local-time export (100% impossible latencies)
payments,PMT-043933,corrected,paid_at shifted +8h to UTC - region PH diagnosed as a local-time export (100% impossible latencies)
payments,PMT-043936,corrected,paid_at shifted +8h to UTC - region PH diagnosed as a local-time export (100% impossible latencies)
payments,PMT-043948,corrected,paid_at shifted +8h to UTC - region PH diagnosed as a local-time export (100% impossible latencies)
payments,PMT-043961,corrected,paid_at shifted +8h to UTC - region PH diagnosed as a local-time export (100% impossible latencies)
payments,PMT-043971,corrected,paid_at shifted +8h to UTC - region PH diagnosed as a local-time export (100% impossible latencies)
payments,PMT-043972,corrected,paid_at shifted +8h to UTC - region PH diagnosed as a local-time export (100% impossible latencies)
payments,PMT-043980,corrected,paid_at shifted +8h to UTC - region PH diagnosed as a local-time export (100% impossible latencies)
payments,PMT-043982,corrected,paid_at shifted +8h to UTC - region PH diagnosed as a local-time export (100% impossible latencies)
payments,PMT-044000,corrected,paid_at shifted +8h to UTC - region PH diagnosed as a local-time export (100% impossible latencies)
payments,PMT-044004,corrected,paid_at shifted +8h to UTC - region PH diagnosed as a local-time export (100% impossible latencies)
payments,PMT-044012,corrected,paid_at shifted +8h to UTC - region PH diagnosed as a local-time export (100% impossible latencies)
payments,PMT-044014,corrected,paid_at shifted +8h to UTC - region PH diagnosed as a local-time export (100% impossible latencies)
payments,PMT-044053,corrected,paid_at shifted +8h to UTC - region PH diagnosed as a local-time export (100% impossible latencies)
payments,PMT-044062,corrected,paid_at shifted +8h to UTC - region PH diagnosed as a local-time export (100% impossible latencies)
payments,PMT-044092,corrected,paid_at shifted +8h to UTC - region PH diagnosed as a local-time export (100% impossible latencies)
payments,PMT-044097,corrected,paid_at shifted +8h to UTC - region PH diagnosed as a local-time export (100% impossible latencies)
payments,PMT-044143,corrected,paid_at shifted +8h to UTC - region PH diagnosed as a local-time export (100% impossible latencies)
payments,PMT-044157,corrected,paid_at shifted +8h to UTC - region PH diagnosed as a local-time export (100% impossible latencies)
payments,PMT-044159,corrected,paid_at shifted +8h to UTC - region PH diagnosed as a local-time export (100% impossible latencies)
payments,PMT-044191,corrected,paid_at shifted +8h to UTC - region PH diagnosed as a local-time export (100% impossible latencies)
payments,PMT-044202,corrected,paid_at shifted +8h to UTC - region PH diagnosed as a local-time export (100% impossible latencies)
payments,PMT-044209,corrected,paid_at shifted +8h to UTC - region PH diagnosed as a local-time export (100% impossible latencies)
payments,PMT-044212,corrected,paid_at shifted +8h to UTC - region PH diagnosed as a local-time export (100% impossible latencies)
payments,PMT-044239,corrected,paid_at shifted +8h to UTC - region PH diagnosed as a local-time export (100% impossible latencies)
payments,PMT-044271,corrected,paid_at shifted +8h to UTC - region PH diagnosed as a local-time export (100% impossible latencies)
payments,PMT-044301,corrected,paid_at shifted +8h to UTC - region PH diagnosed as a local-time export (100% impossible latencies)
payments,PMT-044302,corrected,paid_at shifted +8h to UTC - region PH diagnosed as a local-time export (100% impossible latencies)
payments,PMT-044312,corrected,paid_at shifted +8h to UTC - region PH diagnosed as a local-time export (100% impossible latencies)
payments,PMT-044314,corrected,paid_at shifted +8h to UTC - region PH diagnosed as a local-time export (100% impossible latencies)
payments,PMT-044330,corrected,paid_at shifted +8h to UTC - region PH diagnosed as a local-time export (100% impossible latencies)
payments,PMT-044338,corrected,paid_at shifted +8h to UTC - region PH diagnosed as a local-time export (100% impossible latencies)
payments,PMT-044341,corrected,paid_at shifted +8h to UTC - region PH diagnosed as a local-time export (100% impossible latencies)
payments,PMT-044344,corrected,paid_at shifted +8h to UTC - region PH diagnosed as a local-time export (100% impossible latencies)
payments,PMT-044367,corrected,paid_at shifted +8h to UTC - region PH diagnosed as a local-time export (100% impossible latencies)
payments,PMT-044381,corrected,paid_at shifted +8h to UTC - region PH diagnosed as a local-time export (100% impossible latencies)
payments,PMT-044385,corrected,paid_at shifted +8h to UTC - region PH diagnosed as a local-time export (100% impossible latencies)
payments,PMT-044396,corrected,paid_at shifted +8h to UTC - region PH diagnosed as a local-time export (100% impossible latencies)
payments,PMT-044402,corrected,paid_at shifted +8h to UTC - region PH diagnosed as a local-time export (100% impossible latencies)
payments,PMT-044417,corrected,paid_at shifted +8h to UTC - region PH diagnosed as a local-time export (100% impossible latencies)
payments,PMT-044435,corrected,paid_at shifted +8h to UTC - region PH diagnosed as a local-time export (100% impossible latencies)
payments,PMT-044439,corrected,paid_at shifted +8h to UTC - region PH diagnosed as a local-time export (100% impossible latencies)
payments,PMT-044450,corrected,paid_at shifted +8h to UTC - region PH diagnosed as a local-time export (100% impossible latencies)
payments,PMT-044454,corrected,paid_at shifted +8h to UTC - region PH diagnosed as a local-time export (100% impossible latencies)
payments,PMT-044512,corrected,paid_at shifted +8h to UTC - region PH diagnosed as a local-time export (100% impossible latencies)
payments,PMT-044515,corrected,paid_at shifted +8h to UTC - region PH diagnosed as a local-time export (100% impossible latencies)
payments,PMT-044519,corrected,paid_at shifted +8h to UTC - region PH diagnosed as a local-time export (100% impossible latencies)
payments,PMT-044544,corrected,paid_at shifted +8h to UTC - region PH diagnosed as a local-time export (100% impossible latencies)
payments,PMT-044550,corrected,paid_at shifted +8h to UTC - region PH diagnosed as a local-time export (100% impossible latencies)
payments,PMT-044566,corrected,paid_at shifted +8h to UTC - region PH diagnosed as a local-time export (100% impossible latencies)
payments,PMT-044578,corrected,paid_at shifted +8h to UTC - region PH diagnosed as a local-time export (100% impossible latencies)
payments,PMT-044588,corrected,paid_at shifted +8h to UTC - region PH diagnosed as a local-time export (100% impossible latencies)
payments,PMT-044592,corrected,paid_at shifted +8h to UTC - region PH diagnosed as a local-time export (100% impossible latencies)
payments,PMT-044605,corrected,paid_at shifted +8h to UTC - region PH diagnosed as a local-time export (100% impossible latencies)
payments,PMT-044633,corrected,paid_at shifted +8h to UTC - region PH diagnosed as a local-time export (100% impossible latencies)
payments,PMT-044720,corrected,paid_at shifted +8h to UTC - region PH diagnosed as a local-time export (100% impossible latencies)
payments,PMT-044721,corrected,paid_at shifted +8h to UTC - region PH diagnosed as a local-time export (100% impossible latencies)
payments,PMT-044759,corrected,paid_at shifted +8h to UTC - region PH diagnosed as a local-time export (100% impossible latencies)
payments,PMT-044769,corrected,paid_at shifted +8h to UTC - region PH diagnosed as a local-time export (100% impossible latencies)
payments,PMT-044771,corrected,paid_at shifted +8h to UTC - region PH diagnosed as a local-time export (100% impossible latencies)
payments,PMT-044774,corrected,paid_at shifted +8h to UTC - region PH diagnosed as a local-time export (100% impossible latencies)
payments,PMT-044792,corrected,paid_at shifted +8h to UTC - region PH diagnosed as a local-time export (100% impossible latencies)
payments,PMT-044815,corrected,paid_at shifted +8h to UTC - region PH diagnosed as a local-time export (100% impossible latencies)
payments,PMT-044822,corrected,paid_at shifted +8h to UTC - region PH diagnosed as a local-time export (100% impossible latencies)
payments,PMT-044829,corrected,paid_at shifted +8h to UTC - region PH diagnosed as a local-time export (100% impossible latencies)
payments,PMT-044832,corrected,paid_at shifted +8h to UTC - region PH diagnosed as a local-time export (100% impossible latencies)
payments,PMT-044838,corrected,paid_at shifted +8h to UTC - region PH diagnosed as a local-time export (100% impossible latencies)
payments,PMT-044839,corrected,paid_at shifted +8h to UTC - region PH diagnosed as a local-time export (100% impossible latencies)
payments,PMT-044841,corrected,paid_at shifted +8h to UTC - region PH diagnosed as a local-time export (100% impossible latencies)
payments,PMT-044846,corrected,paid_at shifted +8h to UTC - region PH diagnosed as a local-time export (100% impossible latencies)
payments,PMT-044863,corrected,paid_at shifted +8h to UTC - region PH diagnosed as a local-time export (100% impossible latencies)
payments,PMT-044865,corrected,paid_at shifted +8h to UTC - region PH diagnosed as a local-time export (100% impossible latencies)
payments,PMT-044868,corrected,paid_at shifted +8h to UTC - region PH diagnosed as a local-time export (100% impossible latencies)
payments,PMT-044873,corrected,paid_at shifted +8h to UTC - region PH diagnosed as a local-time export (100% impossible latencies)
payments,PMT-044874,corrected,paid_at shifted +8h to UTC - region PH diagnosed as a local-time export (100% impossible latencies)
payments,PMT-044887,corrected,paid_at shifted +8h to UTC - region PH diagnosed as a local-time export (100% impossible latencies)
payments,PMT-044898,corrected,paid_at shifted +8h to UTC - region PH diagnosed as a local-time export (100% impossible latencies)
payments,PMT-044900,corrected,paid_at shifted +8h to UTC - region PH diagnosed as a local-time export (100% impossible latencies)
payments,PMT-044901,corrected,paid_at shifted +8h to UTC - region PH diagnosed as a local-time export (100% impossible latencies)
payments,PMT-044907,corrected,paid_at shifted +8h to UTC - region PH diagnosed as a local-time export (100% impossible latencies)
payments,PMT-044911,corrected,paid_at shifted +8h to UTC - region PH diagnosed as a local-time export (100% impossible latencies)
payments,PMT-044922,corrected,paid_at shifted +8h to UTC - region PH diagnosed as a local-time export (100% impossible latencies)
payments,PMT-044949,corrected,paid_at shifted +8h to UTC - region PH diagnosed as a local-time export (100% impossible latencies)
payments,PMT-044968,corrected,paid_at shifted +8h to UTC - region PH diagnosed as a local-time export (100% impossible latencies)
payments,PMT-044988,corrected,paid_at shifted +8h to UTC - region PH diagnosed as a local-time export (100% impossible latencies)
payments,PMT-044992,corrected,paid_at shifted +8h to UTC - region PH diagnosed as a local-time export (100% impossible latencies)
payments,PMT-044993,corrected,paid_at shifted +8h to UTC - region PH diagnosed as a local-time export (100% impossible latencies)
payments,PMT-045010,corrected,paid_at shifted +8h to UTC - region PH diagnosed as a local-time export (100% impossible latencies)
payments,PMT-045013,corrected,paid_at shifted +8h to UTC - region PH diagnosed as a local-time export (100% impossible latencies)
payments,PMT-045017,corrected,paid_at shifted +8h to UTC - region PH diagnosed as a local-time export (100% impossible latencies)
payments,PMT-045019,corrected,paid_at shifted +8h to UTC - region PH diagnosed as a local-time export (100% impossible latencies)
payments,PMT-045029,corrected,paid_at shifted +8h to UTC - region PH diagnosed as a local-time export (100% impossible latencies)
payments,PMT-045033,corrected,paid_at shifted +8h to UTC - region PH diagnosed as a local-time export (100% impossible latencies)
payments,PMT-045056,corrected,paid_at shifted +8h to UTC - region PH diagnosed as a local-time export (100% impossible latencies)
payments,PMT-045059,corrected,paid_at shifted +8h to UTC - region PH diagnosed as a local-time export (100% impossible latencies)
payments,PMT-045080,corrected,paid_at shifted +8h to UTC - region PH diagnosed as a local-time export (100% impossible latencies)
payments,PMT-045097,corrected,paid_at shifted +8h to UTC - region PH diagnosed as a local-time export (100% impossible latencies)
payments,PMT-045098,corrected,paid_at shifted +8h to UTC - region PH diagnosed as a local-time export (100% impossible latencies)
payments,PMT-045101,corrected,paid_at shifted +8h to UTC - region PH diagnosed as a local-time export (100% impossible latencies)
payments,PMT-045105,corrected,paid_at shifted +8h to UTC - region PH diagnosed as a local-time export (100% impossible latencies)
payments,PMT-045126,corrected,paid_at shifted +8h to UTC - region PH diagnosed as a local-time export (100% impossible latencies)
payments,PMT-045135,corrected,paid_at shifted +8h to UTC - region PH diagnosed as a local-time export (100% impossible latencies)
payments,PMT-045154,corrected,paid_at shifted +8h to UTC - region PH diagnosed as a local-time export (100% impossible latencies)
payments,PMT-045165,corrected,paid_at shifted +8h to UTC - region PH diagnosed as a local-time export (100% impossible latencies)
payments,PMT-045171,corrected,paid_at shifted +8h to UTC - region PH diagnosed as a local-time export (100% impossible latencies)
payments,PMT-045190,corrected,paid_at shifted +8h to UTC - region PH diagnosed as a local-time export (100% impossible latencies)
payments,PMT-045191,corrected,paid_at shifted +8h to UTC - region PH diagnosed as a local-time export (100% impossible latencies)
payments,PMT-045214,corrected,paid_at shifted +8h to UTC - region PH diagnosed as a local-time export (100% impossible latencies)
payments,PMT-045231,corrected,paid_at shifted +8h to UTC - region PH diagnosed as a local-time export (100% impossible latencies)
payments,PMT-045240,corrected,paid_at shifted +8h to UTC - region PH diagnosed as a local-time export (100% impossible latencies)
payments,PMT-045242,corrected,paid_at shifted +8h to UTC - region PH diagnosed as a local-time export (100% impossible latencies)
payments,PMT-045253,corrected,paid_at shifted +8h to UTC - region PH diagnosed as a local-time export (100% impossible latencies)
payments,PMT-045256,corrected,paid_at shifted +8h to UTC - region PH diagnosed as a local-time export (100% impossible latencies)
payments,PMT-045257,corrected,paid_at shifted +8h to UTC - region PH diagnosed as a local-time export (100% impossible latencies)
payments,PMT-045266,corrected,paid_at shifted +8h to UTC - region PH diagnosed as a local-time export (100% impossible latencies)
payments,PMT-045268,corrected,paid_at shifted +8h to UTC - region PH diagnosed as a local-time export (100% impossible latencies)
payments,PMT-045365,corrected,paid_at shifted +8h to UTC - region PH diagnosed as a local-time export (100% impossible latencies)
payments,PMT-045376,corrected,paid_at shifted +8h to UTC - region PH diagnosed as a local-time export (100% impossible latencies)
payments,PMT-045380,corrected,paid_at shifted +8h to UTC - region PH diagnosed as a local-time export (100% impossible latencies)
payments,PMT-045382,corrected,paid_at shifted +8h to UTC - region PH diagnosed as a local-time export (100% impossible latencies)
payments,PMT-045393,corrected,paid_at shifted +8h to UTC - region PH diagnosed as a local-time export (100% impossible latencies)
payments,PMT-045416,corrected,paid_at shifted +8h to UTC - region PH diagnosed as a local-time export (100% impossible latencies)
payments,PMT-045431,corrected,paid_at shifted +8h to UTC - region PH diagnosed as a local-time export (100% impossible latencies)
payments,PMT-045438,corrected,paid_at shifted +8h to UTC - region PH diagnosed as a local-time export (100% impossible latencies)
payments,PMT-045446,corrected,paid_at shifted +8h to UTC - region PH diagnosed as a local-time export (100% impossible latencies)
payments,PMT-045461,corrected,paid_at shifted +8h to UTC - region PH diagnosed as a local-time export (100% impossible latencies)
payments,PMT-045483,corrected,paid_at shifted +8h to UTC - region PH diagnosed as a local-time export (100% impossible latencies)
payments,PMT-045487,corrected,paid_at shifted +8h to UTC - region PH diagnosed as a local-time export (100% impossible latencies)
payments,PMT-045489,corrected,paid_at shifted +8h to UTC - region PH diagnosed as a local-time export (100% impossible latencies)
payments,PMT-045504,corrected,paid_at shifted +8h to UTC - region PH diagnosed as a local-time export (100% impossible latencies)
payments,PMT-045513,corrected,paid_at shifted +8h to UTC - region PH diagnosed as a local-time export (100% impossible latencies)
payments,PMT-045536,corrected,paid_at shifted +8h to UTC - region PH diagnosed as a local-time export (100% impossible latencies)
payments,PMT-045541,corrected,paid_at shifted +8h to UTC - region PH diagnosed as a local-time export (100% impossible latencies)
payments,PMT-045544,corrected,paid_at shifted +8h to UTC - region PH diagnosed as a local-time export (100% impossible latencies)
payments,PMT-045545,corrected,paid_at shifted +8h to UTC - region PH diagnosed as a local-time export (100% impossible latencies)
payments,PMT-045559,corrected,paid_at shifted +8h to UTC - region PH diagnosed as a local-time export (100% impossible latencies)
payments,PMT-045561,corrected,paid_at shifted +8h to UTC - region PH diagnosed as a local-time export (100% impossible latencies)
payments,PMT-045578,corrected,paid_at shifted +8h to UTC - region PH diagnosed as a local-time export (100% impossible latencies)
payments,PMT-045581,corrected,paid_at shifted +8h to UTC - region PH diagnosed as a local-time export (100% impossible latencies)
payments,PMT-045611,corrected,paid_at shifted +8h to UTC - region PH diagnosed as a local-time export (100% impossible latencies)
payments,PMT-045620,corrected,paid_at shifted +8h to UTC - region PH diagnosed as a local-time export (100% impossible latencies)
payments,PMT-045636,corrected,paid_at shifted +8h to UTC - region PH diagnosed as a local-time export (100% impossible latencies)
payments,PMT-045637,corrected,paid_at shifted +8h to UTC - region PH diagnosed as a local-time export (100% impossible latencies)
payments,PMT-045649,corrected,paid_at shifted +8h to UTC - region PH diagnosed as a local-time export (100% impossible latencies)
payments,PMT-045651,corrected,paid_at shifted +8h to UTC - region PH diagnosed as a local-time export (100% impossible latencies)
payments,PMT-045658,corrected,paid_at shifted +8h to UTC - region PH diagnosed as a local-time export (100% impossible latencies)
payments,PMT-045672,corrected,paid_at shifted +8h to UTC - region PH diagnosed as a local-time export (100% impossible latencies)
payments,PMT-045673,corrected,paid_at shifted +8h to UTC - region PH diagnosed as a local-time export (100% impossible latencies)
payments,PMT-045692,corrected,paid_at shifted +8h to UTC - region PH diagnosed as a local-time export (100% impossible latencies)
payments,PMT-045695,corrected,paid_at shifted +8h to UTC - region PH diagnosed as a local-time export (100% impossible latencies)
payments,PMT-045700,corrected,paid_at shifted +8h to UTC - region PH diagnosed as a local-time export (100% impossible latencies)
payments,PMT-045706,corrected,paid_at shifted +8h to UTC - region PH diagnosed as a local-time export (100% impossible latencies)
payments,PMT-045719,corrected,paid_at shifted +8h to UTC - region PH diagnosed as a local-time export (100% impossible latencies)
payments,PMT-045739,corrected,paid_at shifted +8h to UTC - region PH diagnosed as a local-time export (100% impossible latencies)
payments,PMT-045741,corrected,paid_at shifted +8h to UTC - region PH diagnosed as a local-time export (100% impossible latencies)
payments,PMT-045746,corrected,paid_at shifted +8h to UTC - region PH diagnosed as a local-time export (100% impossible latencies)
payments,PMT-045754,corrected,paid_at shifted +8h to UTC - region PH diagnosed as a local-time export (100% impossible latencies)
payments,PMT-045757,corrected,paid_at shifted +8h to UTC - region PH diagnosed as a local-time export (100% impossible latencies)
payments,PMT-045785,corrected,paid_at shifted +8h to UTC - region PH diagnosed as a local-time export (100% impossible latencies)
payments,PMT-045819,corrected,paid_at shifted +8h to UTC - region PH diagnosed as a local-time export (100% impossible latencies)
payments,PMT-045828,corrected,paid_at shifted +8h to UTC - region PH diagnosed as a local-time export (100% impossible latencies)
payments,PMT-045837,corrected,paid_at shifted +8h to UTC - region PH diagnosed as a local-time export (100% impossible latencies)
payments,PMT-045868,corrected,paid_at shifted +8h to UTC - region PH diagnosed as a local-time export (100% impossible latencies)
payments,PMT-045886,corrected,paid_at shifted +8h to UTC - region PH diagnosed as a local-time export (100% impossible latencies)
payments,PMT-045891,corrected,paid_at shifted +8h to UTC - region PH diagnosed as a local-time export (100% impossible latencies)
payments,PMT-045908,corrected,paid_at shifted +8h to UTC - region PH diagnosed as a local-time export (100% impossible latencies)
payments,PMT-045911,corrected,paid_at shifted +8h to UTC - region PH diagnosed as a local-time export (100% impossible latencies)
payments,PMT-045913,corrected,paid_at shifted +8h to UTC - region PH diagnosed as a local-time export (100% impossible latencies)
payments,PMT-045934,corrected,paid_at shifted +8h to UTC - region PH diagnosed as a local-time export (100% impossible latencies)
payments,PMT-045943,corrected,paid_at shifted +8h to UTC - region PH diagnosed as a local-time export (100% impossible latencies)
payments,PMT-045960,corrected,paid_at shifted +8h to UTC - region PH diagnosed as a local-time export (100% impossible latencies)
payments,PMT-045991,corrected,paid_at shifted +8h to UTC - region PH diagnosed as a local-time export (100% impossible latencies)
payments,PMT-046006,corrected,paid_at shifted +8h to UTC - region PH diagnosed as a local-time export (100% impossible latencies)
customers,C900007,merged,"duplicate identity of C011073 (same signup second, channel, region; earliest id survives)"
customers,C900760,merged,"duplicate identity of C018239 (same signup second, channel, region; earliest id survives)"
customers,C900328,merged,"duplicate identity of C016534 (same signup second, channel, region; earliest id survives)"
customers,C900116,merged,"duplicate identity of C012408 (same signup second, channel, region; earliest id survives)"
customers,C900216,merged,"duplicate identity of C013885 (same signup second, channel, region; earliest id survives)"
customers,C900017,merged,"duplicate identity of C019394 (same signup second, channel, region; earliest id survives)"
customers,C900196,merged,"duplicate identity of C011966 (same signup second, channel, region; earliest id survives)"
customers,C900749,merged,"duplicate identity of C014802 (same signup second, channel, region; earliest id survives)"
customers,C900115,merged,"duplicate identity of C012345 (same signup second, channel, region; earliest id survives)"
customers,C900720,merged,"duplicate identity of C019883 (same signup second, channel, region; earliest id survives)"
customers,C900271,merged,"duplicate identity of C006956 (same signup second, channel, region; earliest id survives)"
customers,C900318,merged,"duplicate identity of C014105 (same signup second, channel, region; earliest id survives)"
customers,C900716,merged,"duplicate identity of C010331 (same signup second, channel, region; earliest id survives)"
customers,C900773,merged,"duplicate identity of C011795 (same signup second, channel, region; earliest id survives)"
customers,C900418,merged,"duplicate identity of C008110 (same signup second, channel, region; earliest id survives)"
customers,C900152,merged,"duplicate identity of C002113 (same signup second, channel, region; earliest id survives)"
customers,C900134,merged,"duplicate identity of C011549 (same signup second, channel, region; earliest id survives)"
customers,C900102,merged,"duplicate identity of C004310 (same signup second, channel, region; earliest id survives)"
customers,C900031,merged,"duplicate identity of C003942 (same signup second, channel, region; earliest id survives)"
customers,C900411,merged,"duplicate identity of C003827 (same signup second, channel, region; earliest id survives)"
customers,C900774,merged,"duplicate identity of C007268 (same signup second, channel, region; earliest id survives)"
customers,C900137,merged,"duplicate identity of C003976 (same signup second, channel, region; earliest id survives)"
customers,C900200,merged,"duplicate identity of C012528 (same signup second, channel, region; earliest id survives)"
customers,C900133,merged,"duplicate identity of C005212 (same signup second, channel, region; earliest id survives)"
customers,C900175,merged,"duplicate identity of C006287 (same signup second, channel, region; earliest id survives)"
customers,C900703,merged,"duplicate identity of C017683 (same signup second, channel, region; earliest id survives)"
customers,C900574,merged,"duplicate identity of C001494 (same signup second, channel, region; earliest id survives)"
customers,C900731,merged,"duplicate identity of C002208 (same signup second, channel, region; earliest id survives)"
customers,C900301,merged,"duplicate identity of C018912 (same signup second, channel, region; earliest id survives)"
customers,C900149,merged,"duplicate identity of C006704 (same signup second, channel, region; earliest id survives)"
customers,C900076,merged,"duplicate identity of C017618 (same signup second, channel, region; earliest id survives)"
customers,C900468,merged,"duplicate identity of C017797 (same signup second, channel, region; earliest id survives)"
customers,C900026,merged,"duplicate identity of C016422 (same signup second, channel, region; earliest id survives)"
customers,C900045,merged,"duplicate identity of C016488 (same signup second, channel, region; earliest id survives)"
customers,C900383,merged,"duplicate identity of C000804 (same signup second, channel, region; earliest id survives)"
customers,C900547,merged,"duplicate identity of C003394 (same signup second, channel, region; earliest id survives)"
customers,C900565,merged,"duplicate identity of C004120 (same signup second, channel, region; earliest id survives)"
customers,C900145,merged,"duplicate identity of C008957 (same signup second, channel, region; earliest id survives)"
customers,C900752,merged,"duplicate identity of C000222 (same signup second, channel, region; earliest id survives)"
customers,C900296,merged,"duplicate identity of C000448 (same signup second, channel, region; earliest id survives)"
customers,C900495,merged,"duplicate identity of C003520 (same signup second, channel, region; earliest id survives)"
customers,C900049,merged,"duplicate identity of C015984 (same signup second, channel, region; earliest id survives)"
customers,C900674,merged,"duplicate identity of C009996 (same signup second, channel, region; earliest id survives)"
customers,C900636,merged,"duplicate identity of C018150 (same signup second, channel, region; earliest id survives)"
customers,C900308,merged,"duplicate identity of C003972 (same signup second, channel, region; earliest id survives)"
customers,C900101,merged,"duplicate identity of C015305 (same signup second, channel, region; earliest id survives)"
customers,C900254,merged,"duplicate identity of C004070 (same signup second, channel, region; earliest id survives)"
customers,C900302,merged,"duplicate identity of C003211 (same signup second, channel, region; earliest id survives)"
customers,C900555,merged,"duplicate identity of C002394 (same signup second, channel, region; earliest id survives)"
customers,C900176,merged,"duplicate identity of C005934 (same signup second, channel, region; earliest id survives)"
customers,C900394,merged,"duplicate identity of C010423 (same signup second, channel, region; earliest id survives)"
customers,C900552,merged,"duplicate identity of C003169 (same signup second, channel, region; earliest id survives)"
customers,C900167,merged,"duplicate identity of C014164 (same signup second, channel, region; earliest id survives)"
customers,C900768,merged,"duplicate identity of C000181 (same signup second, channel, region; earliest id survives)"
customers,C900290,merged,"duplicate identity of C005971 (same signup second, channel, region; earliest id survives)"
customers,C900579,merged,"duplicate identity of C019144 (same signup second, channel, region; earliest id survives)"
customers,C900021,merged,"duplicate identity of C009924 (same signup second, channel, region; earliest id survives)"
customers,C900465,merged,"duplicate identity of C017137 (same signup second, channel, region; earliest id survives)"
customers,C900655,merged,"duplicate identity of C008509 (same signup second, channel, region; earliest id survives)"
customers,C900793,merged,"duplicate identity of C011404 (same signup second, channel, region; earliest id survives)"
customers,C900566,merged,"duplicate identity of C002091 (same signup second, channel, region; earliest id survives)"
customers,C900293,merged,"duplicate identity of C015085 (same signup second, channel, region; earliest id survives)"
customers,C900163,merged,"duplicate identity of C019074 (same signup second, channel, region; earliest id survives)"
customers,C900074,merged,"duplicate identity of C010743 (same signup second, channel, region; earliest id survives)"
customers,C900456,merged,"duplicate identity of C012530 (same signup second, channel, region; earliest id survives)"
customers,C900262,merged,"duplicate identity of C013671 (same signup second, channel, region; earliest id survives)"
customers,C900706,merged,"duplicate identity of C008100 (same signup second, channel, region; earliest id survives)"
customers,C900428,merged,"duplicate identity of C008293 (same signup second, channel, region; earliest id survives)"
customers,C900453,merged,"duplicate identity of C006272 (same signup second, channel, region; earliest id survives)"
customers,C900662,merged,"duplicate identity of C006310 (same signup second, channel, region; earliest id survives)"
customers,C900643,merged,"duplicate identity of C010873 (same signup second, channel, region; earliest id survives)"
customers,C900673,merged,"duplicate identity of C015704 (same signup second, channel, region; earliest id survives)"
customers,C900408,merged,"duplicate identity of C008831 (same signup second, channel, region; earliest id survives)"
customers,C900086,merged,"duplicate identity of C012752 (same signup second, channel, region; earliest id survives)"
customers,C900666,merged,"duplicate identity of C015993 (same signup second, channel, region; earliest id survives)"
customers,C900280,merged,"duplicate identity of C019918 (same signup second, channel, region; earliest id survives)"
customers,C900410,merged,"duplicate identity of C011839 (same signup second, channel, region; earliest id survives)"
customers,C900623,merged,"duplicate identity of C002947 (same signup second, channel, region; earliest id survives)"
customers,C900018,merged,"duplicate identity of C016797 (same signup second, channel, region; earliest id survives)"
customers,C900303,merged,"duplicate identity of C013814 (same signup second, channel, region; earliest id survives)"
customers,C900404,merged,"duplicate identity of C011689 (same signup second, channel, region; earliest id survives)"
customers,C900191,merged,"duplicate identity of C005136 (same signup second, channel, region; earliest id survives)"
customers,C900484,merged,"duplicate identity of C007721 (same signup second, channel, region; earliest id survives)"
customers,C900632,merged,"duplicate identity of C008545 (same signup second, channel, region; earliest id survives)"
customers,C900306,merged,"duplicate identity of C010650 (same signup second, channel, region; earliest id survives)"
customers,C900650,merged,"duplicate identity of C019491 (same signup second, channel, region; earliest id survives)"
customers,C900763,merged,"duplicate identity of C005000 (same signup second, channel, region; earliest id survives)"
customers,C900442,merged,"duplicate identity of C002481 (same signup second, channel, region; earliest id survives)"
customers,C900088,merged,"duplicate identity of C004808 (same signup second, channel, region; earliest id survives)"
customers,C900796,merged,"duplicate identity of C014903 (same signup second, channel, region; earliest id survives)"
customers,C900229,merged,"duplicate identity of C013044 (same signup second, channel, region; earliest id survives)"
customers,C900425,merged,"duplicate identity of C012034 (same signup second, channel, region; earliest id survives)"
customers,C900687,merged,"duplicate identity of C017688 (same signup second, channel, region; earliest id survives)"
customers,C900148,merged,"duplicate identity of C017277 (same signup second, channel, region; earliest id survives)"
customers,C900515,merged,"duplicate identity of C017269 (same signup second, channel, region; earliest id survives)"
customers,C900415,merged,"duplicate identity of C002960 (same signup second, channel, region; earliest id survives)"
customers,C900649,merged,"duplicate identity of C011331 (same signup second, channel, region; earliest id survives)"
customers,C900642,merged,"duplicate identity of C009099 (same signup second, channel, region; earliest id survives)"
customers,C900627,merged,"duplicate identity of C009391 (same signup second, channel, region; earliest id survives)"
customers,C900138,merged,"duplicate identity of C016091 (same signup second, channel, region; earliest id survives)"
customers,C900189,merged,"duplicate identity of C000813 (same signup second, channel, region; earliest id survives)"
customers,C900639,merged,"duplicate identity of C006706 (same signup second, channel, region; earliest id survives)"
customers,C900052,merged,"duplicate identity of C015699 (same signup second, channel, region; earliest id survives)"
customers,C900718,merged,"duplicate identity of C002579 (same signup second, channel, region; earliest id survives)"
customers,C900571,merged,"duplicate identity of C003801 (same signup second, channel, region; earliest id survives)"
customers,C900153,merged,"duplicate identity of C000879 (same signup second, channel, region; earliest id survives)"
customers,C900356,merged,"duplicate identity of C017437 (same signup second, channel, region; earliest id survives)"
customers,C900429,merged,"duplicate identity of C018322 (same signup second, channel, region; earliest id survives)"
customers,C900671,merged,"duplicate identity of C019417 (same signup second, channel, region; earliest id survives)"
customers,C900157,merged,"duplicate identity of C005710 (same signup second, channel, region; earliest id survives)"
customers,C900690,merged,"duplicate identity of C012350 (same signup second, channel, region; earliest id survives)"
customers,C900223,merged,"duplicate identity of C015216 (same signup second, channel, region; earliest id survives)"
customers,C900616,merged,"duplicate identity of C008367 (same signup second, channel, region; earliest id survives)"
customers,C900466,merged,"duplicate identity of C018262 (same signup second, channel, region; earliest id survives)"
customers,C900537,merged,"duplicate identity of C018080 (same signup second, channel, region; earliest id survives)"
customers,C900487,merged,"duplicate identity of C002175 (same signup second, channel, region; earliest id survives)"
customers,C900340,merged,"duplicate identity of C011038 (same signup second, channel, region; earliest id survives)"
customers,C900082,merged,"duplicate identity of C008601 (same signup second, channel, region; earliest id survives)"
customers,C900225,merged,"duplicate identity of C000219 (same signup second, channel, region; earliest id survives)"
customers,C900291,merged,"duplicate identity of C013226 (same signup second, channel, region; earliest id survives)"
customers,C900140,merged,"duplicate identity of C017444 (same signup second, channel, region; earliest id survives)"
customers,C900578,merged,"duplicate identity of C015651 (same signup second, channel, region; earliest id survives)"
customers,C900015,merged,"duplicate identity of C012567 (same signup second, channel, region; earliest id survives)"
customers,C900312,merged,"duplicate identity of C003779 (same signup second, channel, region; earliest id survives)"
customers,C900083,merged,"duplicate identity of C011641 (same signup second, channel, region; earliest id survives)"
customers,C900532,merged,"duplicate identity of C000252 (same signup second, channel, region; earliest id survives)"
customers,C900139,merged,"duplicate identity of C017233 (same signup second, channel, region; earliest id survives)"
customers,C900097,merged,"duplicate identity of C015456 (same signup second, channel, region; earliest id survives)"
customers,C900198,merged,"duplicate identity of C006217 (same signup second, channel, region; earliest id survives)"
customers,C900335,merged,"duplicate identity of C017086 (same signup second, channel, region; earliest id survives)"
customers,C900409,merged,"duplicate identity of C008804 (same signup second, channel, region; earliest id survives)"
customers,C900081,merged,"duplicate identity of C011519 (same signup second, channel, region; earliest id survives)"
customers,C900681,merged,"duplicate identity of C001607 (same signup second, channel, region; earliest id survives)"
customers,C900570,merged,"duplicate identity of C005703 (same signup second, channel, region; earliest id survives)"
customers,C900190,merged,"duplicate identity of C011194 (same signup second, channel, region; earliest id survives)"
customers,C900266,merged,"duplicate identity of C001600 (same signup second, channel, region; earliest id survives)"
customers,C900364,merged,"duplicate identity of C017819 (same signup second, channel, region; earliest id survives)"
customers,C900786,merged,"duplicate identity of C001581 (same signup second, channel, region; earliest id survives)"
customers,C900161,merged,"duplicate identity of C010432 (same signup second, channel, region; earliest id survives)"
customers,C900435,merged,"duplicate identity of C012625 (same signup second, channel, region; earliest id survives)"
customers,C900251,merged,"duplicate identity of C019258 (same signup second, channel, region; earliest id survives)"
customers,C900553,merged,"duplicate identity of C012861 (same signup second, channel, region; earliest id survives)"
customers,C900352,merged,"duplicate identity of C001995 (same signup second, channel, region; earliest id survives)"
customers,C900206,merged,"duplicate identity of C004694 (same signup second, channel, region; earliest id survives)"
customers,C900721,merged,"duplicate identity of C008353 (same signup second, channel, region; earliest id survives)"
customers,C900699,merged,"duplicate identity of C018577 (same signup second, channel, region; earliest id survives)"
customers,C900439,merged,"duplicate identity of C015958 (same signup second, channel, region; earliest id survives)"
customers,C900361,merged,"duplicate identity of C018467 (same signup second, channel, region; earliest id survives)"
customers,C900704,merged,"duplicate identity of C002320 (same signup second, channel, region; earliest id survives)"
customers,C900557,merged,"duplicate identity of C015180 (same signup second, channel, region; earliest id survives)"
customers,C900606,merged,"duplicate identity of C018907 (same signup second, channel, region; earliest id survives)"
customers,C900297,merged,"duplicate identity of C017278 (same signup second, channel, region; earliest id survives)"
customers,C900377,merged,"duplicate identity of C007459 (same signup second, channel, region; earliest id survives)"
customers,C900034,merged,"duplicate identity of C012631 (same signup second, channel, region; earliest id survives)"
customers,C900575,merged,"duplicate identity of C009283 (same signup second, channel, region; earliest id survives)"
customers,C900096,merged,"duplicate identity of C012674 (same signup second, channel, region; earliest id survives)"
customers,C900628,merged,"duplicate identity of C009294 (same signup second, channel, region; earliest id survives)"
customers,C900077,merged,"duplicate identity of C014569 (same signup second, channel, region; earliest id survives)"
customers,C900661,merged,"duplicate identity of C006077 (same signup second, channel, region; earliest id survives)"
customers,C900278,merged,"duplicate identity of C013590 (same signup second, channel, region; earliest id survives)"
customers,C900583,merged,"duplicate identity of C001513 (same signup second, channel, region; earliest id survives)"
customers,C900001,merged,"duplicate identity of C010651 (same signup second, channel, region; earliest id survives)"
customers,C900072,merged,"duplicate identity of C001420 (same signup second, channel, region; earliest id survives)"
customers,C900790,merged,"duplicate identity of C009394 (same signup second, channel, region; earliest id survives)"
customers,C900499,merged,"duplicate identity of C017816 (same signup second, channel, region; earliest id survives)"
customers,C900004,merged,"duplicate identity of C001115 (same signup second, channel, region; earliest id survives)"
customers,C900457,merged,"duplicate identity of C011552 (same signup second, channel, region; earliest id survives)"
customers,C900261,merged,"duplicate identity of C010386 (same signup second, channel, region; earliest id survives)"
customers,C900037,merged,"duplicate identity of C013836 (same signup second, channel, region; earliest id survives)"
customers,C900033,merged,"duplicate identity of C016676 (same signup second, channel, region; earliest id survives)"
customers,C900090,merged,"duplicate identity of C010649 (same signup second, channel, region; earliest id survives)"
customers,C900344,merged,"duplicate identity of C008852 (same signup second, channel, region; earliest id survives)"
customers,C900684,merged,"duplicate identity of C003489 (same signup second, channel, region; earliest id survives)"
customers,C900381,merged,"duplicate identity of C018685 (same signup second, channel, region; earliest id survives)"
customers,C900184,merged,"duplicate identity of C013356 (same signup second, channel, region; earliest id survives)"
customers,C900273,merged,"duplicate identity of C008546 (same signup second, channel, region; earliest id survives)"
customers,C900168,merged,"duplicate identity of C000386 (same signup second, channel, region; earliest id survives)"
customers,C900527,merged,"duplicate identity of C013729 (same signup second, channel, region; earliest id survives)"
customers,C900373,merged,"duplicate identity of C002381 (same signup second, channel, region; earliest id survives)"
customers,C900169,merged,"duplicate identity of C004187 (same signup second, channel, region; earliest id survives)"
customers,C900599,merged,"duplicate identity of C009261 (same signup second, channel, region; earliest id survives)"
customers,C900420,merged,"duplicate identity of C013952 (same signup second, channel, region; earliest id survives)"
customers,C900064,merged,"duplicate identity of C017929 (same signup second, channel, region; earliest id survives)"
customers,C900311,merged,"duplicate identity of C011367 (same signup second, channel, region; earliest id survives)"
customers,C900289,merged,"duplicate identity of C012188 (same signup second, channel, region; earliest id survives)"
customers,C900677,merged,"duplicate identity of C007052 (same signup second, channel, region; earliest id survives)"
customers,C900697,merged,"duplicate identity of C004450 (same signup second, channel, region; earliest id survives)"
customers,C900400,merged,"duplicate identity of C007912 (same signup second, channel, region; earliest id survives)"
customers,C900298,merged,"duplicate identity of C005454 (same signup second, channel, region; earliest id survives)"
customers,C900567,merged,"duplicate identity of C007444 (same signup second, channel, region; earliest id survives)"
customers,C900256,merged,"duplicate identity of C014653 (same signup second, channel, region; earliest id survives)"
customers,C900685,merged,"duplicate identity of C004202 (same signup second, channel, region; earliest id survives)"
customers,C900568,merged,"duplicate identity of C008732 (same signup second, channel, region; earliest id survives)"
customers,C900747,merged,"duplicate identity of C019202 (same signup second, channel, region; earliest id survives)"
customers,C900546,merged,"duplicate identity of C009048 (same signup second, channel, region; earliest id survives)"
customers,C900488,merged,"duplicate identity of C006770 (same signup second, channel, region; earliest id survives)"
customers,C900539,merged,"duplicate identity of C010342 (same signup second, channel, region; earliest id survives)"
customers,C900371,merged,"duplicate identity of C012823 (same signup second, channel, region; earliest id survives)"
customers,C900158,merged,"duplicate identity of C012079 (same signup second, channel, region; earliest id survives)"
customers,C900620,merged,"duplicate identity of C013785 (same signup second, channel, region; earliest id survives)"
customers,C900683,merged,"duplicate identity of C017403 (same signup second, channel, region; earliest id survives)"
customers,C900121,merged,"duplicate identity of C008603 (same signup second, channel, region; earliest id survives)"
customers,C900283,merged,"duplicate identity of C001035 (same signup second, channel, region; earliest id survives)"
customers,C900179,merged,"duplicate identity of C013364 (same signup second, channel, region; earliest id survives)"
customers,C900730,merged,"duplicate identity of C014762 (same signup second, channel, region; earliest id survives)"
customers,C900503,merged,"duplicate identity of C013352 (same signup second, channel, region; earliest id survives)"
customers,C900522,merged,"duplicate identity of C017361 (same signup second, channel, region; earliest id survives)"
customers,C900512,merged,"duplicate identity of C014250 (same signup second, channel, region; earliest id survives)"
customers,C900414,merged,"duplicate identity of C000504 (same signup second, channel, region; earliest id survives)"
customers,C900369,merged,"duplicate identity of C019581 (same signup second, channel, region; earliest id survives)"
customers,C900305,merged,"duplicate identity of C017654 (same signup second, channel, region; earliest id survives)"
customers,C900061,merged,"duplicate identity of C007555 (same signup second, channel, region; earliest id survives)"
customers,C900407,merged,"duplicate identity of C016137 (same signup second, channel, region; earliest id survives)"
customers,C900405,merged,"duplicate identity of C004038 (same signup second, channel, region; earliest id survives)"
customers,C900350,merged,"duplicate identity of C006910 (same signup second, channel, region; earliest id survives)"
customers,C900220,merged,"duplicate identity of C014783 (same signup second, channel, region; earliest id survives)"
customers,C900063,merged,"duplicate identity of C017060 (same signup second, channel, region; earliest id survives)"
customers,C900686,merged,"duplicate identity of C018506 (same signup second, channel, region; earliest id survives)"
customers,C900069,merged,"duplicate identity of C012122 (same signup second, channel, region; earliest id survives)"
customers,C900370,merged,"duplicate identity of C019286 (same signup second, channel, region; earliest id survives)"
customers,C900787,merged,"duplicate identity of C007285 (same signup second, channel, region; earliest id survives)"
customers,C900756,merged,"duplicate identity of C004286 (same signup second, channel, region; earliest id survives)"
customers,C900762,merged,"duplicate identity of C000500 (same signup second, channel, region; earliest id survives)"
customers,C900217,merged,"duplicate identity of C006312 (same signup second, channel, region; earliest id survives)"
customers,C900652,merged,"duplicate identity of C013812 (same signup second, channel, region; earliest id survives)"
customers,C900607,merged,"duplicate identity of C014284 (same signup second, channel, region; earliest id survives)"
customers,C900389,merged,"duplicate identity of C013949 (same signup second, channel, region; earliest id survives)"
customers,C900050,merged,"duplicate identity of C004059 (same signup second, channel, region; earliest id survives)"
customers,C900476,merged,"duplicate identity of C008583 (same signup second, channel, region; earliest id survives)"
customers,C900422,merged,"duplicate identity of C017988 (same signup second, channel, region; earliest id survives)"
customers,C900059,merged,"duplicate identity of C015783 (same signup second, channel, region; earliest id survives)"
customers,C900693,merged,"duplicate identity of C009705 (same signup second, channel, region; earliest id survives)"
customers,C900750,merged,"duplicate identity of C014031 (same signup second, channel, region; earliest id survives)"
customers,C900504,merged,"duplicate identity of C004975 (same signup second, channel, region; earliest id survives)"
customers,C900648,merged,"duplicate identity of C014307 (same signup second, channel, region; earliest id survives)"
customers,C900401,merged,"duplicate identity of C002767 (same signup second, channel, region; earliest id survives)"
customers,C900596,merged,"duplicate identity of C001403 (same signup second, channel, region; earliest id survives)"
customers,C900454,merged,"duplicate identity of C000342 (same signup second, channel, region; earliest id survives)"
customers,C900264,merged,"duplicate identity of C001963 (same signup second, channel, region; earliest id survives)"
customers,C900528,merged,"duplicate identity of C009894 (same signup second, channel, region; earliest id survives)"
customers,C900748,merged,"duplicate identity of C006693 (same signup second, channel, region; earliest id survives)"
customers,C900402,merged,"duplicate identity of C014866 (same signup second, channel, region; earliest id survives)"
customers,C900778,merged,"duplicate identity of C015635 (same signup second, channel, region; earliest id survives)"
customers,C900124,merged,"duplicate identity of C007440 (same signup second, channel, region; earliest id survives)"
customers,C900561,merged,"duplicate identity of C005006 (same signup second, channel, region; earliest id survives)"
customers,C900003,merged,"duplicate identity of C008669 (same signup second, channel, region; earliest id survives)"
customers,C900437,merged,"duplicate identity of C007182 (same signup second, channel, region; earliest id survives)"
customers,C900629,merged,"duplicate identity of C017748 (same signup second, channel, region; earliest id survives)"
customers,C900640,merged,"duplicate identity of C016193 (same signup second, channel, region; earliest id survives)"
customers,C900070,merged,"duplicate identity of C018495 (same signup second, channel, region; earliest id survives)"
customers,C900240,merged,"duplicate identity of C014481 (same signup second, channel, region; earliest id survives)"
customers,C900755,merged,"duplicate identity of C003051 (same signup second, channel, region; earliest id survives)"
customers,C900475,merged,"duplicate identity of C004982 (same signup second, channel, region; earliest id survives)"
customers,C900201,merged,"duplicate identity of C015485 (same signup second, channel, region; earliest id survives)"
customers,C900531,merged,"duplicate identity of C014205 (same signup second, channel, region; earliest id survives)"
customers,C900098,merged,"duplicate identity of C014002 (same signup second, channel, region; earliest id survives)"
customers,C900058,merged,"duplicate identity of C011264 (same signup second, channel, region; earliest id survives)"
customers,C900615,merged,"duplicate identity of C012292 (same signup second, channel, region; earliest id survives)"
customers,C900126,merged,"duplicate identity of C002301 (same signup second, channel, region; earliest id survives)"
customers,C900498,merged,"duplicate identity of C000248 (same signup second, channel, region; earliest id survives)"
customers,C900560,merged,"duplicate identity of C002744 (same signup second, channel, region; earliest id survives)"
customers,C900770,merged,"duplicate identity of C013685 (same signup second, channel, region; earliest id survives)"
customers,C900245,merged,"duplicate identity of C010646 (same signup second, channel, region; earliest id survives)"
customers,C900757,merged,"duplicate identity of C017542 (same signup second, channel, region; earliest id survives)"
customers,C900241,merged,"duplicate identity of C019827 (same signup second, channel, region; earliest id survives)"
customers,C900197,merged,"duplicate identity of C001693 (same signup second, channel, region; earliest id survives)"
customers,C900536,merged,"duplicate identity of C002715 (same signup second, channel, region; earliest id survives)"
customers,C900304,merged,"duplicate identity of C008967 (same signup second, channel, region; earliest id survives)"
customers,C900108,merged,"duplicate identity of C016616 (same signup second, channel, region; earliest id survives)"
customers,C900020,merged,"duplicate identity of C000323 (same signup second, channel, region; earliest id survives)"
customers,C900505,merged,"duplicate identity of C003499 (same signup second, channel, region; earliest id survives)"
customers,C900068,merged,"duplicate identity of C003025 (same signup second, channel, region; earliest id survives)"
customers,C900573,merged,"duplicate identity of C002009 (same signup second, channel, region; earliest id survives)"
customers,C900351,merged,"duplicate identity of C000739 (same signup second, channel, region; earliest id survives)"
customers,C900025,merged,"duplicate identity of C009120 (same signup second, channel, region; earliest id survives)"
customers,C900307,merged,"duplicate identity of C019715 (same signup second, channel, region; earliest id survives)"
customers,C900781,merged,"duplicate identity of C015058 (same signup second, channel, region; earliest id survives)"
customers,C900675,merged,"duplicate identity of C015487 (same signup second, channel, region; earliest id survives)"
customers,C900641,merged,"duplicate identity of C002627 (same signup second, channel, region; earliest id survives)"
customers,C900103,merged,"duplicate identity of C004485 (same signup second, channel, region; earliest id survives)"
customers,C900248,merged,"duplicate identity of C005744 (same signup second, channel, region; earliest id survives)"
customers,C900728,merged,"duplicate identity of C015132 (same signup second, channel, region; earliest id survives)"
customers,C900612,merged,"duplicate identity of C002831 (same signup second, channel, region; earliest id survives)"
customers,C900041,merged,"duplicate identity of C015441 (same signup second, channel, region; earliest id survives)"
customers,C900784,merged,"duplicate identity of C018077 (same signup second, channel, region; earliest id survives)"
customers,C900195,merged,"duplicate identity of C000937 (same signup second, channel, region; earliest id survives)"
customers,C900319,merged,"duplicate identity of C019146 (same signup second, channel, region; earliest id survives)"
customers,C900798,merged,"duplicate identity of C002974 (same signup second, channel, region; earliest id survives)"
customers,C900664,merged,"duplicate identity of C016880 (same signup second, channel, region; earliest id survives)"
customers,C900375,merged,"duplicate identity of C003462 (same signup second, channel, region; earliest id survives)"
customers,C900785,merged,"duplicate identity of C007485 (same signup second, channel, region; earliest id survives)"
customers,C900580,merged,"duplicate identity of C018552 (same signup second, channel, region; earliest id survives)"
customers,C900710,merged,"duplicate identity of C005395 (same signup second, channel, region; earliest id survives)"
customers,C900479,merged,"duplicate identity of C017184 (same signup second, channel, region; earliest id survives)"
customers,C900630,merged,"duplicate identity of C006163 (same signup second, channel, region; earliest id survives)"
customers,C900659,merged,"duplicate identity of C010880 (same signup second, channel, region; earliest id survives)"
customers,C900107,merged,"duplicate identity of C012187 (same signup second, channel, region; earliest id survives)"
customers,C900614,merged,"duplicate identity of C014178 (same signup second, channel, region; earliest id survives)"
customers,C900533,merged,"duplicate identity of C008197 (same signup second, channel, region; earliest id survives)"
customers,C900665,merged,"duplicate identity of C005715 (same signup second, channel, region; earliest id survives)"
customers,C900232,merged,"duplicate identity of C004741 (same signup second, channel, region; earliest id survives)"
customers,C900023,merged,"duplicate identity of C019025 (same signup second, channel, region; earliest id survives)"
customers,C900600,merged,"duplicate identity of C003722 (same signup second, channel, region; earliest id survives)"
customers,C900496,merged,"duplicate identity of C017478 (same signup second, channel, region; earliest id survives)"
customers,C900502,merged,"duplicate identity of C012493 (same signup second, channel, region; earliest id survives)"
customers,C900717,merged,"duplicate identity of C016862 (same signup second, channel, region; earliest id survives)"
customers,C900035,merged,"duplicate identity of C011444 (same signup second, channel, region; earliest id survives)"
customers,C900619,merged,"duplicate identity of C002933 (same signup second, channel, region; earliest id survives)"
customers,C900413,merged,"duplicate identity of C005996 (same signup second, channel, region; earliest id survives)"
customers,C900214,merged,"duplicate identity of C008214 (same signup second, channel, region; earliest id survives)"
customers,C900403,merged,"duplicate identity of C016507 (same signup second, channel, region; earliest id survives)"
customers,C900062,merged,"duplicate identity of C010499 (same signup second, channel, region; earliest id survives)"
customers,C900332,merged,"duplicate identity of C009441 (same signup second, channel, region; earliest id survives)"
customers,C900094,merged,"duplicate identity of C001347 (same signup second, channel, region; earliest id survives)"
customers,C900510,merged,"duplicate identity of C006735 (same signup second, channel, region; earliest id survives)"
customers,C900471,merged,"duplicate identity of C000410 (same signup second, channel, region; earliest id survives)"
customers,C900182,merged,"duplicate identity of C009544 (same signup second, channel, region; earliest id survives)"
customers,C900473,merged,"duplicate identity of C002704 (same signup second, channel, region; earliest id survives)"
customers,C900260,merged,"duplicate identity of C004623 (same signup second, channel, region; earliest id survives)"
customers,C900576,merged,"duplicate identity of C007790 (same signup second, channel, region; earliest id survives)"
customers,C900451,merged,"duplicate identity of C006386 (same signup second, channel, region; earliest id survives)"
customers,C900353,merged,"duplicate identity of C000120 (same signup second, channel, region; earliest id survives)"
customers,C900736,merged,"duplicate identity of C016263 (same signup second, channel, region; earliest id survives)"
customers,C900572,merged,"duplicate identity of C011420 (same signup second, channel, region; earliest id survives)"
customers,C900171,merged,"duplicate identity of C002196 (same signup second, channel, region; earliest id survives)"
customers,C900247,merged,"duplicate identity of C017726 (same signup second, channel, region; earliest id survives)"
customers,C900347,merged,"duplicate identity of C011379 (same signup second, channel, region; earliest id survives)"
customers,C900788,merged,"duplicate identity of C019828 (same signup second, channel, region; earliest id survives)"
customers,C900658,merged,"duplicate identity of C004878 (same signup second, channel, region; earliest id survives)"
customers,C900027,merged,"duplicate identity of C016061 (same signup second, channel, region; earliest id survives)"
customers,C900585,merged,"duplicate identity of C018212 (same signup second, channel, region; earliest id survives)"
customers,C900777,merged,"duplicate identity of C018203 (same signup second, channel, region; earliest id survives)"
customers,C900461,merged,"duplicate identity of C011698 (same signup second, channel, region; earliest id survives)"
customers,C900295,merged,"duplicate identity of C014946 (same signup second, channel, region; earliest id survives)"
customers,C900228,merged,"duplicate identity of C015730 (same signup second, channel, region; earliest id survives)"
customers,C900538,merged,"duplicate identity of C009530 (same signup second, channel, region; earliest id survives)"
customers,C900384,merged,"duplicate identity of C000475 (same signup second, channel, region; earliest id survives)"
customers,C900376,merged,"duplicate identity of C015232 (same signup second, channel, region; earliest id survives)"
customers,C900577,merged,"duplicate identity of C003849 (same signup second, channel, region; earliest id survives)"
customers,C900423,merged,"duplicate identity of C013436 (same signup second, channel, region; earliest id survives)"
customers,C900535,merged,"duplicate identity of C008144 (same signup second, channel, region; earliest id survives)"
customers,C900331,merged,"duplicate identity of C009114 (same signup second, channel, region; earliest id survives)"
customers,C900486,merged,"duplicate identity of C006718 (same signup second, channel, region; earliest id survives)"
customers,C900114,merged,"duplicate identity of C019648 (same signup second, channel, region; earliest id survives)"
customers,C900525,merged,"duplicate identity of C017586 (same signup second, channel, region; earliest id survives)"
customers,C900464,merged,"duplicate identity of C016071 (same signup second, channel, region; earliest id survives)"
customers,C900091,merged,"duplicate identity of C007568 (same signup second, channel, region; earliest id survives)"
customers,C900691,merged,"duplicate identity of C018690 (same signup second, channel, region; earliest id survives)"
customers,C900715,merged,"duplicate identity of C001053 (same signup second, channel, region; earliest id survives)"
customers,C900054,merged,"duplicate identity of C013420 (same signup second, channel, region; earliest id survives)"
customers,C900180,merged,"duplicate identity of C008073 (same signup second, channel, region; earliest id survives)"
customers,C900186,merged,"duplicate identity of C002849 (same signup second, channel, region; earliest id survives)"
customers,C900282,merged,"duplicate identity of C013378 (same signup second, channel, region; earliest id survives)"
customers,C900011,merged,"duplicate identity of C003526 (same signup second, channel, region; earliest id survives)"
customers,C900142,merged,"duplicate identity of C015646 (same signup second, channel, region; earliest id survives)"
customers,C900491,merged,"duplicate identity of C018766 (same signup second, channel, region; earliest id survives)"
customers,C900310,merged,"duplicate identity of C019545 (same signup second, channel, region; earliest id survives)"
customers,C900314,merged,"duplicate identity of C006353 (same signup second, channel, region; earliest id survives)"
customers,C900723,merged,"duplicate identity of C019376 (same signup second, channel, region; earliest id survives)"
customers,C900284,merged,"duplicate identity of C010843 (same signup second, channel, region; earliest id survives)"
customers,C900740,merged,"duplicate identity of C002999 (same signup second, channel, region; earliest id survives)"
customers,C900617,merged,"duplicate identity of C016895 (same signup second, channel, region; earliest id survives)"
customers,C900469,merged,"duplicate identity of C008874 (same signup second, channel, region; earliest id survives)"
customers,C900550,merged,"duplicate identity of C016118 (same signup second, channel, region; earliest id survives)"
customers,C900668,merged,"duplicate identity of C013303 (same signup second, channel, region; earliest id survives)"
customers,C900039,merged,"duplicate identity of C018740 (same signup second, channel, region; earliest id survives)"
customers,C900743,merged,"duplicate identity of C007338 (same signup second, channel, region; earliest id survives)"
customers,C900637,merged,"duplicate identity of C004833 (same signup second, channel, region; earliest id survives)"
customers,C900249,merged,"duplicate identity of C012681 (same signup second, channel, region; earliest id survives)"
customers,C900080,merged,"duplicate identity of C007714 (same signup second, channel, region; earliest id survives)"
customers,C900170,merged,"duplicate identity of C005346 (same signup second, channel, region; earliest id survives)"
customers,C900489,merged,"duplicate identity of C007162 (same signup second, channel, region; earliest id survives)"
customers,C900287,merged,"duplicate identity of C010980 (same signup second, channel, region; earliest id survives)"
customers,C900188,merged,"duplicate identity of C007723 (same signup second, channel, region; earliest id survives)"
customers,C900462,merged,"duplicate identity of C010052 (same signup second, channel, region; earliest id survives)"
customers,C900127,merged,"duplicate identity of C007667 (same signup second, channel, region; earliest id survives)"
customers,C900396,merged,"duplicate identity of C014901 (same signup second, channel, region; earliest id survives)"
customers,C900432,merged,"duplicate identity of C008958 (same signup second, channel, region; earliest id survives)"
customers,C900292,merged,"duplicate identity of C000994 (same signup second, channel, region; earliest id survives)"
customers,C900106,merged,"duplicate identity of C002713 (same signup second, channel, region; earliest id survives)"
customers,C900397,merged,"duplicate identity of C011227 (same signup second, channel, region; earliest id survives)"
customers,C900478,merged,"duplicate identity of C017518 (same signup second, channel, region; earliest id survives)"
customers,C900345,merged,"duplicate identity of C018409 (same signup second, channel, region; earliest id survives)"
customers,C900339,merged,"duplicate identity of C015684 (same signup second, channel, region; earliest id survives)"
customers,C900651,merged,"duplicate identity of C001806 (same signup second, channel, region; earliest id survives)"
customers,C900530,merged,"duplicate identity of C002239 (same signup second, channel, region; earliest id survives)"
customers,C900073,merged,"duplicate identity of C006210 (same signup second, channel, region; earliest id survives)"
customers,C900159,merged,"duplicate identity of C006688 (same signup second, channel, region; earliest id survives)"
customers,C900294,merged,"duplicate identity of C014846 (same signup second, channel, region; earliest id survives)"
customers,C900417,merged,"duplicate identity of C009641 (same signup second, channel, region; earliest id survives)"
customers,C900071,merged,"duplicate identity of C005484 (same signup second, channel, region; earliest id survives)"
customers,C900227,merged,"duplicate identity of C005358 (same signup second, channel, region; earliest id survives)"
customers,C900154,merged,"duplicate identity of C019076 (same signup second, channel, region; earliest id survives)"
customers,C900048,merged,"duplicate identity of C003670 (same signup second, channel, region; earliest id survives)"
customers,C900316,merged,"duplicate identity of C003777 (same signup second, channel, region; earliest id survives)"
customers,C900174,merged,"duplicate identity of C001078 (same signup second, channel, region; earliest id survives)"
customers,C900131,merged,"duplicate identity of C009758 (same signup second, channel, region; earliest id survives)"
customers,C900233,merged,"duplicate identity of C002815 (same signup second, channel, region; earliest id survives)"
customers,C900038,merged,"duplicate identity of C003435 (same signup second, channel, region; earliest id survives)"
customers,C900202,merged,"duplicate identity of C005793 (same signup second, channel, region; earliest id survives)"
customers,C900622,merged,"duplicate identity of C012951 (same signup second, channel, region; earliest id survives)"
customers,C900447,merged,"duplicate identity of C009515 (same signup second, channel, region; earliest id survives)"
customers,C900044,merged,"duplicate identity of C000972 (same signup second, channel, region; earliest id survives)"
customers,C900387,merged,"duplicate identity of C018288 (same signup second, channel, region; earliest id survives)"
customers,C900386,merged,"duplicate identity of C006483 (same signup second, channel, region; earliest id survives)"
customers,C900006,merged,"duplicate identity of C011964 (same signup second, channel, region; earliest id survives)"
customers,C900151,merged,"duplicate identity of C004937 (same signup second, channel, region; earliest id survives)"
customers,C900727,merged,"duplicate identity of C002778 (same signup second, channel, region; earliest id survives)"
customers,C900324,merged,"duplicate identity of C007764 (same signup second, channel, region; earliest id survives)"
customers,C900399,merged,"duplicate identity of C007921 (same signup second, channel, region; earliest id survives)"
customers,C900250,merged,"duplicate identity of C014584 (same signup second, channel, region; earliest id survives)"
customers,C900368,merged,"duplicate identity of C015274 (same signup second, channel, region; earliest id survives)"
customers,C900443,merged,"duplicate identity of C010251 (same signup second, channel, region; earliest id survives)"
customers,C900738,merged,"duplicate identity of C015338 (same signup second, channel, region; earliest id survives)"
customers,C900604,merged,"duplicate identity of C009532 (same signup second, channel, region; earliest id survives)"
customers,C900183,merged,"duplicate identity of C019095 (same signup second, channel, region; earliest id survives)"
customers,C900679,merged,"duplicate identity of C005352 (same signup second, channel, region; earliest id survives)"
customers,C900626,merged,"duplicate identity of C019607 (same signup second, channel, region; earliest id survives)"
customers,C900559,merged,"duplicate identity of C016298 (same signup second, channel, region; earliest id survives)"
customers,C900095,merged,"duplicate identity of C013125 (same signup second, channel, region; earliest id survives)"
customers,C900448,merged,"duplicate identity of C004611 (same signup second, channel, region; earliest id survives)"
customers,C900433,merged,"duplicate identity of C000116 (same signup second, channel, region; earliest id survives)"
customers,C900602,merged,"duplicate identity of C019737 (same signup second, channel, region; earliest id survives)"
customers,C900372,merged,"duplicate identity of C003074 (same signup second, channel, region; earliest id survives)"
customers,C900558,merged,"duplicate identity of C005924 (same signup second, channel, region; earliest id survives)"
customers,C900751,merged,"duplicate identity of C003107 (same signup second, channel, region; earliest id survives)"
customers,C900112,merged,"duplicate identity of C009852 (same signup second, channel, region; earliest id survives)"
customers,C900519,merged,"duplicate identity of C005100 (same signup second, channel, region; earliest id survives)"
customers,C900355,merged,"duplicate identity of C017610 (same signup second, channel, region; earliest id survives)"
customers,C900132,merged,"duplicate identity of C012015 (same signup second, channel, region; earliest id survives)"
customers,C900676,merged,"duplicate identity of C002178 (same signup second, channel, region; earliest id survives)"
customers,C900259,merged,"duplicate identity of C017649 (same signup second, channel, region; earliest id survives)"
customers,C900485,merged,"duplicate identity of C001906 (same signup second, channel, region; earliest id survives)"
customers,C900556,merged,"duplicate identity of C019916 (same signup second, channel, region; earliest id survives)"
customers,C900455,merged,"duplicate identity of C000829 (same signup second, channel, region; earliest id survives)"
customers,C900105,merged,"duplicate identity of C004771 (same signup second, channel, region; earliest id survives)"
customers,C900540,merged,"duplicate identity of C015291 (same signup second, channel, region; earliest id survives)"
customers,C900458,merged,"duplicate identity of C009528 (same signup second, channel, region; earliest id survives)"
customers,C900141,merged,"duplicate identity of C013657 (same signup second, channel, region; earliest id survives)"
customers,C900226,merged,"duplicate identity of C006814 (same signup second, channel, region; earliest id survives)"
customers,C900597,merged,"duplicate identity of C016322 (same signup second, channel, region; earliest id survives)"
customers,C900210,merged,"duplicate identity of C004746 (same signup second, channel, region; earliest id survives)"
customers,C900014,merged,"duplicate identity of C016297 (same signup second, channel, region; earliest id survives)"
customers,C900365,merged,"duplicate identity of C000128 (same signup second, channel, region; earliest id survives)"
customers,C900477,merged,"duplicate identity of C007668 (same signup second, channel, region; earliest id survives)"
customers,C900732,merged,"duplicate identity of C003450 (same signup second, channel, region; earliest id survives)"
customers,C900698,merged,"duplicate identity of C011263 (same signup second, channel, region; earliest id survives)"
customers,C900160,merged,"duplicate identity of C006419 (same signup second, channel, region; earliest id survives)"
customers,C900231,merged,"duplicate identity of C014933 (same signup second, channel, region; earliest id survives)"
customers,C900178,merged,"duplicate identity of C019718 (same signup second, channel, region; earliest id survives)"
customers,C900322,merged,"duplicate identity of C004338 (same signup second, channel, region; earliest id survives)"
customers,C900548,merged,"duplicate identity of C017665 (same signup second, channel, region; earliest id survives)"
customers,C900441,merged,"duplicate identity of C015279 (same signup second, channel, region; earliest id survives)"
customers,C900426,merged,"duplicate identity of C008130 (same signup second, channel, region; earliest id survives)"
customers,C900268,merged,"duplicate identity of C010953 (same signup second, channel, region; earliest id survives)"
customers,C900609,merged,"duplicate identity of C009050 (same signup second, channel, region; earliest id survives)"
customers,C900688,merged,"duplicate identity of C016599 (same signup second, channel, region; earliest id survives)"
customers,C900281,merged,"duplicate identity of C009771 (same signup second, channel, region; earliest id survives)"
customers,C900363,merged,"duplicate identity of C003482 (same signup second, channel, region; earliest id survives)"
customers,C900521,merged,"duplicate identity of C013260 (same signup second, channel, region; earliest id survives)"
customers,C900224,merged,"duplicate identity of C011541 (same signup second, channel, region; earliest id survives)"
customers,C900791,merged,"duplicate identity of C002699 (same signup second, channel, region; earliest id survives)"
customers,C900782,merged,"duplicate identity of C000060 (same signup second, channel, region; earliest id survives)"
customers,C900644,merged,"duplicate identity of C006889 (same signup second, channel, region; earliest id survives)"
customers,C900624,merged,"duplicate identity of C017515 (same signup second, channel, region; earliest id survives)"
customers,C900398,merged,"duplicate identity of C019133 (same signup second, channel, region; earliest id survives)"
customers,C900337,merged,"duplicate identity of C016973 (same signup second, channel, region; earliest id survives)"
customers,C900203,merged,"duplicate identity of C012267 (same signup second, channel, region; earliest id survives)"
customers,C900030,merged,"duplicate identity of C003650 (same signup second, channel, region; earliest id survives)"
customers,C900481,merged,"duplicate identity of C018154 (same signup second, channel, region; earliest id survives)"
customers,C900722,merged,"duplicate identity of C017459 (same signup second, channel, region; earliest id survives)"
customers,C900208,merged,"duplicate identity of C005108 (same signup second, channel, region; earliest id survives)"
customers,C900147,merged,"duplicate identity of C015156 (same signup second, channel, region; earliest id survives)"
customers,C900253,merged,"duplicate identity of C001028 (same signup second, channel, region; earliest id survives)"
customers,C900215,merged,"duplicate identity of C001093 (same signup second, channel, region; earliest id survives)"
customers,C900542,merged,"duplicate identity of C004981 (same signup second, channel, region; earliest id survives)"
customers,C900775,merged,"duplicate identity of C002421 (same signup second, channel, region; earliest id survives)"
customers,C900670,merged,"duplicate identity of C007361 (same signup second, channel, region; earliest id survives)"
customers,C900075,merged,"duplicate identity of C016144 (same signup second, channel, region; earliest id survives)"
customers,C900028,merged,"duplicate identity of C010121 (same signup second, channel, region; earliest id survives)"
customers,C900605,merged,"duplicate identity of C017731 (same signup second, channel, region; earliest id survives)"
customers,C900708,merged,"duplicate identity of C011341 (same signup second, channel, region; earliest id survives)"
customers,C900243,merged,"duplicate identity of C001007 (same signup second, channel, region; earliest id survives)"
customers,C900258,merged,"duplicate identity of C015784 (same signup second, channel, region; earliest id survives)"
customers,C900047,merged,"duplicate identity of C013138 (same signup second, channel, region; earliest id survives)"
customers,C900586,merged,"duplicate identity of C003734 (same signup second, channel, region; earliest id survives)"
customers,C900036,merged,"duplicate identity of C012158 (same signup second, channel, region; earliest id survives)"
customers,C900506,merged,"duplicate identity of C013443 (same signup second, channel, region; earliest id survives)"
customers,C900016,merged,"duplicate identity of C005253 (same signup second, channel, region; earliest id survives)"
customers,C900719,merged,"duplicate identity of C010505 (same signup second, channel, region; earliest id survives)"
customers,C900625,merged,"duplicate identity of C011293 (same signup second, channel, region; earliest id survives)"
customers,C900450,merged,"duplicate identity of C016947 (same signup second, channel, region; earliest id survives)"
customers,C900057,merged,"duplicate identity of C009865 (same signup second, channel, region; earliest id survives)"
customers,C900520,merged,"duplicate identity of C009513 (same signup second, channel, region; earliest id survives)"
customers,C900584,merged,"duplicate identity of C002749 (same signup second, channel, region; earliest id survives)"
customers,C900221,merged,"duplicate identity of C001531 (same signup second, channel, region; earliest id survives)"
customers,C900694,merged,"duplicate identity of C006915 (same signup second, channel, region; earliest id survives)"
customers,C900608,merged,"duplicate identity of C004075 (same signup second, channel, region; earliest id survives)"
customers,C900631,merged,"duplicate identity of C009759 (same signup second, channel, region; earliest id survives)"
customers,C900621,merged,"duplicate identity of C016076 (same signup second, channel, region; earliest id survives)"
customers,C900255,merged,"duplicate identity of C018573 (same signup second, channel, region; earliest id survives)"
customers,C900360,merged,"duplicate identity of C010538 (same signup second, channel, region; earliest id survives)"
customers,C900129,merged,"duplicate identity of C012023 (same signup second, channel, region; earliest id survives)"
customers,C900511,merged,"duplicate identity of C012984 (same signup second, channel, region; earliest id survives)"
customers,C900117,merged,"duplicate identity of C009611 (same signup second, channel, region; earliest id survives)"
customers,C900783,merged,"duplicate identity of C004203 (same signup second, channel, region; earliest id survives)"
customers,C900150,merged,"duplicate identity of C001969 (same signup second, channel, region; earliest id survives)"
customers,C900657,merged,"duplicate identity of C008576 (same signup second, channel, region; earliest id survives)"
customers,C900483,merged,"duplicate identity of C017037 (same signup second, channel, region; earliest id survives)"
customers,C900089,merged,"duplicate identity of C006196 (same signup second, channel, region; earliest id survives)"
customers,C900735,merged,"duplicate identity of C003036 (same signup second, channel, region; earliest id survives)"
customers,C900569,merged,"duplicate identity of C014405 (same signup second, channel, region; earliest id survives)"
customers,C900218,merged,"duplicate identity of C009013 (same signup second, channel, region; earliest id survives)"
customers,C900342,merged,"duplicate identity of C011585 (same signup second, channel, region; earliest id survives)"
customers,C900588,merged,"duplicate identity of C002347 (same signup second, channel, region; earliest id survives)"
customers,C900696,merged,"duplicate identity of C004032 (same signup second, channel, region; earliest id survives)"
customers,C900341,merged,"duplicate identity of C005747 (same signup second, channel, region; earliest id survives)"
customers,C900374,merged,"duplicate identity of C002484 (same signup second, channel, region; earliest id survives)"
customers,C900111,merged,"duplicate identity of C012620 (same signup second, channel, region; earliest id survives)"
customers,C900067,merged,"duplicate identity of C004520 (same signup second, channel, region; earliest id survives)"
customers,C900758,merged,"duplicate identity of C012247 (same signup second, channel, region; earliest id survives)"
customers,C900269,merged,"duplicate identity of C004334 (same signup second, channel, region; earliest id survives)"
customers,C900315,merged,"duplicate identity of C004008 (same signup second, channel, region; earliest id survives)"
customers,C900797,merged,"duplicate identity of C007158 (same signup second, channel, region; earliest id survives)"
customers,C900128,merged,"duplicate identity of C005805 (same signup second, channel, region; earliest id survives)"
customers,C900562,merged,"duplicate identity of C018717 (same signup second, channel, region; earliest id survives)"
customers,C900024,merged,"duplicate identity of C017554 (same signup second, channel, region; earliest id survives)"
customers,C900737,merged,"duplicate identity of C016818 (same signup second, channel, region; earliest id survives)"
customers,C900313,merged,"duplicate identity of C013080 (same signup second, channel, region; earliest id survives)"
customers,C900237,merged,"duplicate identity of C010036 (same signup second, channel, region; earliest id survives)"
customers,C900172,merged,"duplicate identity of C014991 (same signup second, channel, region; earliest id survives)"
customers,C900745,merged,"duplicate identity of C004506 (same signup second, channel, region; earliest id survives)"
customers,C900509,merged,"duplicate identity of C006238 (same signup second, channel, region; earliest id survives)"
customers,C900078,merged,"duplicate identity of C000981 (same signup second, channel, region; earliest id survives)"
customers,C900767,merged,"duplicate identity of C013684 (same signup second, channel, region; earliest id survives)"
customers,C900493,merged,"duplicate identity of C001273 (same signup second, channel, region; earliest id survives)"
customers,C900343,merged,"duplicate identity of C006271 (same signup second, channel, region; earliest id survives)"
customers,C900390,merged,"duplicate identity of C008892 (same signup second, channel, region; earliest id survives)"
customers,C900267,merged,"duplicate identity of C009676 (same signup second, channel, region; earliest id survives)"
customers,C900099,merged,"duplicate identity of C018622 (same signup second, channel, region; earliest id survives)"
customers,C900472,merged,"duplicate identity of C003796 (same signup second, channel, region; earliest id survives)"
customers,C900046,merged,"duplicate identity of C019731 (same signup second, channel, region; earliest id survives)"
customers,C900309,merged,"duplicate identity of C010808 (same signup second, channel, region; earliest id survives)"
customers,C900638,merged,"duplicate identity of C009392 (same signup second, channel, region; earliest id survives)"
customers,C900724,merged,"duplicate identity of C004725 (same signup second, channel, region; earliest id survives)"
customers,C900746,merged,"duplicate identity of C018427 (same signup second, channel, region; earliest id survives)"
customers,C900449,merged,"duplicate identity of C005118 (same signup second, channel, region; earliest id survives)"
customers,C900165,merged,"duplicate identity of C008863 (same signup second, channel, region; earliest id survives)"
customers,C900438,merged,"duplicate identity of C001711 (same signup second, channel, region; earliest id survives)"
customers,C900277,merged,"duplicate identity of C015631 (same signup second, channel, region; earliest id survives)"
customers,C900391,merged,"duplicate identity of C012522 (same signup second, channel, region; earliest id survives)"
customers,C900513,merged,"duplicate identity of C011983 (same signup second, channel, region; earliest id survives)"
customers,C900242,merged,"duplicate identity of C009624 (same signup second, channel, region; earliest id survives)"
customers,C900705,merged,"duplicate identity of C012784 (same signup second, channel, region; earliest id survives)"
customers,C900367,merged,"duplicate identity of C010611 (same signup second, channel, region; earliest id survives)"
customers,C900753,merged,"duplicate identity of C018357 (same signup second, channel, region; earliest id survives)"
customers,C900185,merged,"duplicate identity of C018632 (same signup second, channel, region; earliest id survives)"
customers,C900385,merged,"duplicate identity of C008609 (same signup second, channel, region; earliest id survives)"
customers,C900613,merged,"duplicate identity of C010496 (same signup second, channel, region; earliest id survives)"
customers,C900711,merged,"duplicate identity of C008026 (same signup second, channel, region; earliest id survives)"
customers,C900523,merged,"duplicate identity of C017038 (same signup second, channel, region; earliest id survives)"
customers,C900222,merged,"duplicate identity of C013592 (same signup second, channel, region; earliest id survives)"
customers,C900323,merged,"duplicate identity of C008118 (same signup second, channel, region; earliest id survives)"
customers,C900272,merged,"duplicate identity of C018822 (same signup second, channel, region; earliest id survives)"
customers,C900419,merged,"duplicate identity of C005383 (same signup second, channel, region; earliest id survives)"
customers,C900146,merged,"duplicate identity of C017411 (same signup second, channel, region; earliest id survives)"
customers,C900514,merged,"duplicate identity of C005923 (same signup second, channel, region; earliest id survives)"
customers,C900212,merged,"duplicate identity of C017396 (same signup second, channel, region; earliest id survives)"
customers,C900592,merged,"duplicate identity of C017948 (same signup second, channel, region; earliest id survives)"
customers,C900610,merged,"duplicate identity of C006439 (same signup second, channel, region; earliest id survives)"
customers,C900587,merged,"duplicate identity of C007655 (same signup second, channel, region; earliest id survives)"
customers,C900162,merged,"duplicate identity of C009983 (same signup second, channel, region; earliest id survives)"
customers,C900742,merged,"duplicate identity of C002266 (same signup second, channel, region; earliest id survives)"
customers,C900123,merged,"duplicate identity of C004992 (same signup second, channel, region; earliest id survives)"
customers,C900695,merged,"duplicate identity of C014038 (same signup second, channel, region; earliest id survives)"
customers,C900524,merged,"duplicate identity of C003336 (same signup second, channel, region; earliest id survives)"
customers,C900424,merged,"duplicate identity of C007726 (same signup second, channel, region; earliest id survives)"
customers,C900005,merged,"duplicate identity of C013903 (same signup second, channel, region; earliest id survives)"
customers,C900534,merged,"duplicate identity of C004707 (same signup second, channel, region; earliest id survives)"
customers,C900482,merged,"duplicate identity of C007500 (same signup second, channel, region; earliest id survives)"
customers,C900582,merged,"duplicate identity of C004195 (same signup second, channel, region; earliest id survives)"
customers,C900595,merged,"duplicate identity of C005199 (same signup second, channel, region; earliest id survives)"
customers,C900333,merged,"duplicate identity of C001740 (same signup second, channel, region; earliest id survives)"
customers,C900327,merged,"duplicate identity of C000439 (same signup second, channel, region; earliest id survives)"
customers,C900125,merged,"duplicate identity of C009326 (same signup second, channel, region; earliest id survives)"
customers,C900274,merged,"duplicate identity of C015975 (same signup second, channel, region; earliest id survives)"
customers,C900713,merged,"duplicate identity of C004591 (same signup second, channel, region; earliest id survives)"
customers,C900326,merged,"duplicate identity of C013652 (same signup second, channel, region; earliest id survives)"
customers,C900330,merged,"duplicate identity of C003753 (same signup second, channel, region; earliest id survives)"
customers,C900193,merged,"duplicate identity of C007435 (same signup second, channel, region; earliest id survives)"
customers,C900286,merged,"duplicate identity of C010422 (same signup second, channel, region; earliest id survives)"
customers,C900593,merged,"duplicate identity of C017763 (same signup second, channel, region; earliest id survives)"
customers,C900603,merged,"duplicate identity of C008122 (same signup second, channel, region; earliest id survives)"
customers,C900551,merged,"duplicate identity of C001338 (same signup second, channel, region; earliest id survives)"
customers,C900692,merged,"duplicate identity of C006249 (same signup second, channel, region; earliest id survives)"
customers,C900358,merged,"duplicate identity of C007294 (same signup second, channel, region; earliest id survives)"
customers,C900040,merged,"duplicate identity of C017408 (same signup second, channel, region; earliest id survives)"
customers,C900500,merged,"duplicate identity of C001748 (same signup second, channel, region; earliest id survives)"
customers,C900564,merged,"duplicate identity of C011644 (same signup second, channel, region; earliest id survives)"
customers,C900680,merged,"duplicate identity of C012907 (same signup second, channel, region; earliest id survives)"
customers,C900265,merged,"duplicate identity of C019875 (same signup second, channel, region; earliest id survives)"
customers,C900205,merged,"duplicate identity of C015758 (same signup second, channel, region; earliest id survives)"
customers,C900795,merged,"duplicate identity of C019839 (same signup second, channel, region; earliest id survives)"
customers,C900244,merged,"duplicate identity of C002326 (same signup second, channel, region; earliest id survives)"
customers,C900501,merged,"duplicate identity of C002086 (same signup second, channel, region; earliest id survives)"
customers,C900263,merged,"duplicate identity of C014047 (same signup second, channel, region; earliest id survives)"
customers,C900155,merged,"duplicate identity of C012990 (same signup second, channel, region; earliest id survives)"
customers,C900739,merged,"duplicate identity of C010183 (same signup second, channel, region; earliest id survives)"
customers,C900238,merged,"duplicate identity of C003948 (same signup second, channel, region; earliest id survives)"
customers,C900300,merged,"duplicate identity of C005562 (same signup second, channel, region; earliest id survives)"
customers,C900707,merged,"duplicate identity of C003510 (same signup second, channel, region; earliest id survives)"
customers,C900204,merged,"duplicate identity of C002222 (same signup second, channel, region; earliest id survives)"
customers,C900769,merged,"duplicate identity of C018927 (same signup second, channel, region; earliest id survives)"
customers,C900633,merged,"duplicate identity of C002580 (same signup second, channel, region; earliest id survives)"
customers,C900518,merged,"duplicate identity of C004150 (same signup second, channel, region; earliest id survives)"
customers,C900393,merged,"duplicate identity of C000485 (same signup second, channel, region; earliest id survives)"
customers,C900598,merged,"duplicate identity of C001731 (same signup second, channel, region; earliest id survives)"
customers,C900590,merged,"duplicate identity of C000719 (same signup second, channel, region; earliest id survives)"
customers,C900771,merged,"duplicate identity of C012001 (same signup second, channel, region; earliest id survives)"
customers,C900388,merged,"duplicate identity of C005558 (same signup second, channel, region; earliest id survives)"
customers,C900194,merged,"duplicate identity of C016477 (same signup second, channel, region; earliest id survives)"
customers,C900445,merged,"duplicate identity of C013348 (same signup second, channel, region; earliest id survives)"
customers,C900709,merged,"duplicate identity of C008166 (same signup second, channel, region; earliest id survives)"
customers,C900346,merged,"duplicate identity of C006601 (same signup second, channel, region; earliest id survives)"
customers,C900257,merged,"duplicate identity of C006651 (same signup second, channel, region; earliest id survives)"
customers,C900725,merged,"duplicate identity of C018919 (same signup second, channel, region; earliest id survives)"
customers,C900452,merged,"duplicate identity of C015140 (same signup second, channel, region; earliest id survives)"
customers,C900211,merged,"duplicate identity of C001605 (same signup second, channel, region; earliest id survives)"
customers,C900741,merged,"duplicate identity of C006760 (same signup second, channel, region; earliest id survives)"
customers,C900032,merged,"duplicate identity of C017881 (same signup second, channel, region; earliest id survives)"
customers,C900275,merged,"duplicate identity of C013723 (same signup second, channel, region; earliest id survives)"
customers,C900611,merged,"duplicate identity of C002268 (same signup second, channel, region; earliest id survives)"
customers,C900434,merged,"duplicate identity of C005648 (same signup second, channel, region; earliest id survives)"
customers,C900325,merged,"duplicate identity of C014013 (same signup second, channel, region; earliest id survives)"
customers,C900053,merged,"duplicate identity of C013830 (same signup second, channel, region; earliest id survives)"
customers,C900714,merged,"duplicate identity of C016145 (same signup second, channel, region; earliest id survives)"
customers,C900349,merged,"duplicate identity of C011606 (same signup second, channel, region; earliest id survives)"
customers,C900726,merged,"duplicate identity of C002233 (same signup second, channel, region; earliest id survives)"
customers,C900759,merged,"duplicate identity of C000211 (same signup second, channel, region; earliest id survives)"
customers,C900120,merged,"duplicate identity of C003571 (same signup second, channel, region; earliest id survives)"
customers,C900660,merged,"duplicate identity of C001148 (same signup second, channel, region; earliest id survives)"
customers,C900761,merged,"duplicate identity of C001912 (same signup second, channel, region; earliest id survives)"
customers,C900246,merged,"duplicate identity of C019524 (same signup second, channel, region; earliest id survives)"
customers,C900601,merged,"duplicate identity of C017841 (same signup second, channel, region; earliest id survives)"
customers,C900779,merged,"duplicate identity of C014889 (same signup second, channel, region; earliest id survives)"
customers,C900653,merged,"duplicate identity of C011998 (same signup second, channel, region; earliest id survives)"
customers,C900764,merged,"duplicate identity of C017918 (same signup second, channel, region; earliest id survives)"
customers,C900541,merged,"duplicate identity of C000327 (same signup second, channel, region; earliest id survives)"
customers,C900395,merged,"duplicate identity of C019412 (same signup second, channel, region; earliest id survives)"
customers,C900463,merged,"duplicate identity of C012864 (same signup second, channel, region; earliest id survives)"
customers,C900009,merged,"duplicate identity of C019772 (same signup second, channel, region; earliest id survives)"
customers,C900042,merged,"duplicate identity of C010407 (same signup second, channel, region; earliest id survives)"
customers,C900416,merged,"duplicate identity of C007989 (same signup second, channel, region; earliest id survives)"
customers,C900543,merged,"duplicate identity of C007439 (same signup second, channel, region; earliest id survives)"
customers,C900669,merged,"duplicate identity of C000425 (same signup second, channel, region; earliest id survives)"
customers,C900591,merged,"duplicate identity of C000140 (same signup second, channel, region; earliest id survives)"
customers,C900589,merged,"duplicate identity of C002520 (same signup second, channel, region; earliest id survives)"
customers,C900320,merged,"duplicate identity of C019184 (same signup second, channel, region; earliest id survives)"
customers,C900800,merged,"duplicate identity of C014767 (same signup second, channel, region; earliest id survives)"
customers,C900772,merged,"duplicate identity of C018843 (same signup second, channel, region; earliest id survives)"
customers,C900270,merged,"duplicate identity of C012100 (same signup second, channel, region; earliest id survives)"
customers,C900239,merged,"duplicate identity of C003190 (same signup second, channel, region; earliest id survives)"
payments,PMT-000277,finance_hold,"merchant in ['M0333'] under round-amount investigation - excluded from finance rollups, amount untouched; evidence snapshot sha256 241e8a5c7b24a2ec"
payments,PMT-001146,finance_hold,"merchant in ['M0333'] under round-amount investigation - excluded from finance rollups, amount untouched; evidence snapshot sha256 241e8a5c7b24a2ec"
payments,PMT-001420,finance_hold,"merchant in ['M0333'] under round-amount investigation - excluded from finance rollups, amount untouched; evidence snapshot sha256 241e8a5c7b24a2ec"
payments,PMT-002333,finance_hold,"merchant in ['M0333'] under round-amount investigation - excluded from finance rollups, amount untouched; evidence snapshot sha256 241e8a5c7b24a2ec"
payments,PMT-002466,finance_hold,"merchant in ['M0333'] under round-amount investigation - excluded from finance rollups, amount untouched; evidence snapshot sha256 241e8a5c7b24a2ec"
payments,PMT-002607,finance_hold,"merchant in ['M0333'] under round-amount investigation - excluded from finance rollups, amount untouched; evidence snapshot sha256 241e8a5c7b24a2ec"
payments,PMT-002700,finance_hold,"merchant in ['M0333'] under round-amount investigation - excluded from finance rollups, amount untouched; evidence snapshot sha256 241e8a5c7b24a2ec"
payments,PMT-003953,finance_hold,"merchant in ['M0333'] under round-amount investigation - excluded from finance rollups, amount untouched; evidence snapshot sha256 241e8a5c7b24a2ec"
payments,PMT-005516,finance_hold,"merchant in ['M0333'] under round-amount investigation - excluded from finance rollups, amount untouched; evidence snapshot sha256 241e8a5c7b24a2ec"
payments,PMT-006697,finance_hold,"merchant in ['M0333'] under round-amount investigation - excluded from finance rollups, amount untouched; evidence snapshot sha256 241e8a5c7b24a2ec"
payments,PMT-007044,finance_hold,"merchant in ['M0333'] under round-amount investigation - excluded from finance rollups, amount untouched; evidence snapshot sha256 241e8a5c7b24a2ec"
payments,PMT-007600,finance_hold,"merchant in ['M0333'] under round-amount investigation - excluded from finance rollups, amount untouched; evidence snapshot sha256 241e8a5c7b24a2ec"
payments,PMT-008498,finance_hold,"merchant in ['M0333'] under round-amount investigation - excluded from finance rollups, amount untouched; evidence snapshot sha256 241e8a5c7b24a2ec"
payments,PMT-008644,finance_hold,"merchant in ['M0333'] under round-amount investigation - excluded from finance rollups, amount untouched; evidence snapshot sha256 241e8a5c7b24a2ec"
payments,PMT-010388,finance_hold,"merchant in ['M0333'] under round-amount investigation - excluded from finance rollups, amount untouched; evidence snapshot sha256 241e8a5c7b24a2ec"
payments,PMT-011318,finance_hold,"merchant in ['M0333'] under round-amount investigation - excluded from finance rollups, amount untouched; evidence snapshot sha256 241e8a5c7b24a2ec"
payments,PMT-011680,finance_hold,"merchant in ['M0333'] under round-amount investigation - excluded from finance rollups, amount untouched; evidence snapshot sha256 241e8a5c7b24a2ec"
payments,PMT-011745,finance_hold,"merchant in ['M0333'] under round-amount investigation - excluded from finance rollups, amount untouched; evidence snapshot sha256 241e8a5c7b24a2ec"
payments,PMT-012445,finance_hold,"merchant in ['M0333'] under round-amount investigation - excluded from finance rollups, amount untouched; evidence snapshot sha256 241e8a5c7b24a2ec"
payments,PMT-012686,finance_hold,"merchant in ['M0333'] under round-amount investigation - excluded from finance rollups, amount untouched; evidence snapshot sha256 241e8a5c7b24a2ec"
payments,PMT-013016,finance_hold,"merchant in ['M0333'] under round-amount investigation - excluded from finance rollups, amount untouched; evidence snapshot sha256 241e8a5c7b24a2ec"
payments,PMT-013167,finance_hold,"merchant in ['M0333'] under round-amount investigation - excluded from finance rollups, amount untouched; evidence snapshot sha256 241e8a5c7b24a2ec"
payments,PMT-013375,finance_hold,"merchant in ['M0333'] under round-amount investigation - excluded from finance rollups, amount untouched; evidence snapshot sha256 241e8a5c7b24a2ec"
payments,PMT-013441,finance_hold,"merchant in ['M0333'] under round-amount investigation - excluded from finance rollups, amount untouched; evidence snapshot sha256 241e8a5c7b24a2ec"
payments,PMT-013817,finance_hold,"merchant in ['M0333'] under round-amount investigation - excluded from finance rollups, amount untouched; evidence snapshot sha256 241e8a5c7b24a2ec"
payments,PMT-014270,finance_hold,"merchant in ['M0333'] under round-amount investigation - excluded from finance rollups, amount untouched; evidence snapshot sha256 241e8a5c7b24a2ec"
payments,PMT-014307,finance_hold,"merchant in ['M0333'] under round-amount investigation - excluded from finance rollups, amount untouched; evidence snapshot sha256 241e8a5c7b24a2ec"
payments,PMT-014877,finance_hold,"merchant in ['M0333'] under round-amount investigation - excluded from finance rollups, amount untouched; evidence snapshot sha256 241e8a5c7b24a2ec"
payments,PMT-015293,finance_hold,"merchant in ['M0333'] under round-amount investigation - excluded from finance rollups, amount untouched; evidence snapshot sha256 241e8a5c7b24a2ec"
payments,PMT-016593,finance_hold,"merchant in ['M0333'] under round-amount investigation - excluded from finance rollups, amount untouched; evidence snapshot sha256 241e8a5c7b24a2ec"
payments,PMT-016652,finance_hold,"merchant in ['M0333'] under round-amount investigation - excluded from finance rollups, amount untouched; evidence snapshot sha256 241e8a5c7b24a2ec"
payments,PMT-017696,finance_hold,"merchant in ['M0333'] under round-amount investigation - excluded from finance rollups, amount untouched; evidence snapshot sha256 241e8a5c7b24a2ec"
payments,PMT-018730,finance_hold,"merchant in ['M0333'] under round-amount investigation - excluded from finance rollups, amount untouched; evidence snapshot sha256 241e8a5c7b24a2ec"
payments,PMT-018818,finance_hold,"merchant in ['M0333'] under round-amount investigation - excluded from finance rollups, amount untouched; evidence snapshot sha256 241e8a5c7b24a2ec"
payments,PMT-019483,finance_hold,"merchant in ['M0333'] under round-amount investigation - excluded from finance rollups, amount untouched; evidence snapshot sha256 241e8a5c7b24a2ec"
payments,PMT-019541,finance_hold,"merchant in ['M0333'] under round-amount investigation - excluded from finance rollups, amount untouched; evidence snapshot sha256 241e8a5c7b24a2ec"
payments,PMT-019648,finance_hold,"merchant in ['M0333'] under round-amount investigation - excluded from finance rollups, amount untouched; evidence snapshot sha256 241e8a5c7b24a2ec"
payments,PMT-019807,finance_hold,"merchant in ['M0333'] under round-amount investigation - excluded from finance rollups, amount untouched; evidence snapshot sha256 241e8a5c7b24a2ec"
payments,PMT-020130,finance_hold,"merchant in ['M0333'] under round-amount investigation - excluded from finance rollups, amount untouched; evidence snapshot sha256 241e8a5c7b24a2ec"
payments,PMT-020749,finance_hold,"merchant in ['M0333'] under round-amount investigation - excluded from finance rollups, amount untouched; evidence snapshot sha256 241e8a5c7b24a2ec"
payments,PMT-021020,finance_hold,"merchant in ['M0333'] under round-amount investigation - excluded from finance rollups, amount untouched; evidence snapshot sha256 241e8a5c7b24a2ec"
payments,PMT-021622,finance_hold,"merchant in ['M0333'] under round-amount investigation - excluded from finance rollups, amount untouched; evidence snapshot sha256 241e8a5c7b24a2ec"
payments,PMT-021659,finance_hold,"merchant in ['M0333'] under round-amount investigation - excluded from finance rollups, amount untouched; evidence snapshot sha256 241e8a5c7b24a2ec"
payments,PMT-022779,finance_hold,"merchant in ['M0333'] under round-amount investigation - excluded from finance rollups, amount untouched; evidence snapshot sha256 241e8a5c7b24a2ec"
payments,PMT-023649,finance_hold,"merchant in ['M0333'] under round-amount investigation - excluded from finance rollups, amount untouched; evidence snapshot sha256 241e8a5c7b24a2ec"
payments,PMT-024299,finance_hold,"merchant in ['M0333'] under round-amount investigation - excluded from finance rollups, amount untouched; evidence snapshot sha256 241e8a5c7b24a2ec"
payments,PMT-025282,finance_hold,"merchant in ['M0333'] under round-amount investigation - excluded from finance rollups, amount untouched; evidence snapshot sha256 241e8a5c7b24a2ec"
payments,PMT-026350,finance_hold,"merchant in ['M0333'] under round-amount investigation - excluded from finance rollups, amount untouched; evidence snapshot sha256 241e8a5c7b24a2ec"
payments,PMT-027931,finance_hold,"merchant in ['M0333'] under round-amount investigation - excluded from finance rollups, amount untouched; evidence snapshot sha256 241e8a5c7b24a2ec"
payments,PMT-029386,finance_hold,"merchant in ['M0333'] under round-amount investigation - excluded from finance rollups, amount untouched; evidence snapshot sha256 241e8a5c7b24a2ec"
payments,PMT-029440,finance_hold,"merchant in ['M0333'] under round-amount investigation - excluded from finance rollups, amount untouched; evidence snapshot sha256 241e8a5c7b24a2ec"
payments,PMT-029806,finance_hold,"merchant in ['M0333'] under round-amount investigation - excluded from finance rollups, amount untouched; evidence snapshot sha256 241e8a5c7b24a2ec"
payments,PMT-030585,finance_hold,"merchant in ['M0333'] under round-amount investigation - excluded from finance rollups, amount untouched; evidence snapshot sha256 241e8a5c7b24a2ec"
payments,PMT-030590,finance_hold,"merchant in ['M0333'] under round-amount investigation - excluded from finance rollups, amount untouched; evidence snapshot sha256 241e8a5c7b24a2ec"
payments,PMT-030656,finance_hold,"merchant in ['M0333'] under round-amount investigation - excluded from finance rollups, amount untouched; evidence snapshot sha256 241e8a5c7b24a2ec"
payments,PMT-031405,finance_hold,"merchant in ['M0333'] under round-amount investigation - excluded from finance rollups, amount untouched; evidence snapshot sha256 241e8a5c7b24a2ec"
payments,PMT-031577,finance_hold,"merchant in ['M0333'] under round-amount investigation - excluded from finance rollups, amount untouched; evidence snapshot sha256 241e8a5c7b24a2ec"
payments,PMT-031788,finance_hold,"merchant in ['M0333'] under round-amount investigation - excluded from finance rollups, amount untouched; evidence snapshot sha256 241e8a5c7b24a2ec"
payments,PMT-031944,finance_hold,"merchant in ['M0333'] under round-amount investigation - excluded from finance rollups, amount untouched; evidence snapshot sha256 241e8a5c7b24a2ec"
payments,PMT-032858,finance_hold,"merchant in ['M0333'] under round-amount investigation - excluded from finance rollups, amount untouched; evidence snapshot sha256 241e8a5c7b24a2ec"
payments,PMT-033628,finance_hold,"merchant in ['M0333'] under round-amount investigation - excluded from finance rollups, amount untouched; evidence snapshot sha256 241e8a5c7b24a2ec"
payments,PMT-033670,finance_hold,"merchant in ['M0333'] under round-amount investigation - excluded from finance rollups, amount untouched; evidence snapshot sha256 241e8a5c7b24a2ec"
payments,PMT-033974,finance_hold,"merchant in ['M0333'] under round-amount investigation - excluded from finance rollups, amount untouched; evidence snapshot sha256 241e8a5c7b24a2ec"
payments,PMT-034466,finance_hold,"merchant in ['M0333'] under round-amount investigation - excluded from finance rollups, amount untouched; evidence snapshot sha256 241e8a5c7b24a2ec"
payments,PMT-034514,finance_hold,"merchant in ['M0333'] under round-amount investigation - excluded from finance rollups, amount untouched; evidence snapshot sha256 241e8a5c7b24a2ec"
payments,PMT-035796,finance_hold,"merchant in ['M0333'] under round-amount investigation - excluded from finance rollups, amount untouched; evidence snapshot sha256 241e8a5c7b24a2ec"
payments,PMT-036022,finance_hold,"merchant in ['M0333'] under round-amount investigation - excluded from finance rollups, amount untouched; evidence snapshot sha256 241e8a5c7b24a2ec"
payments,PMT-036561,finance_hold,"merchant in ['M0333'] under round-amount investigation - excluded from finance rollups, amount untouched; evidence snapshot sha256 241e8a5c7b24a2ec"
payments,PMT-038539,finance_hold,"merchant in ['M0333'] under round-amount investigation - excluded from finance rollups, amount untouched; evidence snapshot sha256 241e8a5c7b24a2ec"
payments,PMT-038689,finance_hold,"merchant in ['M0333'] under round-amount investigation - excluded from finance rollups, amount untouched; evidence snapshot sha256 241e8a5c7b24a2ec"
payments,PMT-039745,finance_hold,"merchant in ['M0333'] under round-amount investigation - excluded from finance rollups, amount untouched; evidence snapshot sha256 241e8a5c7b24a2ec"
payments,PMT-039988,finance_hold,"merchant in ['M0333'] under round-amount investigation - excluded from finance rollups, amount untouched; evidence snapshot sha256 241e8a5c7b24a2ec"
payments,PMT-040056,finance_hold,"merchant in ['M0333'] under round-amount investigation - excluded from finance rollups, amount untouched; evidence snapshot sha256 241e8a5c7b24a2ec"
payments,PMT-040658,finance_hold,"merchant in ['M0333'] under round-amount investigation - excluded from finance rollups, amount untouched; evidence snapshot sha256 241e8a5c7b24a2ec"
payments,PMT-040888,finance_hold,"merchant in ['M0333'] under round-amount investigation - excluded from finance rollups, amount untouched; evidence snapshot sha256 241e8a5c7b24a2ec"
payments,PMT-041832,finance_hold,"merchant in ['M0333'] under round-amount investigation - excluded from finance rollups, amount untouched; evidence snapshot sha256 241e8a5c7b24a2ec"
payments,PMT-042123,finance_hold,"merchant in ['M0333'] under round-amount investigation - excluded from finance rollups, amount untouched; evidence snapshot sha256 241e8a5c7b24a2ec"
payments,PMT-042937,finance_hold,"merchant in ['M0333'] under round-amount investigation - excluded from finance rollups, amount untouched; evidence snapshot sha256 241e8a5c7b24a2ec"
payments,PMT-043437,finance_hold,"merchant in ['M0333'] under round-amount investigation - excluded from finance rollups, amount untouched; evidence snapshot sha256 241e8a5c7b24a2ec"
payments,PMT-044396,finance_hold,"merchant in ['M0333'] under round-amount investigation - excluded from finance rollups, amount untouched; evidence snapshot sha256 241e8a5c7b24a2ec"
payments,PMT-045617,finance_hold,"merchant in ['M0333'] under round-amount investigation - excluded from finance rollups, amount untouched; evidence snapshot sha256 241e8a5c7b24a2ec"
payments,PMT-045709,finance_hold,"merchant in ['M0333'] under round-amount investigation - excluded from finance rollups, amount untouched; evidence snapshot sha256 241e8a5c7b24a2ec"
payments,PMT-045886,finance_hold,"merchant in ['M0333'] under round-amount investigation - excluded from finance rollups, amount untouched; evidence snapshot sha256 241e8a5c7b24a2ec"
